-- phpMyAdmin SQL Dump
-- version 5.2.1
-- https://www.phpmyadmin.net/
--
-- Host: 127.0.0.1
-- Generation Time: Apr 09, 2025 at 10:53 AM
-- Server version: 10.4.32-MariaDB
-- PHP Version: 8.2.12

SET SQL_MODE = "NO_AUTO_VALUE_ON_ZERO";
START TRANSACTION;
SET time_zone = "+00:00";


/*!40101 SET @OLD_CHARACTER_SET_CLIENT=@@CHARACTER_SET_CLIENT */;
/*!40101 SET @OLD_CHARACTER_SET_RESULTS=@@CHARACTER_SET_RESULTS */;
/*!40101 SET @OLD_COLLATION_CONNECTION=@@COLLATION_CONNECTION */;
/*!40101 SET NAMES utf8mb4 */;

--
-- Database: `project_film`
--

-- --------------------------------------------------------

--
-- Table structure for table `baiviet`
--

CREATE TABLE `baiviet` (
  `Id` int(11) NOT NULL,
  `ChuDeBV` int(11) NOT NULL,
  `TenBV` varchar(255) NOT NULL,
  `LienKet` varchar(255) DEFAULT NULL,
  `ChiTiet` text DEFAULT NULL,
  `Anh` varchar(255) DEFAULT NULL,
  `KieuBV` varchar(255) DEFAULT NULL,
  `MoTa` text NOT NULL,
  `TuKhoa` varchar(255) NOT NULL,
  `NguoiTao` int(11) NOT NULL,
  `NgayTao` datetime NOT NULL,
  `NguoiCapNhat` int(11) DEFAULT NULL,
  `NgayCapNhat` datetime DEFAULT NULL,
  `TrangThai` tinyint(1) NOT NULL
) ENGINE=InnoDB DEFAULT CHARSET=utf8 COLLATE=utf8_general_ci;

--
-- Dumping data for table `baiviet`
--

INSERT INTO `baiviet` (`Id`, `ChuDeBV`, `TenBV`, `LienKet`, `ChiTiet`, `Anh`, `KieuBV`, `MoTa`, `TuKhoa`, `NguoiTao`, `NgayTao`, `NguoiCapNhat`, `NgayCapNhat`, `TrangThai`) VALUES
(2, 4, 'Chuyện Gì Đã Xảy Ra Trong Linh Miêu: Quỷ Nhập Tràng?', 'chuyen-gi-da-xay-ra-trong-linh-mieu:-quy-nhap-trang?', 'Để chuẩn bị cho cuộc đổ bộ phòng vé tháng 11 năm nay, Linh Miêu: Quỷ Nhập Tràng tiếp tục “nhá hàng” những hình ảnh tiết lộ thêm về nguồn gốc của lời nguyền. Khi mà giờ đây, trong gia đình phát hiện có người đã làm tà thuật để kết hợp rắn hổ mang và mèo đe', '673072a4669e3.jpg', 'blog', 'Để chuẩn bị cho cuộc đổ bộ phòng vé tháng 11 năm nay, Linh Miêu: Quỷ Nhập Tràng tiếp tục “nhá hàng” những hình ảnh tiết lộ thêm về nguồn gốc của lời nguyền. Khi mà giờ đây, trong gia đình phát hiện có người đã làm tà thuật để kết hợp rắn hổ mang và mèo đe', 'Venom', 3, '2024-11-10 09:35:08', 3, '2025-03-25 21:39:25', 0),
(3, 4, 'Đếm 500 Cameo Từ Deadpool & Wolverine', 'dém-500-cameo-tù-deadpool-&-wolverine', 'Là canh bạc lớn Marvel Studios đối phó cơn thoái trào dòng phim siêu anh hùng, Deadpool & Wolverine tung ra hàng loạt chiêu bài lôi kéo khán giả. Dĩ nhiên, những quả trứng Phục Sinh liên quan đến các dự án siêu anh hùng cũ và mới là yếu tố cực kì quan trọng để nhà sản xuất “câu khách”! Stars nắm được bao nhiêu chi tiết ẩn khi xem bộ phim chiếu rạp này? Happy Hogan Từ vai trò tài xế cho Tony Stark, Happy thăng tiến tốc độ chóng mặt và nay đã ngồi vào ghế phỏng vấn tuyển dụng ở  tập đoàn Stark. Không may, Happy thẳng thừng từ chối Wade Wilson dù gã phản anh hùng có màn phỏng vấn xin việc cực kì ấn tượng. Henry Cavill Chỉ xuất hiện đúng một cảnh quay, Henry Cavill và bắp tay khổng lồ gây ấn tượng cực kì sâu sắc. Dù rất nhiều lời đồn đoán rằng “Harry Potter” Daniel Radcliffe sẽ vào vai Wolverine bản mới, có lẽ, Henry Cavill mới là lựa chọn thích hợp hơn. Deadpool còn khẳng định Marvel trả lương cao hơn DC! Johnny Thiên Thần Chắc chắn, khoảnh khắc Chris Evans thốt ra “Flame on!” là một trong những cảnh phim đáng nhớ nhất Deadpool & Wolverine. Những khán giả xem phim siêu anh hùng từ những năm đầu thế kỉ chắc hẳn khó quên Johnny Storm háo thắng bốc đồng ở Fantastic Four (2005) và Fantastic Four: Rise of the Silver Surfer (2007). Những năm gần đây, Chris Evans ghi dấu ấn toàn cầu nhờ hình ảnh “thanh niên nghiêm túc” Captain America. Steve đĩnh đạc thích nhắc nhở các đồng đội “language” trong các bộ phim thuộc vũ trụ điện ảnh Marvel và Human Torch trẻ trâu khác nhau quá đỗi. Công chúng còn đùa vui rằng, xét bản tính tếu táo ngoài đời, Johnny Storm gần với Chris Evans hơn Steve Rogers nhiều.  Gambit Khoảng năm 2014, Fox muốn sản xuất Gambit và chọn Channing Tatum làm nam chính. Thế nhưng, dự án này đã chết yểu trước khi ra mắt. Cáo về tay nhà Chuột, bộ phim riêng cho “thần bài” trở thành điệp vụ bất khả thi. Chính bản thân Channing Tatum cũng chẳng ít lần bày tỏ nỗi thất vọng vì không thể diễn nhân vật này trên màn ảnh. May mắn thay, Deadpool & Wolverine tặng anh cơ hội được khoác lên người tạo hình ngày nhớ đêm mong ấy. “Gambit” Channing Tatum rất thích nói những câu đạo lí, thi thoảng chèn vào lời tự sự về thân phận chẳng biết có tồn tại hay không của bản thân. Dẫu sao thì, Channing Tatum lỡ mất Gambit biết đâu lại tốt, bởi hầu hết công chúng đều bày tỏ Taylor Kitsch (Gambit trong X-Men Origins: Wolverine) hợp vai hơn hẳn. Elektra và Blade Ở tuổi 52, Jennifer Garner vẫn quá đẹp ở tạo hình Elektra bản 2024. Nữ chiến binh từng làm mưa làm gió một thời bởi thân hình quá quyến rũ dù tác phẩm lỗ chổng vó tại các rạp chiếu phim toàn cầu. Khác với Elektra, Blade do Wesley Snipes thủ vai thành công hơn hẳn, sản xuất tận 3 phần. Đặc biệt, Blade: Trinity còn Ryan Reynolds góp mặt. Trong Deadpool & Wolverine, Deadpool nói rằng anh là Blade duy nhất. Đây có phải là dấu hiệu cho thấy Blade phiên bản mới của Mahershala Ali sẽ chìm vào quên lãng mãi mãi? Suốt 5 năm qua, Blade đã đổi biên kịch nhiều lần, vẫn chưa đi vào quá trình sản xuất và Mahershala Ali cũng vắng bóng tại Comic-Con San Diego vừa qua. Xưa nay, không ít lần Marvel Studios ra tay “xử trảm” những dự án từng được kì vọng nếu cảm thấy chúng lỗi thời. Inhumans là ví dụ điển hình. Tại kì Comic-Con lần này, Marvel Studios đã công bố hàng loạt dự án cho các năm 2025-2026: - Captain America: Brave New World (Dự kiến khởi chiếu 14.02.2025) - Thunderbolts (Dự kiến khởi chiếu 05.2025) - The Fantastic Four: First Steps (Dự kiến khởi chiếu 07.2025) - Avengers: Doomsday (Dự kiến khởi chiếu 05.2026) - Avengers: Secret Wars (Dự kiến khởi chiếu 05.2027) Cơ hội dành cho Blade dường như chẳng còn! X-23 Năm 2017, cuộc phiêu lưu đầy máu của Logan và cô bé X-23 Laura đã lấy đi hàng lít nước mắt  khán giả. Thật tuyệt vời khi lại thấy Hugh Jackman và Dafne Keen xuất hiện chung khung hình ở Deadpool & Wolverine. Dù không nhiều đất diễn, Laura chứng minh rõ ràng rằng cô bé xứng đáng với sự hi sinh của Logan!  Avengers Iron Man, Captian America và Thor – những Avengers kì cựu cũng được nhắc đến trong Deadpool & Wolverine. Điều này phần nào chứng minh Trái Đất 10005 mà Wade Wilson đang sống vẫn là vũ trụ gốc – cốt lõi MCU. Dẫu vậy, với một tác phẩm nhiều lần phá vỡ “bức tường thứ 4” như Deadpool & Wolverine, không gì là chắc chắn cả. Spiderman SpideyPool là bộ đôi được yêu thích hàng đầu dàn comic Marvel. Trong Deadpool & Wolverine, khoảnh khắc trên xe, Deadpool dùng cử chỉ phóng tơ của Người Nhện. Thêm vào đó, câu thoại “Mọi Deadpool đều có một Peter.” tiếp tục ẩn ý về Peter Parker lừng danh. Liệu người hâm mộ SpideyPool có cơ hội chứng kiến màn song kiếm hợp bích trên màn ảnh rộng? Và nếu điều tuyệt vời ấy xảy ra thì Tobey Maguire, Andrew Garfield hay Tom Holland sẽ là Người Nhện sánh vai cùng “Deadpool” Ryan Reynolds? X-Men Deadpool & Wolverine dành một đoạn phim tri ân vũ trụ điện ảnh Marvel thuộc Fox với những dị nhân quen thuộc như Charlie Xavier (Patrick Stewart / James McAvoy), Magneto (Ian McKellen / Michael Fassbender), Mystique, Jean Grey, Cyclops, Storm, Quicksilver… Hiện vẫn chưa có thông tin nào việc Marvel sẽ sử dụng dàn diễn viên cũ hay tuyển diễn viên mới cho các phim tiếp theo về Dị Nhân. Credit suýt có Doctor Doom Cùng với việc Deadpool & Wolverine làm mưa làm gió tại các rạp chiếu phim toàn cầu, Marvel Studios àm dậy sóng tại Comic-Con vì hé lộ Robert Downey Jr. tiếp tục đeo lên chiếc mặt nạ mới và trở thành phản diện Doctor Doom. Được biết, sau khi diễn viên thủ vai Kang - Jonathan Majors vướng vòng lao lí, hãng từng liên lạc với Robert Downey Jr. về việc quay lại MCU. Marvel cũng lên kế hoạch cho Doctor Doom xuất hiện ở credit Deadpool & Wolverine. Tuy nhiên, việc này không thành vì lúc đó Robert từ chối. Thời gian sau, ngôi sao đoạt tượng vàng Oscar năm nay mới gật đầu. Dẫu sao, thay Doctor Doom bùng nổ, Deadpool & Wolverine bù lại bằng một after credit cực hài, chắc chắn sẽ khiến khán giả cười ngất ngay cả lúc đã ra khỏi rạp chiếu phim.', '673073b3bdae8.jpg,673073b3bdc3f.jpg', 'blog', 'Là canh bạc lớn Marvel Studios đối phó cơn thoái trào dòng phim siêu anh hùng, Deadpool & Wolverine tung ra hàng loạt chiêu bài lôi kéo khán giả. Dĩ nhiên, những quả trứng Phục Sinh liên quan đến các dự án siêu anh hùng cũ và mới là yếu tố cực kì quan trọng để nhà sản xuất “câu khách”!', 'Cameo', 3, '2024-11-10 09:40:51', 3, '2025-03-25 21:39:27', 0),
(4, 4, 'Mickey 17: Châm Biếm Trò Hề Của Tư Bản?', 'mickey-17:-cham-biem-tro-he-cua-tu-ban?', 'Kickey 17 là tác phẩm khoa học viễn tưởng đầy tham vọng của đạo diễn Bong Joon Ho, dựa trên tiểu thuyết  của Edward Ashton. Phim mở ra viễn cảnh tương lai nơi nhân loại chinh phục vũ trụ bằng phương thức vượt qua giới hạn sinh học. Nhân vật chính, một \"Expendable\" – tức cá thể nhân bản mang tên Mickey, được lập trình để thực hiện những nhiệm vụ nguy hiểm nhất, hy sinh rồi tái sinh liên tục theo vòng tuần hoàn. Tuy nhiên, khi nhận thức bản thân dần thay đổi, anh đối mặt với hàng loạt câu hỏi về bản chất sinh tồn.', '67da81c733b32.jpg', 'blog', 'hey', 'mickey17', 3, '2025-03-19 15:35:19', 3, '2025-03-25 21:39:28', 0),
(5, 4, '[Review] Flow: Kịch Bản Là Thứ Quan Trọng Nhất!', '[review]-flow:-kich-ban-la-thu-quan-trong-nhat!', 'Nếu là người thích hoài niệm về thời xưa cũ, Flow  gợi nhớ đến những phim câm kinh điển thế kỉ 20. Ai đam mê điện ảnh mà chưa từng say mê loạt phim câm từ ông hoàng Charlie Chaplin hay quen thuộc với tuổi thơ hơn cả là câu chuyện huyền thoại. Đoàn phim đã sử dụng giọng thật của các con vật để lồng tiếng. Kĩ sư âm thanh đã vào tận sở thú thu tiếng capybara. Tuy nhiên, giọng chuột lang nước lại chưa phù hợp tính cách nhân vật. Cuối cùng, đoàn phim quyết định “nhờ” một bạn lạc đà thay thế. Ngoài ra, phải cảm ơn cô mèo cam Miut đã lồng tiếng thật truyền cảm cho mèo xám. Nhờ tiếng kêu meo chạm tới tận con tim, dù người xem nào phải “nhà meo học” cũng hiểu được em mèo xám muốn thể hiện cảm xúc gì. Tương tự, tiếng chó sủa mỗi lần đều mang sắc thái khác nhau.', '67da824ceb91d.jpg', 'blog', 'hehe', 'flow', 3, '2025-03-19 15:37:32', 3, '2025-03-25 21:39:29', 0),
(6, 7, 'ĐÃI BẠN SIÊU THÂN', 'dai-ban-sieu-than', 'ĐÃI BẠN SIÊU THÂN\r\n+ Tặng ngay 01 PEPSI “ĐÃ KHÁT” khi mua 2 vé xem phim suất chiếu trước 19h.\r\n+ Chỉ với 59.000đ có ngay COMBO “ĐÃ KHÁT ĐÃ THÈM” (1 Bắp + 1 nước).\r\n* Ưu đãi áp dụng từ: 04.01.2025 – 28.01.2025.\r\n\r\n* Áp dụng cho tất cả các cụm rạp tại Hồ Chí Minh, Hà Nội và Huế.\r\n\r\n* Số lượng có hạn trong ngày.', '67e2bf0e5735b.jpg', 'tintuc', '+ Tặng ngay 01 PEPSI “ĐÃ KHÁT” khi mua 2 vé xem phim suất chiếu trước 19h.\r\n+ Chỉ với 59.000đ có ngay COMBO “ĐÃ KHÁT ĐÃ THÈM” (1 Bắp + 1 nước).\r\n* Ưu đãi áp dụng từ: 04.01.2025 – 28.01.2025.\r\n\r\n* Áp dụng cho tất cả các cụm rạp tại Hồ Chí Minh, Hà Nội và Huế.\r\n\r\n* Số lượng có hạn trong ngày.', '#daibansieuthan', 3, '2025-03-25 21:34:10', 3, '2025-03-25 21:34:54', 1),
(7, 8, 'OPERA HOUSE', 'opera-house', 'OPERA HOUSE\r\nChứng kiến sự hùng vĩ ở trung tâm thành phố\r\n\r\nTrải nghiệm những buổi biểu diễn nghệ thuật đẳng cấp tại Nhà Hát Lớn Đà Lạt mang tính biểu tượng, đang ẩn mình trong kiệt tác kiến trúc Tòa nhà Hoa Hướng Dương tại Quảng trường Lâm Viên.\r\n\r\nNhững sự kiện khó quên: Chứng kiến các buổi hòa nhạc, vở kịch, cuộc thi sắc đẹp, dạ tiệc và các tác phẩm hoành tráng trong không gian tuyệt đẹp.\r\n\r\nCông nghệ hiện đại: Đắm mình trong hệ thống âm thanh và ánh sáng chuyên nghiệp nâng tầm mọi màn trình diễn.\r\n\r\nVị trí đắc địa và thuận tiện ngay trung tâm Đà Lạt, tăng thêm trải nghiệm khó quên.\r\n\r\nNhà Hát Lớn Đà Lạt - Nơi hội tụ những tuyệt tác hiện đại', '67e2bf77c0889.png', 'tintuc', 'Chứng kiến sự hùng vĩ ở trung tâm thành phố\r\n\r\nTrải nghiệm những buổi biểu diễn nghệ thuật đẳng cấp tại Nhà Hát Lớn Đà Lạt mang tính biểu tượng, đang ẩn mình trong kiệt tác kiến trúc Tòa nhà Hoa Hướng Dương tại Quảng trường Lâm Viên.\r\n\r\nNhững sự kiện khó quên: Chứng kiến các buổi hòa nhạc, vở kịch, cuộc thi sắc đẹp, dạ tiệc và các tác phẩm hoành tráng trong không gian tuyệt đẹp.\r\n\r\nCông nghệ hiện đại: Đắm mình trong hệ thống âm thanh và ánh sáng chuyên nghiệp nâng tầm mọi màn trình diễn.\r\n\r\nVị trí đắc địa và thuận tiện ngay trung tâm Đà Lạt, tăng thêm trải nghiệm khó quên.\r\n\r\nNhà Hát Lớn Đà Lạt - Nơi hội tụ những tuyệt tác hiện đại', '#OPERAHOUSE', 3, '2025-03-25 21:36:39', 3, '2025-03-25 21:36:39', 1),
(8, 9, 'C’STUDENT - 45K CHO HỌC SINH SINH VIÊN', 'c’student---45k-cho-hoc-sinh-sinh-vien', 'C’STUDENT - 45K CHO HỌC SINH SINH VIÊN \r\nĐồng giá 45K/2D cho HSSV/GV/U22 cả tuần tại mọi cụm rạp Cinestar\r\n\r\nĐiều kiện\r\n\r\nHSSV xuất trình thẻ HSSV hoặc CCCD từ dưới 22 tuổi.\r\nGiảng viên/ giáo viên xuất trình thẻ giảng viên.\r\nLưu ý\r\n\r\nMỗi thẻ mua được một vé.\r\nKhông áp dụng cho các ngày Lễ, Tết, hoặc suất chiếu có phụ thu từ nhà phát hành phim.', '67e2bfd4f0262.png', 'tintuc', 'Đồng giá 45K/2D cho HSSV/GV/U22 cả tuần tại mọi cụm rạp Cinestar\r\n\r\nĐiều kiện\r\n\r\nHSSV xuất trình thẻ HSSV hoặc CCCD từ dưới 22 tuổi.\r\nGiảng viên/ giáo viên xuất trình thẻ giảng viên.\r\nLưu ý\r\n\r\nMỗi thẻ mua được một vé.\r\nKhông áp dụng cho các ngày Lễ, Tết, hoặc suất chiếu có phụ thu từ nhà phát hành phim.', 'C’STUDENT - 45K CHO HỌC SINH SINH VIÊN', 3, '2025-03-25 21:38:12', 3, '2025-03-25 21:38:12', 1),
(9, 9, 'C\'TEN - HAPPY HOUR - 45K/ 2D MỐC 10H', 'c-ten---happy-hour---45k/-2d-moc-10h', 'C\'TEN - HAPPY HOUR - 45K/ 2D MỐC 10H \r\nÁp dụng giá 45K/ 2D và 55K/ 3D cho khách hàng xem phim trước 10h sáng và sau 10h tối.\r\n\r\nĐiều kiện\r\n\r\nÁp dụng tại App/Web Cinestar hoặc mua trực tiếp tại rạp.\r\nLưu ý\r\n\r\nKhông áp dụng cho các ngày lễ/tết.', '67e2bfea3d6cf.png', 'tintuc', 'Áp dụng giá 45K/ 2D và 55K/ 3D cho khách hàng xem phim trước 10h sáng và sau 10h tối.\r\n\r\nĐiều kiện\r\n\r\nÁp dụng tại App/Web Cinestar hoặc mua trực tiếp tại rạp.\r\nLưu ý\r\n\r\nKhông áp dụng cho các ngày lễ/tết.', 'C\'TEN - HAPPY HOUR - 45K/ 2D MỐC 10H', 3, '2025-03-25 21:38:34', 3, '2025-03-25 21:38:34', 1),
(10, 9, 'C\'MONDAY - HAPPY DAY - ĐỒNG GIÁ 45K/ 2D', 'c-monday---happy-day---dong-gia-45k/-2d', 'C\'MONDAY - HAPPY DAY - ĐỒNG GIÁ 45K/ 2D \r\nĐồng giá 45K/2D, 55K/3D vào thứ 2 hàng tuần\r\n\r\nĐiều kiện\r\n\r\nÁp dụng cho các suất chiếu vào ngày thứ 2 hàng tuần.\r\nMua vé trực tiếp tại App/Web Cinestar hoặc mua trực tiếp tại rạp.\r\nLưu ý\r\n\r\nKhông áp dụng cho các ngày lễ/tết', '67e2bffe160f7.jpg', 'tintuc', 'Đồng giá 45K/2D, 55K/3D vào thứ 2 hàng tuần\r\n\r\nĐiều kiện\r\n\r\nÁp dụng cho các suất chiếu vào ngày thứ 2 hàng tuần.\r\nMua vé trực tiếp tại App/Web Cinestar hoặc mua trực tiếp tại rạp.\r\nLưu ý\r\n\r\nKhông áp dụng cho các ngày lễ/tết', 'C\'MONDAY - HAPPY DAY - ĐỒNG GIÁ 45K/ 2D', 3, '2025-03-25 21:38:54', 3, '2025-03-25 21:38:54', 1),
(11, 9, 'C\'MEMBER - HAPPY MEMBER’S DAY - GIÁ CHỈ 45K/ 2D', 'c-member---happy-member’s-day---gia-chi-45k/-2d', 'C\'MEMBER - HAPPY MEMBER’S DAY - GIÁ CHỈ 45K/ 2D\r\nÁp dụng giá 45K/ 2D và 55K/ 3D cho khách hàng là thành viên Cinestar vào ngày thứ 4 hàng tuần.\r\n\r\nĐiều kiện\r\n\r\nKhách hàng là thành viên C’FRIEND hoặc C’VIP của Cinestar.\r\nÁp dụng khi mua trực tiếp tại rạp.\r\nLưu ý\r\n\r\nGiảm thêm 10% giá trị hóa đơn bắp nước cho chủ thẻ C’FRIEND và 15% cho chủ thẻ C’VIP.\r\nKhông áp dụng cho các ngày lễ/tết.', '67e2c00fb33ce.png', 'tintuc', 'Áp dụng giá 45K/ 2D và 55K/ 3D cho khách hàng là thành viên Cinestar vào ngày thứ 4 hàng tuần.\r\n\r\nĐiều kiện\r\n\r\nKhách hàng là thành viên C’FRIEND hoặc C’VIP của Cinestar.\r\nÁp dụng khi mua trực tiếp tại rạp.\r\nLưu ý\r\n\r\nGiảm thêm 10% giá trị hóa đơn bắp nước cho chủ thẻ C’FRIEND và 15% cho chủ thẻ C’VIP.\r\nKhông áp dụng cho các ngày lễ/tết.', 'C\'MEMBER - HAPPY MEMBER’S DAY - GIÁ CHỈ 45K/ 2D', 3, '2025-03-25 21:39:11', 3, '2025-03-25 21:39:11', 1),
(12, 9, 'CƠN BÃO “SALE” SIÊU KHỦNG TẠI BHD STAR', 'con-bao-“sale”-sieu-khung-tai-bhd-star', 'ĐÓN NHẬN CƠN BÃO “SALE” SIÊU KHỦNG KHIẾP TẠI BHD STAR CINEPLEX.\r\n\r\n+ Tặng ngay 01 PEPSI (trị giá 36.000đ) khi mua 2 vé xem phim bất kì.\r\n\r\n+ Chỉ với 59.000đ có ngay COMBO “ĐÃ KHÁT ĐÃ THÈM” (1 Bắp + 1 nước).\r\n\r\n* Ưu đãi áp dụng từ: 04.01.2024 – 28.01.2025 (Không giới hạn số lần sử dụng).\r\n\r\n* Áp dụng cho tất cả các cụm rạp tại Hồ Chí Minh, Hà Nội và Huế.', '67e2c054c642b.jpg', 'tintuc', 'ĐÓN NHẬN CƠN BÃO “SALE” SIÊU KHỦNG KHIẾP TẠI BHD STAR CINEPLEX.\r\n\r\n+ Tặng ngay 01 PEPSI (trị giá 36.000đ) khi mua 2 vé xem phim bất kì.\r\n\r\n+ Chỉ với 59.000đ có ngay COMBO “ĐÃ KHÁT ĐÃ THÈM” (1 Bắp + 1 nước).\r\n\r\n* Ưu đãi áp dụng từ: 04.01.2024 – 28.01.2025 (Không giới hạn số lần sử dụng).\r\n\r\n* Áp dụng cho tất cả các cụm rạp tại Hồ Chí Minh, Hà Nội và Huế.', 'CƠN BÃO “SALE” SIÊU KHỦNG TẠI BHD STAR', 3, '2025-03-25 21:40:20', 3, '2025-03-25 21:40:20', 1),
(13, 8, 'COMBO “ÁO THUN BHDS x SAIGONINK” SIÊU CHẤT', 'combo-“ao-thun-bhds-x-saigonink”-sieu-chat', 'Công nghệ in hiện đại mang lại những sản phẩm áo thun BST Halloween của BHDS & SaigonInk có hình in sắc nét, màu sắc sinh động', '67e2c0b24a690.jpg', 'tintuc', 'Công nghệ in hiện đại mang lại những sản phẩm áo thun BST Halloween của BHDS & SaigonInk có hình in sắc nét, màu sắc sinh động', 'COMBO “ÁO THUN BHDS x SAIGONINK” SIÊU CHẤT', 3, '2025-03-25 21:41:54', 3, '2025-03-25 21:41:54', 1),
(14, 9, 'COMBO “TÚI TOLE & QUAI XÁCH LY”', 'combo-“tui-tole-&-quai-xach-ly”', 'Mua combo bắp nước kèm túi tole hoặc quai xách ly siêu xinh với giá siêu ưu đãi', '67e2c0e60f080.jpg', 'tintuc', 'Mua combo bắp nước kèm túi tole hoặc quai xách ly siêu xinh với giá siêu ưu đãi', 'COMBO “TÚI TOLE & QUAI XÁCH LY”', 3, '2025-03-25 21:42:46', 3, '2025-03-25 21:42:46', 1),
(15, 9, 'Happy Day - Vé Chỉ Từ 45K', 'happy-day---ve-chi-tu-45k', 'Thưởng thức bom tấn cả ngày không lo về giá. \r\nƯu đãi 50.000đ/vé 2D áp dụng tại cụm rạp: Galaxy Linh Trung, Galaxy Quang Trung, Galaxy Long Xuyên, Galaxy GO!Mall Bà Rịa, Galaxy Đà Nẵng, Galaxy Vinh, Galaxy Cà Mau. \r\nƯu đãi 55.000đ/vé 2D áp dụng tại cụm rạp: Galaxy Tân Bình, Galaxy Nguyễn Du, Galaxy Kinh Dương Vương, Galaxy Trung Chánh, Galaxy Huỳnh Tấn Phát, Galaxy Nguyễn Văn Quá, Galaxy Trường Chinh, Galaxy Mipec Long Biên, Galaxy Bến Tre, Galaxy Hải Phòng, Galaxy Buôn Ma Thuột, Galaxy Nha Trang. Ưu đãi 70.000đ/vé 2D áp dụng tại rạp: Galaxy Sala. \r\nƯu đãi 45.000đ/vé 2D áp dụng tại rạp: Galaxy Aeon Huế. Ưu đãi 60.000đ/vé 2D áp dụng tại rạp: Galaxy Parc Mall Q8.\r\n', '67e2c142124c6.jpg', 'tintuc', 'Thưởng thức bom tấn cả ngày không lo về giá. \r\nƯu đãi 50.000đ/vé 2D áp dụng tại cụm rạp: Galaxy Linh Trung, Galaxy Quang Trung, Galaxy Long Xuyên, Galaxy GO!Mall Bà Rịa, Galaxy Đà Nẵng, Galaxy Vinh, Galaxy Cà Mau. \r\nƯu đãi 55.000đ/vé 2D áp dụng tại cụm rạp: Galaxy Tân Bình, Galaxy Nguyễn Du, Galaxy Kinh Dương Vương, Galaxy Trung Chánh, Galaxy Huỳnh Tấn Phát, Galaxy Nguyễn Văn Quá, Galaxy Trường Chinh, Galaxy Mipec Long Biên, Galaxy Bến Tre, Galaxy Hải Phòng, Galaxy Buôn Ma Thuột, Galaxy Nha Trang. Ưu đãi 70.000đ/vé 2D áp dụng tại rạp: Galaxy Sala. \r\nƯu đãi 45.000đ/vé 2D áp dụng tại rạp: Galaxy Aeon Huế. Ưu đãi 60.000đ/vé 2D áp dụng tại rạp: Galaxy Parc Mall Q8.\r\n', 'Happy Day - Vé Chỉ Từ 45K', 3, '2025-03-25 21:44:18', 3, '2025-03-25 21:44:18', 1),
(16, 9, 'Xem Phim Hay – Ngất Ngây Cùng Bánh Phồng Dế Rec Rec', 'xem-phim-hay-–-ngat-ngay-cung-banh-phong-de-rec-rec', 'Bánh Phồng Dế Rec Rec – Snack Dế giàu đạm nhiều dinh dưỡng. \r\nĐi xem phim nhâm nhi bắp rang từ lâu đã là một trải nghiệm quá quen thuộc, nếu vẫn còn phân vân giữa các vị bắp khác nhau thì Galaxy Cinema mời Stars “đổi gió” với snack Rec Rec ngon mà không nhàm chán! Bánh Phồng Dế Rec Rec mang nhiều hương vị đa dạng để Stars có cơ hội thưởng thức trọn vị thơm ngon đậm đà. Vị Mala: mang đến tinh túy từ Tứ Xuyên với vị cay kết hợp từ hạt tiêu và ớt, phù hợp với những ai muốn trải nghiệm sự kích thích vị giác một cách tuyệt đối. Vị Gochujang: Kết hợp các loại nguyên liệu bột đỏ, đậu ớt và đậu nành lên men để cho ra mùi vị ngọt ấm pha chút cay nhẹ. Dễ ăn dễ nghiện. Vị Tom Yum: Chất chua cay trong chanh, sả, ớt và riềng biến từng miếng snack thật đậm vị hấp dẫn mang dấu ấn rõ nét từ ẩm thực Thái Lan. Đến Galaxy Cinema thử ngay Bánh Phồng Dế Rec Rec – Snack Hảo Hạng Đồng Hành Cho Sức Khỏe Không Giới Hạn. \r\nThời gian: từ ngày 05.04.2024. Giá bán: 35.000vnđ/bịch (extra 25.000vnđ/bịch). \r\nĐịa điểm: Các cụm rạp Galaxy Cinema tại TP.HCM.', '67e2c195b7ac6.jpg', 'tintuc', 'Bánh Phồng Dế Rec Rec – Snack Dế giàu đạm nhiều dinh dưỡng. \r\nĐi xem phim nhâm nhi bắp rang từ lâu đã là một trải nghiệm quá quen thuộc, nếu vẫn còn phân vân giữa các vị bắp khác nhau thì Galaxy Cinema mời Stars “đổi gió” với snack Rec Rec ngon mà không nhàm chán! Bánh Phồng Dế Rec Rec mang nhiều hương vị đa dạng để Stars có cơ hội thưởng thức trọn vị thơm ngon đậm đà. Vị Mala: mang đến tinh túy từ Tứ Xuyên với vị cay kết hợp từ hạt tiêu và ớt, phù hợp với những ai muốn trải nghiệm sự kích thích vị giác một cách tuyệt đối. Vị Gochujang: Kết hợp các loại nguyên liệu bột đỏ, đậu ớt và đậu nành lên men để cho ra mùi vị ngọt ấm pha chút cay nhẹ. Dễ ăn dễ nghiện. Vị Tom Yum: Chất chua cay trong chanh, sả, ớt và riềng biến từng miếng snack thật đậm vị hấp dẫn mang dấu ấn rõ nét từ ẩm thực Thái Lan. Đến Galaxy Cinema thử ngay Bánh Phồng Dế Rec Rec – Snack Hảo Hạng Đồng Hành Cho Sức Khỏe Không Giới Hạn. \r\nThời gian: từ ngày 05.04.2024. Giá bán: 35.000vnđ/bịch (extra 25.000vnđ/bịch). \r\nĐịa điểm: Các cụm rạp Galaxy Cinema tại TP.HCM.', 'Xem Phim Hay – Ngất Ngây Cùng Bánh Phồng Dế Rec Rec', 3, '2025-03-25 21:45:41', 3, '2025-03-25 21:45:41', 1),
(17, 8, 'Thuê rạp /Sự kiện & Vé nhóm', 'thue-rap-/su-kien-&-ve-nhom', 'Bạn đang tìm giải pháp quảng cáo độc đáo để tăng doanh thu cho công ty?\r\n\r\nBạn muốn gửi quà tặng có ý nghĩa đến đối tác thay cho lời cảm ơn về mối hợp tác lâu bền?\r\n\r\nBạn muốn thưởng thức những bộ phim bom tấn thật riêng tư cùng bạn bè, người thân hay đồng nghiệp?\r\n\r\nVới kinh nghiệm dẫn đầu trong việc tổ chức sự kiện chiếu phim trong không gian riêng biệt, cung cấp vé xem phim hoặc thẻ quà tặng với số lượng lớn cho doanh nghiệp, chúng tôi tự hào sẽ mang đến cho đối tác những giải pháp điện ảnh chuyên nghiệp.', '67e2c208913de.png', 'tintuc', 'Bạn đang tìm giải pháp quảng cáo độc đáo để tăng doanh thu cho công ty?\r\n\r\nBạn muốn gửi quà tặng có ý nghĩa đến đối tác thay cho lời cảm ơn về mối hợp tác lâu bền?\r\n\r\nBạn muốn thưởng thức những bộ phim bom tấn thật riêng tư cùng bạn bè, người thân hay đồng nghiệp?\r\n\r\nVới kinh nghiệm dẫn đầu trong việc tổ chức sự kiện chiếu phim trong không gian riêng biệt, cung cấp vé xem phim hoặc thẻ quà tặng với số lượng lớn cho doanh nghiệp, chúng tôi tự hào sẽ mang đến cho đối tác những giải pháp điện ảnh chuyên nghiệp.', 'Thuê rạp /Sự kiện & Vé nhóm', 3, '2025-03-25 21:47:36', 3, '2025-03-25 21:47:36', 1),
(18, 9, 'Sáng tạo phong cách.', 'sang-tao-phong-cach.', 'CGV hân hạnh phát hành Thẻ Quà Tặng - Phương tiện thanh toán hiện đại và thuận tiện. Đây là một món quà điện ảnh tuyệt vời mà bạn có thể chia sẻ và gửi tặng bạn bè, gia đình, đồng nghiệp và đối tác. Chắc chắn đây sẽ là món quà ngập tràn sắc màu điện ảnh thật ý nghĩa và tuyệt vời dành cho những người bạn yêu quý.\r\n\r\n\r\nThẻ Quà Tặng CGV là loại thẻ trả trước. Với số tiền trong thẻ, bạn có thể sử dụng Thẻ để đổi vé xem phim hoặc bất kì sản phẩm nào tại quầy Bắp Nước của CGV Cinemas.Với vẻ ngoài sang trọng và sự tiện lợi, bạn có thể lựa chọn các mệnh giá cho Thẻ Quà Tặng như 100.000đ; 200.000đ; 300.000đ; 500.000đ; hoặc 1.000.000đ. Thẻ có thời hạn sử dụng trong 1 năm và đặc biệt bạn có thể nạp thêm tiền để gia hạn bất cứ lúc nào. Bạn có thể mua thẻ thật dễ dàng mà không cần đăng ký thông tin chủ thẻ.\r\n\r\n\r\nThẻ quà tặng đang được bán tại quầy vé các rạp CGV Cinemas trên toàn quốc, hoặc bạn có thể mua thẻ quà tặng điện tử tại đây. Thẻ quà tặng có thể được tích hợp vào tài khoản thành viên, và thanh toán tiện lợi bằng thẻ thành viên khi không mang theo thẻ quà tặng.Hiện có loại thẻ quà tặng cho công ty / tổ chức khi bạn mua vé với số lượng lớn. Đặc biệt bạn có thể đưa logo và thông điệp của công ty / tổ chức vào thẻ. Liên hệ phòng Kinh Doanh qua mẫu thông tin dưới đây, chúng tôi sẽ gọi lại cho bạn', '67e2c22604d30.png', 'tintuc', 'CGV hân hạnh phát hành Thẻ Quà Tặng - Phương tiện thanh toán hiện đại và thuận tiện. Đây là một món quà điện ảnh tuyệt vời mà bạn có thể chia sẻ và gửi tặng bạn bè, gia đình, đồng nghiệp và đối tác. Chắc chắn đây sẽ là món quà ngập tràn sắc màu điện ảnh thật ý nghĩa và tuyệt vời dành cho những người bạn yêu quý.\r\n\r\n\r\nThẻ Quà Tặng CGV là loại thẻ trả trước. Với số tiền trong thẻ, bạn có thể sử dụng Thẻ để đổi vé xem phim hoặc bất kì sản phẩm nào tại quầy Bắp Nước của CGV Cinemas.Với vẻ ngoài sang trọng và sự tiện lợi, bạn có thể lựa chọn các mệnh giá cho Thẻ Quà Tặng như 100.000đ; 200.000đ; 300.000đ; 500.000đ; hoặc 1.000.000đ. Thẻ có thời hạn sử dụng trong 1 năm và đặc biệt bạn có thể nạp thêm tiền để gia hạn bất cứ lúc nào. Bạn có thể mua thẻ thật dễ dàng mà không cần đăng ký thông tin chủ thẻ.\r\n\r\n\r\nThẻ quà tặng đang được bán tại quầy vé các rạp CGV Cinemas trên toàn quốc, hoặc bạn có thể mua thẻ quà tặng điện tử tại đây. Thẻ quà tặng có thể được tích hợp vào tài khoản thành viên, và thanh toán tiện lợi bằng thẻ thành viên khi không mang theo thẻ quà tặng.Hiện có loại thẻ quà tặng cho công ty / tổ chức khi bạn mua vé với số lượng lớn. Đặc biệt bạn có thể đưa logo và thông điệp của công ty / tổ chức vào thẻ. Liên hệ phòng Kinh Doanh qua mẫu thông tin dưới đây, chúng tôi sẽ gọi lại cho bạn', 'Sáng tạo phong cách.', 3, '2025-03-25 21:48:06', 3, '2025-03-25 21:48:06', 1),
(19, 8, 'Chi phí marketing hợp lí', 'chi-phi-marketing-hop-li', 'Chi phí marketing hợp lí\r\nThuê phòng chiếu làm sự kiện, Ra mắt sản phẩm, họp công ty, hội nghị khách hàng.\r\n\r\nBạn đang tìm giải pháp giới thiệu sản phẩm hoặc quảng cáo độc đáo để tăng doanh thu cho công ty?\r\n\r\nBạn muốn tổ chức hội thảo hoặc một chương trình có ý nghĩa cho đối tác thay cho lời cảm ơn về mối hợp tác lâu bền?\r\n\r\n- Ra mắt sản phẩm/dự án với hình ảnh minh họa siêu khủng trên màn hình hiện đại của CGV.\r\n\r\n- Không gian khán đài.\r\n\r\n- Tầm nhìn tập trung 100%, choáng ngợp.\r\n\r\n- Âm thanh lập thể, chia đều tới từng người nghe. Không gây khó chịu cho người ngồi gần.\r\n\r\n- Tham khảo: https://youtu.be/GwdTXGlG1iI', '67e2c2453b999.png', 'tintuc', 'Chi phí marketing hợp lí\r\nThuê phòng chiếu làm sự kiện, Ra mắt sản phẩm, họp công ty, hội nghị khách hàng.\r\n\r\nBạn đang tìm giải pháp giới thiệu sản phẩm hoặc quảng cáo độc đáo để tăng doanh thu cho công ty?\r\n\r\nBạn muốn tổ chức hội thảo hoặc một chương trình có ý nghĩa cho đối tác thay cho lời cảm ơn về mối hợp tác lâu bền?\r\n\r\n- Ra mắt sản phẩm/dự án với hình ảnh minh họa siêu khủng trên màn hình hiện đại của CGV.\r\n\r\n- Không gian khán đài.\r\n\r\n- Tầm nhìn tập trung 100%, choáng ngợp.\r\n\r\n- Âm thanh lập thể, chia đều tới từng người nghe. Không gây khó chịu cho người ngồi gần.\r\n\r\n- Tham khảo: https://youtu.be/GwdTXGlG1iI', 'Chi phí marketing hợp lí', 3, '2025-03-25 21:48:37', 3, '2025-03-25 21:48:37', 1);

-- --------------------------------------------------------

--
-- Table structure for table `chitietcombo`
--

CREATE TABLE `chitietcombo` (
  `MaCTCombo` int(11) NOT NULL,
  `MaHD` int(11) NOT NULL,
  `MaCombo` int(11) NOT NULL,
  `SoLuong` int(11) NOT NULL,
  `NguoiTao` int(11) NOT NULL,
  `NgayTao` datetime NOT NULL,
  `NguoiCapNhat` int(11) DEFAULT NULL,
  `NgayCapNhat` datetime DEFAULT NULL,
  `TrangThai` tinyint(1) DEFAULT 1
) ENGINE=InnoDB DEFAULT CHARSET=utf8 COLLATE=utf8_general_ci;

--
-- Dumping data for table `chitietcombo`
--

INSERT INTO `chitietcombo` (`MaCTCombo`, `MaHD`, `MaCombo`, `SoLuong`, `NguoiTao`, `NgayTao`, `NguoiCapNhat`, `NgayCapNhat`, `TrangThai`) VALUES
(5, 66, 3, 2, 5, '2025-03-21 15:43:01', 5, '2025-03-21 15:43:01', 1),
(6, 67, 3, 2, 5, '2025-03-21 15:47:17', 5, '2025-03-21 15:47:17', 1),
(7, 69, 3, 2, 5, '2025-03-21 15:49:18', 5, '2025-03-21 15:49:18', 1),
(8, 70, 3, 2, 5, '2025-03-21 15:49:42', 5, '2025-03-21 15:49:42', 1),
(9, 71, 3, 1, 5, '2025-03-21 15:53:34', 5, '2025-03-21 15:53:34', 1),
(10, 72, 3, 1, 5, '2025-03-21 15:54:50', 5, '2025-03-21 15:54:50', 1),
(11, 73, 3, 1, 5, '2025-03-21 15:59:15', 5, '2025-03-21 15:59:15', 1),
(12, 76, 3, 1, 5, '2025-03-21 16:15:24', 5, '2025-03-21 16:15:24', 1),
(13, 77, 3, 1, 5, '2025-03-21 16:17:30', 5, '2025-03-21 16:17:30', 1),
(14, 78, 19, 1, 5, '2025-03-21 16:23:31', 5, '2025-03-21 16:23:31', 1),
(15, 80, 3, 1, 5, '2025-03-21 17:08:21', 5, '2025-03-21 17:08:21', 1),
(16, 81, 3, 1, 5, '2025-03-21 17:10:56', 5, '2025-03-21 17:10:56', 1),
(17, 82, 3, 1, 5, '2025-03-21 17:14:18', 5, '2025-03-21 17:14:18', 1),
(18, 83, 3, 2, 5, '2025-03-21 17:19:02', 5, '2025-03-21 17:19:02', 1),
(19, 84, 3, 1, 5, '2025-03-21 17:24:53', 5, '2025-03-21 17:24:53', 1),
(20, 84, 17, 1, 5, '2025-03-21 17:24:53', 5, '2025-03-21 17:24:53', 1),
(21, 85, 3, 1, 5, '2025-03-21 17:25:14', 5, '2025-03-21 17:25:14', 1),
(22, 85, 17, 1, 5, '2025-03-21 17:25:14', 5, '2025-03-21 17:25:14', 1),
(23, 86, 3, 1, 5, '2025-03-21 17:28:20', 5, '2025-03-21 17:28:20', 1),
(24, 87, 3, 1, 5, '2025-03-21 17:32:49', 5, '2025-03-21 17:32:49', 1),
(25, 87, 17, 1, 5, '2025-03-21 17:32:49', 5, '2025-03-21 17:32:49', 1),
(26, 88, 15, 1, 5, '2025-03-21 18:10:21', 5, '2025-03-21 18:10:21', 1),
(27, 88, 18, 1, 5, '2025-03-21 18:10:21', 5, '2025-03-21 18:10:21', 1),
(28, 92, 3, 1, 5, '2025-03-21 21:25:25', 5, '2025-03-21 21:25:25', 1),
(29, 93, 3, 1, 5, '2025-03-21 21:47:17', 5, '2025-03-21 21:47:17', 1),
(30, 93, 17, 1, 5, '2025-03-21 21:47:17', 5, '2025-03-21 21:47:17', 1),
(31, 94, 3, 1, 5, '2025-03-21 21:53:03', 5, '2025-03-21 21:53:03', 1),
(32, 94, 17, 1, 5, '2025-03-21 21:53:03', 5, '2025-03-21 21:53:03', 1),
(33, 95, 3, 1, 5, '2025-03-21 21:58:47', 5, '2025-03-21 21:58:47', 1),
(34, 95, 17, 1, 5, '2025-03-21 21:58:47', 5, '2025-03-21 21:58:47', 1),
(35, 96, 10, 2, 5, '2025-03-21 22:04:06', 5, '2025-03-21 22:04:06', 1),
(36, 97, 3, 2, 5, '2025-03-21 22:07:34', 5, '2025-03-21 22:07:34', 1),
(37, 97, 17, 2, 5, '2025-03-21 22:07:34', 5, '2025-03-21 22:07:34', 1),
(38, 98, 3, 2, 5, '2025-03-21 23:34:04', 5, '2025-03-21 23:34:04', 1),
(39, 99, 3, 1, 5, '2025-03-21 23:40:34', 5, '2025-03-21 23:40:34', 1),
(40, 101, 4, 1, 5, '2025-03-21 23:49:21', 5, '2025-03-21 23:49:21', 1),
(41, 101, 17, 1, 5, '2025-03-21 23:49:21', 5, '2025-03-21 23:49:21', 1),
(42, 102, 4, 1, 5, '2025-03-21 23:56:14', 5, '2025-03-21 23:56:14', 1),
(43, 103, 4, 2, 5, '2025-03-22 00:01:25', 5, '2025-03-22 00:01:25', 1),
(44, 104, 4, 2, 5, '2025-03-22 00:21:34', 5, '2025-03-22 00:21:34', 1),
(45, 105, 4, 2, 5, '2025-03-22 00:27:04', 5, '2025-03-22 00:27:04', 1),
(46, 106, 4, 2, 5, '2025-03-22 00:33:08', 5, '2025-03-22 00:33:08', 1),
(47, 107, 4, 2, 5, '2025-03-22 00:35:51', 5, '2025-03-22 00:35:51', 1),
(48, 108, 4, 2, 5, '2025-03-22 00:39:16', 5, '2025-03-22 00:39:16', 1),
(49, 109, 3, 1, 5, '2025-03-22 15:46:39', 5, '2025-03-22 15:46:39', 1),
(50, 109, 17, 1, 5, '2025-03-22 15:46:39', 5, '2025-03-22 15:46:39', 1),
(51, 111, 4, 2, 5, '2025-03-22 16:22:14', 5, '2025-03-22 16:22:14', 1),
(52, 112, 4, 2, 5, '2025-03-22 16:30:27', 5, '2025-03-22 16:30:27', 1),
(53, 113, 4, 2, 5, '2025-03-22 16:32:17', 5, '2025-03-22 16:32:17', 1),
(54, 114, 5, 1, 11, '2025-03-24 10:41:08', 11, '2025-03-24 10:41:08', 1),
(55, 115, 3, 2, 11, '2025-03-24 10:43:01', 11, '2025-03-24 10:43:01', 1),
(56, 116, 4, 2, 5, '2025-03-25 19:25:44', 5, '2025-03-25 19:25:44', 1),
(57, 117, 8, 1, 25, '2025-03-27 13:11:26', 25, '2025-03-27 13:11:26', 1),
(58, 118, 7, 1, 25, '2025-03-27 13:15:32', 25, '2025-03-27 13:15:32', 1),
(59, 119, 3, 1, 5, '2025-03-29 21:42:15', 5, '2025-03-29 21:42:15', 1),
(60, 120, 8, 2, 5, '2025-03-31 00:33:36', 5, '2025-03-31 00:33:36', 1),
(61, 121, 4, 2, 5, '2025-03-31 00:52:42', 5, '2025-03-31 00:52:42', 1),
(62, 122, 4, 2, 5, '2025-03-31 11:54:08', 5, '2025-03-31 11:54:08', 1),
(63, 123, 20, 2, 5, '2025-04-01 17:43:11', 5, '2025-04-01 17:43:11', 1),
(64, 124, 8, 1, 5, '2025-04-04 19:46:37', 5, '2025-04-04 19:46:37', 1),
(65, 125, 8, 1, 5, '2025-04-04 19:47:13', 5, '2025-04-04 19:47:13', 1),
(66, 126, 4, 2, 5, '2025-04-04 19:49:58', 5, '2025-04-04 19:49:58', 1),
(67, 127, 4, 2, 5, '2025-04-04 19:54:48', 5, '2025-04-04 19:54:48', 1),
(68, 128, 19, 4, 5, '2025-04-04 21:43:53', 5, '2025-04-04 21:43:53', 1),
(69, 129, 4, 2, 5, '2025-04-04 21:51:35', 5, '2025-04-04 21:51:35', 1),
(70, 131, 4, 2, 5, '2025-04-07 12:36:58', 5, '2025-04-07 12:36:58', 1),
(71, 133, 20, 1, 5, '2025-04-07 12:40:46', 5, '2025-04-07 12:40:46', 1);

-- --------------------------------------------------------

--
-- Table structure for table `chitiethoadon`
--

CREATE TABLE `chitiethoadon` (
  `MaCTHD` int(11) NOT NULL,
  `MaHD` int(11) NOT NULL,
  `MaSuatChieu` int(11) NOT NULL,
  `MaGhe` int(11) NOT NULL,
  `NguoiTao` int(11) NOT NULL,
  `NgayTao` datetime NOT NULL,
  `NguoiCapNhat` int(11) DEFAULT NULL,
  `NgayCapNhat` datetime DEFAULT NULL,
  `TrangThai` varchar(50) NOT NULL DEFAULT ''
) ENGINE=InnoDB DEFAULT CHARSET=utf8 COLLATE=utf8_general_ci;

--
-- Dumping data for table `chitiethoadon`
--

INSERT INTO `chitiethoadon` (`MaCTHD`, `MaHD`, `MaSuatChieu`, `MaGhe`, `NguoiTao`, `NgayTao`, `NguoiCapNhat`, `NgayCapNhat`, `TrangThai`) VALUES
(113, 31, 20, 24, 5, '2024-11-14 12:54:31', 5, '2024-11-14 12:54:31', '1'),
(114, 31, 20, 25, 5, '2024-11-14 12:54:31', 5, '2024-11-14 12:54:31', '1'),
(115, 31, 20, 26, 5, '2024-11-14 12:54:31', 5, '2024-11-14 12:54:31', '1'),
(116, 31, 20, 27, 5, '2024-11-14 12:54:31', 5, '2024-11-14 12:54:31', '1'),
(117, 31, 20, 28, 5, '2024-11-14 12:54:31', 5, '2024-11-14 12:54:31', '1'),
(118, 31, 20, 29, 5, '2024-11-14 12:54:31', 5, '2024-11-14 12:54:31', '1'),
(119, 31, 20, 30, 5, '2024-11-14 12:54:31', 5, '2024-11-14 12:54:31', '1'),
(120, 31, 20, 31, 5, '2024-11-14 12:54:31', 5, '2024-11-14 12:54:31', '1'),
(121, 31, 20, 32, 5, '2024-11-14 12:54:31', 5, '2024-11-14 12:54:31', '1'),
(122, 31, 20, 33, 5, '2024-11-14 12:54:31', 5, '2024-11-14 12:54:31', '1'),
(123, 32, 20, 37, 5, '2024-11-14 12:55:31', 5, '2024-11-14 12:55:31', '1'),
(124, 32, 20, 38, 5, '2024-11-14 12:55:31', 5, '2024-11-14 12:55:31', '1'),
(125, 32, 20, 39, 5, '2024-11-14 12:55:31', 5, '2024-11-14 12:55:31', '1'),
(126, 32, 20, 40, 5, '2024-11-14 12:55:31', 5, '2024-11-14 12:55:31', '1'),
(127, 32, 20, 41, 5, '2024-11-14 12:55:31', 5, '2024-11-14 12:55:31', '1'),
(128, 32, 20, 46, 5, '2024-11-14 12:55:31', 5, '2024-11-14 12:55:31', '1'),
(129, 32, 20, 47, 5, '2024-11-14 12:55:31', 5, '2024-11-14 12:55:31', '1'),
(130, 33, 20, 17, 5, '2024-11-14 12:57:49', 5, '2024-11-14 12:57:49', '1'),
(131, 33, 20, 18, 5, '2024-11-14 12:57:49', 5, '2024-11-14 12:57:49', '1'),
(132, 33, 20, 19, 5, '2024-11-14 12:57:49', 5, '2024-11-14 12:57:49', '1'),
(133, 33, 20, 20, 5, '2024-11-14 12:57:49', 5, '2024-11-14 12:57:49', '1'),
(134, 34, 30, 5, 10, '2024-11-15 10:34:28', 10, '2024-11-15 10:34:28', '1'),
(135, 34, 30, 15, 10, '2024-11-15 10:34:28', 10, '2024-11-15 10:34:28', '1'),
(136, 34, 30, 25, 10, '2024-11-15 10:34:28', 10, '2024-11-15 10:34:28', '1'),
(137, 34, 30, 35, 10, '2024-11-15 10:34:28', 10, '2024-11-15 10:34:28', '1'),
(138, 34, 30, 44, 10, '2024-11-15 10:34:28', 10, '2024-11-15 10:34:28', '1'),
(139, 34, 30, 45, 10, '2024-11-15 10:34:29', 10, '2024-11-15 10:34:29', '1'),
(140, 34, 30, 46, 10, '2024-11-15 10:34:29', 10, '2024-11-15 10:34:29', '1'),
(141, 34, 30, 47, 10, '2024-11-15 10:34:29', 10, '2024-11-15 10:34:29', '1'),
(142, 35, 20, 6, 10, '2024-11-15 10:34:53', 10, '2024-11-15 10:34:53', '1'),
(143, 35, 20, 16, 10, '2024-11-15 10:34:54', 10, '2024-11-15 10:34:54', '1'),
(144, 36, 34, 104, 10, '2024-11-15 10:38:59', 10, '2024-11-15 10:38:59', '1'),
(145, 36, 34, 112, 10, '2024-11-15 10:38:59', 10, '2024-11-15 10:38:59', '1'),
(146, 36, 34, 120, 10, '2024-11-15 10:38:59', 10, '2024-11-15 10:38:59', '1'),
(147, 36, 34, 128, 10, '2024-11-15 10:38:59', 10, '2024-11-15 10:38:59', '1'),
(148, 36, 34, 136, 10, '2024-11-15 10:38:59', 10, '2024-11-15 10:38:59', '1'),
(149, 36, 34, 137, 10, '2024-11-15 10:38:59', 10, '2024-11-15 10:38:59', '1'),
(150, 36, 34, 146, 10, '2024-11-15 10:38:59', 10, '2024-11-15 10:38:59', '1'),
(151, 36, 34, 147, 10, '2024-11-15 10:38:59', 10, '2024-11-15 10:38:59', '1'),
(152, 37, 33, 58, 10, '2024-11-15 10:40:34', 10, '2024-11-15 10:40:34', '1'),
(153, 37, 33, 59, 10, '2024-11-15 10:40:34', 10, '2024-11-15 10:40:34', '1'),
(154, 37, 33, 60, 10, '2024-11-15 10:40:34', 10, '2024-11-15 10:40:34', '1'),
(155, 37, 33, 61, 10, '2024-11-15 10:40:34', 10, '2024-11-15 10:40:34', '1'),
(156, 37, 33, 62, 10, '2024-11-15 10:40:34', 10, '2024-11-15 10:40:34', '1'),
(157, 37, 33, 63, 10, '2024-11-15 10:40:35', 10, '2024-11-15 10:40:35', '1'),
(158, 37, 33, 64, 10, '2024-11-15 10:40:35', 10, '2024-11-15 10:40:35', '1'),
(159, 37, 33, 65, 10, '2024-11-15 10:40:35', 10, '2024-11-15 10:40:35', '1'),
(160, 37, 33, 66, 10, '2024-11-15 10:40:35', 10, '2024-11-15 10:40:35', '1'),
(161, 37, 33, 67, 10, '2024-11-15 10:40:35', 10, '2024-11-15 10:40:35', '1'),
(162, 37, 33, 68, 10, '2024-11-15 10:40:35', 10, '2024-11-15 10:40:35', '1'),
(163, 37, 33, 69, 10, '2024-11-15 10:40:35', 10, '2024-11-15 10:40:35', '1'),
(164, 37, 33, 70, 10, '2024-11-15 10:40:35', 10, '2024-11-15 10:40:35', '1'),
(165, 37, 33, 71, 10, '2024-11-15 10:40:35', 10, '2024-11-15 10:40:35', '1'),
(166, 37, 33, 72, 10, '2024-11-15 10:40:35', 10, '2024-11-15 10:40:35', '1'),
(167, 37, 33, 73, 10, '2024-11-15 10:40:35', 10, '2024-11-15 10:40:35', '1'),
(168, 37, 33, 74, 10, '2024-11-15 10:40:35', 10, '2024-11-15 10:40:35', '1'),
(169, 37, 33, 75, 10, '2024-11-15 10:40:36', 10, '2024-11-15 10:40:36', '1'),
(170, 37, 33, 76, 10, '2024-11-15 10:40:36', 10, '2024-11-15 10:40:36', '1'),
(171, 37, 33, 77, 10, '2024-11-15 10:40:36', 10, '2024-11-15 10:40:36', '1'),
(172, 37, 33, 78, 10, '2024-11-15 10:40:36', 10, '2024-11-15 10:40:36', '1'),
(173, 37, 33, 79, 10, '2024-11-15 10:40:36', 10, '2024-11-15 10:40:36', '1'),
(174, 37, 33, 80, 10, '2024-11-15 10:40:36', 10, '2024-11-15 10:40:36', '1'),
(175, 37, 33, 81, 10, '2024-11-15 10:40:36', 10, '2024-11-15 10:40:36', '1'),
(176, 37, 33, 82, 10, '2024-11-15 10:40:36', 10, '2024-11-15 10:40:36', '1'),
(177, 37, 33, 83, 10, '2024-11-15 10:40:36', 10, '2024-11-15 10:40:36', '1'),
(178, 37, 33, 84, 10, '2024-11-15 10:40:36', 10, '2024-11-15 10:40:36', '1'),
(179, 37, 33, 85, 10, '2024-11-15 10:40:36', 10, '2024-11-15 10:40:36', '1'),
(180, 37, 33, 86, 10, '2024-11-15 10:40:36', 10, '2024-11-15 10:40:36', '1'),
(181, 37, 33, 87, 10, '2024-11-15 10:40:36', 10, '2024-11-15 10:40:36', '1'),
(182, 37, 33, 88, 10, '2024-11-15 10:40:36', 10, '2024-11-15 10:40:36', '1'),
(183, 37, 33, 89, 10, '2024-11-15 10:40:36', 10, '2024-11-15 10:40:36', '1'),
(184, 37, 33, 90, 10, '2024-11-15 10:40:36', 10, '2024-11-15 10:40:36', '1'),
(185, 37, 33, 91, 10, '2024-11-15 10:40:37', 10, '2024-11-15 10:40:37', '1'),
(186, 37, 33, 92, 10, '2024-11-15 10:40:37', 10, '2024-11-15 10:40:37', '1'),
(187, 37, 33, 93, 10, '2024-11-15 10:40:37', 10, '2024-11-15 10:40:37', '1'),
(188, 37, 33, 94, 10, '2024-11-15 10:40:37', 10, '2024-11-15 10:40:37', '1'),
(189, 37, 33, 95, 10, '2024-11-15 10:40:37', 10, '2024-11-15 10:40:37', '1'),
(190, 37, 33, 96, 10, '2024-11-15 10:40:37', 10, '2024-11-15 10:40:37', '1'),
(191, 37, 33, 97, 10, '2024-11-15 10:40:37', 10, '2024-11-15 10:40:37', '1'),
(192, 37, 33, 98, 10, '2024-11-15 10:40:37', 10, '2024-11-15 10:40:37', '1'),
(193, 37, 33, 99, 10, '2024-11-15 10:40:37', 10, '2024-11-15 10:40:37', '1'),
(194, 37, 33, 100, 10, '2024-11-15 10:40:37', 10, '2024-11-15 10:40:37', '1'),
(195, 37, 33, 101, 10, '2024-11-15 10:40:37', 10, '2024-11-15 10:40:37', '1'),
(196, 37, 33, 102, 10, '2024-11-15 10:40:37', 10, '2024-11-15 10:40:37', '1'),
(197, 37, 33, 103, 10, '2024-11-15 10:40:37', 10, '2024-11-15 10:40:37', '1'),
(198, 38, 34, 123, 10, '2024-11-15 10:41:01', 10, '2024-11-15 10:41:01', '1'),
(199, 38, 34, 131, 10, '2024-11-15 10:41:01', 10, '2024-11-15 10:41:01', '1'),
(200, 38, 34, 140, 10, '2024-11-15 10:41:01', 10, '2024-11-15 10:41:01', '1'),
(201, 38, 34, 141, 10, '2024-11-15 10:41:01', 10, '2024-11-15 10:41:01', '1'),
(202, 39, 20, 4, 5, '2024-11-15 10:42:12', 5, '2024-11-15 10:42:12', '1'),
(203, 39, 20, 5, 5, '2024-11-15 10:42:12', 5, '2024-11-15 10:42:12', '1'),
(204, 39, 20, 7, 5, '2024-11-15 10:42:12', 5, '2024-11-15 10:42:12', '1'),
(205, 39, 20, 8, 5, '2024-11-15 10:42:12', 5, '2024-11-15 10:42:12', '1'),
(206, 39, 20, 12, 5, '2024-11-15 10:42:12', 5, '2024-11-15 10:42:12', '1'),
(207, 39, 20, 14, 5, '2024-11-15 10:42:12', 5, '2024-11-15 10:42:12', '1'),
(208, 39, 20, 15, 5, '2024-11-15 10:42:12', 5, '2024-11-15 10:42:12', '1'),
(209, 39, 20, 22, 5, '2024-11-15 10:42:12', 5, '2024-11-15 10:42:12', '1'),
(210, 39, 20, 44, 5, '2024-11-15 10:42:12', 5, '2024-11-15 10:42:12', '1'),
(211, 39, 20, 45, 5, '2024-11-15 10:42:13', 5, '2024-11-15 10:42:13', '1'),
(212, 39, 20, 48, 5, '2024-11-15 10:42:13', 5, '2024-11-15 10:42:13', '1'),
(213, 39, 20, 49, 5, '2024-11-15 10:42:13', 5, '2024-11-15 10:42:13', '1'),
(214, 39, 20, 50, 5, '2024-11-15 10:42:13', 5, '2024-11-15 10:42:13', '1'),
(215, 39, 20, 51, 5, '2024-11-15 10:42:13', 5, '2024-11-15 10:42:13', '1'),
(216, 39, 20, 52, 5, '2024-11-15 10:42:13', 5, '2024-11-15 10:42:13', '1'),
(217, 39, 20, 53, 5, '2024-11-15 10:42:13', 5, '2024-11-15 10:42:13', '1'),
(218, 40, 39, 58, 5, '2024-11-15 10:49:37', 5, '2024-11-15 10:49:37', '1'),
(219, 40, 39, 59, 5, '2024-11-15 10:49:37', 5, '2024-11-15 10:49:37', '1'),
(220, 40, 39, 60, 5, '2024-11-15 10:49:37', 5, '2024-11-15 10:49:37', '1'),
(221, 40, 39, 61, 5, '2024-11-15 10:49:37', 5, '2024-11-15 10:49:37', '1'),
(222, 40, 39, 62, 5, '2024-11-15 10:49:37', 5, '2024-11-15 10:49:37', '1'),
(223, 40, 39, 63, 5, '2024-11-15 10:49:37', 5, '2024-11-15 10:49:37', '1'),
(224, 40, 39, 64, 5, '2024-11-15 10:49:37', 5, '2024-11-15 10:49:37', '1'),
(225, 40, 39, 65, 5, '2024-11-15 10:49:37', 5, '2024-11-15 10:49:37', '1'),
(226, 40, 39, 66, 5, '2024-11-15 10:49:37', 5, '2024-11-15 10:49:37', '1'),
(227, 40, 39, 67, 5, '2024-11-15 10:49:38', 5, '2024-11-15 10:49:38', '1'),
(228, 40, 39, 68, 5, '2024-11-15 10:49:38', 5, '2024-11-15 10:49:38', '1'),
(229, 40, 39, 69, 5, '2024-11-15 10:49:38', 5, '2024-11-15 10:49:38', '1'),
(230, 40, 39, 70, 5, '2024-11-15 10:49:38', 5, '2024-11-15 10:49:38', '1'),
(231, 40, 39, 71, 5, '2024-11-15 10:49:38', 5, '2024-11-15 10:49:38', '1'),
(232, 40, 39, 72, 5, '2024-11-15 10:49:38', 5, '2024-11-15 10:49:38', '1'),
(233, 40, 39, 73, 5, '2024-11-15 10:49:38', 5, '2024-11-15 10:49:38', '1'),
(234, 41, 39, 94, 11, '2024-11-15 10:50:42', 11, '2024-11-15 10:50:42', '1'),
(235, 41, 39, 95, 11, '2024-11-15 10:50:42', 11, '2024-11-15 10:50:42', '1'),
(236, 41, 39, 96, 11, '2024-11-15 10:50:42', 11, '2024-11-15 10:50:42', '1'),
(237, 41, 39, 97, 11, '2024-11-15 10:50:42', 11, '2024-11-15 10:50:42', '1'),
(238, 41, 39, 98, 11, '2024-11-15 10:50:42', 11, '2024-11-15 10:50:42', '1'),
(239, 41, 39, 99, 11, '2024-11-15 10:50:42', 11, '2024-11-15 10:50:42', '1'),
(240, 41, 39, 100, 11, '2024-11-15 10:50:42', 11, '2024-11-15 10:50:42', '1'),
(241, 41, 39, 101, 11, '2024-11-15 10:50:42', 11, '2024-11-15 10:50:42', '1'),
(242, 41, 39, 102, 11, '2024-11-15 10:50:42', 11, '2024-11-15 10:50:42', '1'),
(243, 41, 39, 103, 11, '2024-11-15 10:50:42', 11, '2024-11-15 10:50:42', '1'),
(244, 42, 39, 74, 11, '2024-11-15 10:51:04', 11, '2024-11-15 10:51:04', '1'),
(245, 42, 39, 75, 11, '2024-11-15 10:51:05', 11, '2024-11-15 10:51:05', '1'),
(246, 42, 39, 76, 11, '2024-11-15 10:51:05', 11, '2024-11-15 10:51:05', '1'),
(247, 42, 39, 77, 11, '2024-11-15 10:51:05', 11, '2024-11-15 10:51:05', '1'),
(248, 42, 39, 84, 11, '2024-11-15 10:51:05', 11, '2024-11-15 10:51:05', '1'),
(249, 42, 39, 85, 11, '2024-11-15 10:51:05', 11, '2024-11-15 10:51:05', '1'),
(250, 42, 39, 86, 11, '2024-11-15 10:51:05', 11, '2024-11-15 10:51:05', '1'),
(251, 42, 39, 87, 11, '2024-11-15 10:51:05', 11, '2024-11-15 10:51:05', '1'),
(252, 43, 32, 121, 13, '2024-11-15 16:28:33', 13, '2024-11-15 16:28:33', '1'),
(253, 43, 32, 122, 13, '2024-11-15 16:28:33', 13, '2024-11-15 16:28:33', '1'),
(254, 43, 32, 123, 13, '2024-11-15 16:28:33', 13, '2024-11-15 16:28:33', '1'),
(255, 43, 32, 130, 13, '2024-11-15 16:28:33', 13, '2024-11-15 16:28:33', '1'),
(256, 43, 32, 131, 13, '2024-11-15 16:28:33', 13, '2024-11-15 16:28:33', '1'),
(257, 43, 32, 138, 13, '2024-11-15 16:28:33', 13, '2024-11-15 16:28:33', '1'),
(258, 43, 32, 139, 13, '2024-11-15 16:28:33', 13, '2024-11-15 16:28:33', '1'),
(259, 44, 32, 113, 13, '2024-11-15 16:35:55', 13, '2024-11-15 16:35:55', '1'),
(260, 44, 32, 114, 13, '2024-11-15 16:35:55', 13, '2024-11-15 16:35:55', '1'),
(261, 44, 32, 115, 13, '2024-11-15 16:35:55', 13, '2024-11-15 16:35:55', '1'),
(262, 44, 32, 116, 13, '2024-11-15 16:35:55', 13, '2024-11-15 16:35:55', '1'),
(263, 44, 32, 132, 13, '2024-11-15 16:35:55', 13, '2024-11-15 16:35:55', '1'),
(264, 44, 32, 140, 13, '2024-11-15 16:35:55', 13, '2024-11-15 16:35:55', '1'),
(265, 44, 32, 141, 13, '2024-11-15 16:35:55', 13, '2024-11-15 16:35:55', '1'),
(266, 45, 34, 134, 13, '2024-11-15 16:36:14', 13, '2024-11-15 16:36:14', '1'),
(267, 45, 34, 135, 13, '2024-11-15 16:36:14', 13, '2024-11-15 16:36:14', '1'),
(268, 46, 36, 78, 5, '2024-11-16 08:51:51', 5, '2024-11-16 08:51:51', '1'),
(269, 46, 36, 79, 5, '2024-11-16 08:51:51', 5, '2024-11-16 08:51:51', '1'),
(275, 57, 41, 48, 5, '2024-11-30 23:17:55', 5, '2024-11-30 23:17:55', '1'),
(276, 57, 41, 49, 5, '2024-11-30 23:17:55', 5, '2024-11-30 23:17:55', '1'),
(277, 58, 43, 158, 5, '2025-03-17 09:12:44', 5, '2025-03-17 09:12:44', '1'),
(278, 58, 43, 159, 5, '2025-03-17 09:12:44', 5, '2025-03-17 09:12:44', '1'),
(279, 59, 44, 158, 5, '2025-03-19 15:56:24', 5, '2025-03-19 15:56:24', '1'),
(280, 60, 44, 159, 5, '2025-03-19 15:57:05', 5, '2025-03-19 15:57:05', '1'),
(281, 61, 44, 160, 5, '2025-03-19 17:03:21', 5, '2025-03-19 17:03:21', '1'),
(282, 62, 44, 157, 5, '2025-03-19 17:55:06', 5, '2025-03-19 17:55:06', '1'),
(283, 63, 45, 38, 5, '2025-03-20 14:35:19', 5, '2025-03-20 14:35:19', '1'),
(284, 63, 45, 39, 5, '2025-03-20 14:35:19', 5, '2025-03-20 14:35:19', '1'),
(285, 64, 46, 213, 5, '2025-03-20 16:02:52', 5, '2025-03-20 16:02:52', '1'),
(286, 64, 46, 214, 5, '2025-03-20 16:02:52', 5, '2025-03-20 16:02:52', '1'),
(287, 65, 46, 203, 5, '2025-03-20 16:04:11', 5, '2025-03-20 16:04:11', '1'),
(288, 65, 46, 204, 5, '2025-03-20 16:04:11', 5, '2025-03-20 16:04:11', '1'),
(289, 71, 47, 158, 5, '2025-03-21 15:53:34', 5, '2025-03-21 15:53:34', '1'),
(290, 71, 47, 159, 5, '2025-03-21 15:53:34', 5, '2025-03-21 15:53:34', '1'),
(291, 72, 47, 157, 5, '2025-03-21 15:54:50', 5, '2025-03-21 15:54:50', '1'),
(292, 72, 47, 160, 5, '2025-03-21 15:54:50', 5, '2025-03-21 15:54:50', '1'),
(293, 78, 47, 173, 5, '2025-03-21 16:23:31', 5, '2025-03-21 16:23:31', '1'),
(294, 78, 47, 174, 5, '2025-03-21 16:23:31', 5, '2025-03-21 16:23:31', '1'),
(295, 79, 47, 184, 5, '2025-03-21 16:28:40', 5, '2025-03-21 16:28:40', '1'),
(296, 80, 47, 183, 5, '2025-03-21 17:08:21', 5, '2025-03-21 17:08:21', '1'),
(297, 81, 47, 185, 5, '2025-03-21 17:10:56', 5, '2025-03-21 17:10:56', '1'),
(298, 82, 47, 182, 5, '2025-03-21 17:14:18', 5, '2025-03-21 17:14:18', '1'),
(299, 83, 47, 175, 5, '2025-03-21 17:19:02', 5, '2025-03-21 17:19:02', '1'),
(300, 83, 47, 176, 5, '2025-03-21 17:19:02', 5, '2025-03-21 17:19:02', '1'),
(301, 84, 47, 186, 5, '2025-03-21 17:24:53', 5, '2025-03-21 17:24:53', '1'),
(302, 85, 47, 186, 5, '2025-03-21 17:25:14', 5, '2025-03-21 17:25:14', '1'),
(303, 86, 47, 181, 5, '2025-03-21 17:28:20', 5, '2025-03-21 17:28:20', '1'),
(304, 86, 47, 194, 5, '2025-03-21 17:28:20', 5, '2025-03-21 17:28:20', '1'),
(305, 87, 47, 187, 5, '2025-03-21 17:32:49', 5, '2025-03-21 17:32:49', '1'),
(306, 87, 47, 193, 5, '2025-03-21 17:32:49', 5, '2025-03-21 17:32:49', '1'),
(307, 88, 47, 202, 5, '2025-03-21 18:10:21', 5, '2025-03-21 18:10:21', '1'),
(308, 89, 47, 171, 5, '2025-03-21 18:26:05', 5, '2025-03-21 18:26:05', '1'),
(309, 89, 47, 172, 5, '2025-03-21 18:26:05', 5, '2025-03-21 18:26:05', '1'),
(310, 90, 47, 154, 5, '2025-03-21 18:49:13', 5, '2025-03-21 18:49:13', '1'),
(311, 91, 47, 155, 5, '2025-03-21 21:24:27', 5, '2025-03-21 21:24:27', '1'),
(312, 92, 47, 156, 5, '2025-03-21 21:25:25', 5, '2025-03-21 21:25:25', '1'),
(313, 93, 47, 161, 5, '2025-03-21 21:47:17', 5, '2025-03-21 21:47:17', '1'),
(314, 94, 47, 162, 5, '2025-03-21 21:53:03', 5, '2025-03-21 21:53:03', '1'),
(315, 95, 47, 163, 5, '2025-03-21 21:58:47', 5, '2025-03-21 21:58:47', '1'),
(316, 96, 47, 169, 5, '2025-03-21 22:04:06', 5, '2025-03-21 22:04:06', '1'),
(317, 96, 47, 170, 5, '2025-03-21 22:04:06', 5, '2025-03-21 22:04:06', '1'),
(318, 96, 47, 177, 5, '2025-03-21 22:04:06', 5, '2025-03-21 22:04:06', '1'),
(319, 96, 47, 178, 5, '2025-03-21 22:04:06', 5, '2025-03-21 22:04:06', '1'),
(320, 97, 47, 203, 5, '2025-03-21 22:07:34', 5, '2025-03-21 22:07:34', '1'),
(321, 97, 47, 204, 5, '2025-03-21 22:07:34', 5, '2025-03-21 22:07:34', '1'),
(322, 98, 50, 88, 5, '2025-03-21 23:34:04', 5, '2025-03-21 23:34:04', '1'),
(323, 98, 50, 89, 5, '2025-03-21 23:34:04', 5, '2025-03-21 23:34:04', '1'),
(324, 99, 50, 87, 5, '2025-03-21 23:40:34', 5, '2025-03-21 23:40:34', '1'),
(325, 99, 50, 90, 5, '2025-03-21 23:40:34', 5, '2025-03-21 23:40:34', '1'),
(326, 100, 50, 91, 5, '2025-03-21 23:45:12', 5, '2025-03-21 23:45:12', '1'),
(327, 101, 47, 168, 5, '2025-03-21 23:49:21', 5, '2025-03-21 23:49:21', '1'),
(328, 101, 47, 219, 5, '2025-03-21 23:49:21', 5, '2025-03-21 23:49:21', '1'),
(329, 102, 47, 192, 5, '2025-03-21 23:56:14', 5, '2025-03-21 23:56:14', '1'),
(330, 102, 47, 195, 5, '2025-03-21 23:56:14', 5, '2025-03-21 23:56:14', '1'),
(331, 103, 47, 191, 5, '2025-03-22 00:01:25', 5, '2025-03-22 00:01:25', '1'),
(332, 103, 47, 196, 5, '2025-03-22 00:01:25', 5, '2025-03-22 00:01:25', '1'),
(333, 104, 47, 190, 5, '2025-03-22 00:21:34', 5, '2025-03-22 00:21:34', '1'),
(334, 104, 47, 197, 5, '2025-03-22 00:21:34', 5, '2025-03-22 00:21:34', '1'),
(335, 105, 47, 213, 5, '2025-03-22 00:27:04', 5, '2025-03-22 00:27:04', '1'),
(336, 105, 47, 214, 5, '2025-03-22 00:27:04', 5, '2025-03-22 00:27:04', '1'),
(337, 106, 47, 212, 5, '2025-03-22 00:33:08', 5, '2025-03-22 00:33:08', '1'),
(338, 106, 47, 215, 5, '2025-03-22 00:33:08', 5, '2025-03-22 00:33:08', '1'),
(339, 107, 47, 211, 5, '2025-03-22 00:35:51', 5, '2025-03-22 00:35:51', '1'),
(340, 107, 47, 216, 5, '2025-03-22 00:35:51', 5, '2025-03-22 00:35:51', '1'),
(341, 108, 47, 167, 5, '2025-03-22 00:39:16', 5, '2025-03-22 00:39:16', '1'),
(342, 108, 47, 220, 5, '2025-03-22 00:39:16', 5, '2025-03-22 00:39:16', '1'),
(343, 109, 52, 173, 5, '2025-03-22 15:46:39', 5, '2025-03-22 15:46:39', '1'),
(344, 109, 52, 174, 5, '2025-03-22 15:46:39', 5, '2025-03-22 15:46:39', '1'),
(345, 110, 52, 183, 5, '2025-03-22 16:07:19', 5, '2025-03-22 16:07:19', '1'),
(346, 110, 52, 184, 5, '2025-03-22 16:07:19', 5, '2025-03-22 16:07:19', '1'),
(347, 111, 51, 78, 5, '2025-03-22 16:22:14', 5, '2025-03-22 16:22:14', '1'),
(348, 111, 51, 79, 5, '2025-03-22 16:22:14', 5, '2025-03-22 16:22:14', '1'),
(349, 112, 51, 88, 5, '2025-03-22 16:30:27', 5, '2025-03-22 16:30:27', '1'),
(350, 112, 51, 89, 5, '2025-03-22 16:30:27', 5, '2025-03-22 16:30:27', '1'),
(351, 113, 51, 98, 5, '2025-03-22 16:32:17', 5, '2025-03-22 16:32:17', '1'),
(352, 113, 51, 99, 5, '2025-03-22 16:32:17', 5, '2025-03-22 16:32:17', '1'),
(353, 114, 61, 173, 11, '2025-03-24 10:41:08', 11, '2025-03-24 10:41:08', '1'),
(354, 114, 61, 174, 11, '2025-03-24 10:41:08', 11, '2025-03-24 10:41:08', '1'),
(355, 115, 61, 213, 11, '2025-03-24 10:43:01', 11, '2025-03-24 10:43:01', '1'),
(356, 115, 61, 214, 11, '2025-03-24 10:43:01', 11, '2025-03-24 10:43:01', '1'),
(357, 116, 67, 183, 5, '2025-03-25 19:25:44', 5, '2025-03-25 19:25:44', '1'),
(358, 116, 67, 184, 5, '2025-03-25 19:25:44', 5, '2025-03-25 19:25:44', '1'),
(359, 117, 1185, 88, 25, '2025-03-27 13:11:26', 25, '2025-03-27 13:11:26', '1'),
(360, 117, 1185, 89, 25, '2025-03-27 13:11:26', 25, '2025-03-27 13:11:26', '1'),
(361, 118, 1192, 98, 25, '2025-03-27 13:15:32', 25, '2025-03-27 13:15:32', '1'),
(362, 118, 1192, 99, 25, '2025-03-27 13:15:32', 25, '2025-03-27 13:15:32', '1'),
(363, 118, 1192, 102, 25, '2025-03-27 13:15:32', 25, '2025-03-27 13:15:32', '1'),
(364, 118, 1192, 103, 25, '2025-03-27 13:15:32', 25, '2025-03-27 13:15:32', '1'),
(365, 119, 953, 122, 5, '2025-03-29 21:42:15', 5, '2025-03-29 21:42:15', '1'),
(366, 119, 953, 123, 5, '2025-03-29 21:42:15', 5, '2025-03-29 21:42:15', '1'),
(367, 120, 1506, 18, 5, '2025-03-31 00:33:36', 5, '2025-03-31 00:33:36', '1'),
(368, 120, 1506, 19, 5, '2025-03-31 00:33:36', 5, '2025-03-31 00:33:36', '1'),
(369, 121, 426, 328, 5, '2025-03-31 00:52:42', 5, '2025-03-31 00:52:42', '1'),
(370, 121, 426, 329, 5, '2025-03-31 00:52:42', 5, '2025-03-31 00:52:42', '1'),
(371, 122, 1514, 27, 5, '2025-03-31 11:54:08', 5, '2025-03-31 11:54:08', '1'),
(372, 122, 1514, 28, 5, '2025-03-31 11:54:08', 5, '2025-03-31 11:54:08', '1'),
(373, 122, 1514, 29, 5, '2025-03-31 11:54:08', 5, '2025-03-31 11:54:08', '1'),
(374, 122, 1514, 30, 5, '2025-03-31 11:54:08', 5, '2025-03-31 11:54:08', '1'),
(375, 123, 1535, 45, 5, '2025-04-01 17:43:11', 5, '2025-04-01 17:43:11', '1'),
(376, 124, 1582, 18, 5, '2025-04-04 19:46:37', 5, '2025-04-04 19:46:37', '1'),
(377, 124, 1582, 19, 5, '2025-04-04 19:46:37', 5, '2025-04-04 19:46:37', '1'),
(378, 125, 1582, 18, 5, '2025-04-04 19:47:13', 5, '2025-04-04 19:47:13', '1'),
(379, 125, 1582, 19, 5, '2025-04-04 19:47:13', 5, '2025-04-04 19:47:13', '1'),
(380, 126, 1582, 17, 5, '2025-04-04 19:49:58', 5, '2025-04-04 19:49:58', '1'),
(381, 126, 1582, 20, 5, '2025-04-04 19:49:58', 5, '2025-04-04 19:49:58', '1'),
(382, 127, 1585, 34, 5, '2025-04-04 19:54:48', 5, '2025-04-04 19:54:48', '1'),
(383, 127, 1585, 35, 5, '2025-04-04 19:54:48', 5, '2025-04-04 19:54:48', '1'),
(384, 128, 772, 172, 5, '2025-04-04 21:43:53', 5, '2025-04-04 21:43:53', '1'),
(385, 128, 772, 173, 5, '2025-04-04 21:43:53', 5, '2025-04-04 21:43:53', '1'),
(386, 128, 772, 174, 5, '2025-04-04 21:43:53', 5, '2025-04-04 21:43:53', '1'),
(387, 128, 772, 175, 5, '2025-04-04 21:43:53', 5, '2025-04-04 21:43:53', '1'),
(388, 129, 1582, 28, 5, '2025-04-04 21:51:35', 5, '2025-04-04 21:51:35', '1'),
(389, 129, 1582, 29, 5, '2025-04-04 21:51:35', 5, '2025-04-04 21:51:35', '1'),
(390, 130, 1620, 28, 5, '2025-04-07 12:34:22', 5, '2025-04-07 12:34:22', '1'),
(391, 130, 1620, 29, 5, '2025-04-07 12:34:22', 5, '2025-04-07 12:34:22', '1'),
(392, 131, 538, 348, 5, '2025-04-07 12:36:58', 5, '2025-04-07 12:36:58', '1'),
(393, 131, 538, 349, 5, '2025-04-07 12:36:58', 5, '2025-04-07 12:36:58', '1'),
(394, 132, 1618, 49, 5, '2025-04-07 12:38:14', 5, '2025-04-07 12:38:14', '1'),
(395, 133, 1351, 78, 5, '2025-04-07 12:40:46', 5, '2025-04-07 12:40:46', '1'),
(396, 133, 1351, 79, 5, '2025-04-07 12:40:46', 5, '2025-04-07 12:40:46', '1'),
(397, 134, 1618, 47, 5, '2025-04-07 12:52:40', 5, '2025-04-07 12:52:40', '1'),
(398, 134, 1618, 48, 5, '2025-04-07 12:52:40', 5, '2025-04-07 12:52:40', '1'),
(399, 134, 1618, 50, 5, '2025-04-07 12:52:40', 5, '2025-04-07 12:52:40', '1'),
(400, 135, 2437, 27, 33, '2025-04-08 22:55:55', 33, '2025-04-08 22:55:55', '1'),
(401, 135, 2437, 28, 33, '2025-04-08 22:55:55', 33, '2025-04-08 22:55:55', '1'),
(402, 135, 2437, 29, 33, '2025-04-08 22:55:55', 33, '2025-04-08 22:55:55', '1'),
(403, 135, 2437, 30, 33, '2025-04-08 22:55:55', 33, '2025-04-08 22:55:55', '1');

-- --------------------------------------------------------

--
-- Table structure for table `chude`
--

CREATE TABLE `chude` (
  `Id` int(11) NOT NULL,
  `MaPhim` int(11) DEFAULT NULL,
  `TenRutGon` varchar(255) DEFAULT NULL,
  `MoTa` varchar(255) NOT NULL,
  `TuKhoa` varchar(255) NOT NULL,
  `TenChuDe` varchar(255) NOT NULL,
  `NguoiTao` int(11) NOT NULL,
  `NgayTao` datetime NOT NULL,
  `NguoiCapNhat` int(11) DEFAULT NULL,
  `NgayCapNhat` datetime DEFAULT NULL,
  `TrangThai` tinyint(1) DEFAULT NULL
) ENGINE=InnoDB DEFAULT CHARSET=utf8 COLLATE=utf8_general_ci;

--
-- Dumping data for table `chude`
--

INSERT INTO `chude` (`Id`, `MaPhim`, `TenRutGon`, `MoTa`, `TuKhoa`, `TenChuDe`, `NguoiTao`, `NgayTao`, `NguoiCapNhat`, `NgayCapNhat`, `TrangThai`) VALUES
(4, 30, 'phim', 'phim nhu cut', 'Phim', 'Phim', 3, '2024-11-10 09:31:29', 3, '2024-11-10 09:31:29', 1),
(5, 28, 'blog-dien-anh', 'Blog điện ảnh', 'blog', 'Blog điện ảnh', 3, '2024-11-10 09:32:12', 3, '2024-11-10 09:32:12', 1),
(7, 41, 'qua-tang', '', 'quatang', 'Quà tặng', 3, '2025-03-25 21:33:21', 3, '2025-03-25 21:33:21', 1),
(8, 41, 'dich-vu-khac', '', 'dichvukhac', 'Dịch vụ khác', 3, '2025-03-25 21:36:09', 3, '2025-03-25 21:36:09', 1),
(9, 41, 'khuyen-mai', '', 'khuyenmai', 'Khuyến mãi', 3, '2025-03-25 21:37:52', 3, '2025-04-05 15:43:24', 1);

-- --------------------------------------------------------

--
-- Table structure for table `combo`
--

CREATE TABLE `combo` (
  `MaCombo` int(11) NOT NULL,
  `TenCombo` varchar(255) NOT NULL,
  `MoTa` text DEFAULT NULL,
  `GiaCombo` int(11) NOT NULL,
  `Anh` varchar(255) DEFAULT NULL,
  `NguoiTao` int(11) NOT NULL,
  `NgayTao` datetime NOT NULL,
  `NguoiCapNhat` int(11) DEFAULT NULL,
  `NgayCapNhat` datetime DEFAULT NULL,
  `TrangThai` tinyint(1) DEFAULT 1
) ENGINE=InnoDB DEFAULT CHARSET=utf8 COLLATE=utf8_general_ci;

--
-- Dumping data for table `combo`
--

INSERT INTO `combo` (`MaCombo`, `TenCombo`, `MoTa`, `GiaCombo`, `Anh`, `NguoiTao`, `NgayTao`, `NguoiCapNhat`, `NgayCapNhat`, `TrangThai`) VALUES
(3, 'MY COMBO', '1 Bắp Ngọt Lớn + 1 Nước Siêu Lớn\r\n- Áp dụng giá Lễ, Tết cho các sản phẩm bắp nước đối với giao dịch có suất chiếu vào ngày Lễ, Tết\r\n- Nhận hàng trong ngày xem phim (khi mua cùng vé) hoặc trong ngày đã chọn (khi mua tại CGV Store)', 95000, '1742458223_6644731d5a8f5_1715761949.png', 3, '2025-03-20 15:10:23', 3, '2025-03-20 15:10:23', 1),
(4, 'CGV COMBO', '1 Bắp Ngọt Lớn + 2 Nước Siêu Lớn\r\n- Áp dụng giá Lễ, Tết cho các sản phẩm bắp nước đối với giao dịch có suất chiếu vào ngày Lễ, Tết\r\n- Nhận hàng trong ngày xem phim (khi mua cùng vé) hoặc trong ngày đã chọn (khi mua tại CGV Store)', 125000, '1742458250_6465deb2716d7_1684397746.png', 3, '2025-03-20 15:10:50', 3, '2025-03-20 15:10:50', 1),
(5, 'PREMIUM CGV COMBO', '1 Bắp Ngọt Lớn + 2 Nước Siêu Lớn + 1 Snack\r\n- Áp dụng giá Lễ, Tết cho các sản phẩm bắp nước đối với giao dịch có suất chiếu vào ngày Lễ, Tết\r\n- Nhận hàng trong ngày xem phim (khi mua cùng vé) hoặc trong ngày đã chọn (khi mua tại CGV Store)', 135000, '1742458272_651711ff95995_1696010752.png', 3, '2025-03-20 15:11:12', 3, '2025-03-20 15:11:12', 1),
(6, 'GRILLED SQUID PEANU', '01 phần mực nướng + 01 nước ngọt siêu lớn\r\n- Áp dụng giá Lễ, Tết cho các sản phẩm bắp nước đối với giao dịch có suất chiếu vào ngày Lễ, Tết\r\n- Nhận vào ngày xem phim (khi mua kèm vé) hoặc vào ngày đã chọn (khi mua tại CGV Store)', 119000, '1742458300_6791c5bca2b05_1737606589.png', 3, '2025-03-20 15:11:40', 3, '2025-03-20 15:11:40', 1),
(7, 'iCombo 1 Big Extra STD', '1 Ly nước ngọt size L + 01 Hộp bắp + 1 Snack', 109000, '1742458388_menuboard-coonline-2024-combo1-min_1711699834430.jpg', 3, '2025-03-20 15:13:08', 3, '2025-03-20 15:13:08', 1),
(8, 'iCombo 2 Big Extra STD', '02 Ly nước ngọt size L + 01 Hộp bắp + 1 Snack', 129000, '1742458414_menuboard-coonline-2024-combo2-min_1711699866349.jpg', 3, '2025-03-20 15:13:34', 3, '2025-03-20 15:13:34', 1),
(9, 'iCombo 1 Big STD', '01 Ly nước ngọt size L + 01 Hộp bắp', 89000, '1742458439_menuboard-coonline-2024-combo1-copy-min_1711699814762.jpg', 3, '2025-03-20 15:13:59', 3, '2025-03-20 15:13:59', 1),
(10, 'iCombo 2 Big STD', '02 Ly nước ngọt size L + 01 Hộp bắp', 109000, '1742458466_menuboard-coonline-2024-combo2-copy-min_1711699849615.jpg', 3, '2025-03-20 15:14:26', 3, '2025-03-20 15:14:26', 1),
(11, 'Combo Gấu', '1 Coke 32oz + 1 Bắp 2 Ngăn 64OZ Phô Mai + Caramel', 119000, '1742458538_CNS035_COMBO_GAU.png', 3, '2025-03-20 15:15:38', 3, '2025-03-20 15:15:38', 1),
(12, 'Combo Nhà Gấu', '4 Coke 22oz + 2 Bắp 2 Ngăn 64OZ Phô Mai + Caramel', 259000, '1742458570_CNS037_COMBO_NHA_GAU.png', 3, '2025-03-20 15:16:10', 3, '2025-03-20 15:16:10', 1),
(13, 'Sprite 32oz', '', 37000, '1742458594_sprite.png', 3, '2025-03-20 15:16:34', 3, '2025-03-20 15:16:34', 1),
(14, 'Coke Zero 32oz', '', 37000, '1742458610_COKE-ZERO.png', 3, '2025-03-20 15:16:50', 3, '2025-03-20 15:16:50', 1),
(15, 'Coke 32oz', '', 37000, '1742458627_coca.png', 3, '2025-03-20 15:17:07', 3, '2025-03-20 15:17:07', 1),
(16, 'Fanta 32oz', '', 37000, '1742458640_fanta.jpg', 3, '2025-03-20 15:17:20', 3, '2025-03-20 15:17:20', 1),
(17, 'Poca Wavy 54gr', '', 28000, '1742458656_lays-vi-bo_1_.png', 3, '2025-03-20 15:17:36', 3, '2025-03-20 15:17:36', 1),
(18, 'Poca Khoai Tây 54gr', '', 28000, '1742458670_lays-khoai-tay.png', 3, '2025-03-20 15:17:50', 3, '2025-03-20 15:17:50', 1),
(19, 'SNACK PARTYZ 30-33GR', '', 20000, '1742458682_poca-partyz.png', 3, '2025-03-20 15:18:02', 3, '2025-03-20 15:18:02', 1),
(20, 'MINECRAFT BLIND BAG', '01 Túi mù móc khóa bông Minecraft + 01 nước ngọt siêu lớn\r\nCó ngay 01 Bắp ngọt lớn.\r\n\r\n- Mẫu nhân vật phụ thuộc vào số lượng tại rạp\r\n\r\n- Túi mù móc khóa bông Minecraft có 05 nhân vật: Creeper, Pink Sheep, Wolf, Zombie và 01 mẫu Secret, được đóng gói ngẫu nhiên.\r\n\r\n- Sản phẩm là túi mù nên khách hàng không được lựa chọn hoặc thay đổi mẫu nhân vật.\r\n\r\n- Nhận vào ngày xem phim (khi mua kèm vé) hoặc vào ngày đã chọn (khi mua tại CGV Store)', 199000, '1743410613_67e4c2fd91602_1743045374.png', 3, '2025-03-31 15:43:33', 3, '2025-03-31 15:43:33', 1),
(21, 'HOTDOG COMBO', '1 phần Hotdog + 1 nước ngọt lớn.\r\n- Nhận trong ngày đã chọn', 64000, '1743410632_5ad46b93becce_1523870612.png', 3, '2025-03-31 15:43:52', 3, '2025-03-31 15:43:52', 1);

-- --------------------------------------------------------

--
-- Table structure for table `ghe`
--

CREATE TABLE `ghe` (
  `MaGhe` int(11) NOT NULL,
  `TenGhe` varchar(3) NOT NULL,
  `MaPhong` int(11) NOT NULL,
  `LoaiGhe` varchar(10) NOT NULL,
  `GiaGhe` int(11) NOT NULL,
  `NguoiTao` int(11) NOT NULL,
  `NgayTao` datetime NOT NULL,
  `NguoiCapNhat` int(11) DEFAULT NULL,
  `NgayCapNhat` datetime DEFAULT NULL,
  `TrangThai` tinyint(1) DEFAULT NULL
) ENGINE=InnoDB DEFAULT CHARSET=utf8 COLLATE=utf8_general_ci;

--
-- Dumping data for table `ghe`
--

INSERT INTO `ghe` (`MaGhe`, `TenGhe`, `MaPhong`, `LoaiGhe`, `GiaGhe`, `NguoiTao`, `NgayTao`, `NguoiCapNhat`, `NgayCapNhat`, `TrangThai`) VALUES
(4, 'A1', 2, 'Đơn', 79000, 3, '2024-11-10 09:24:27', 3, '2024-11-10 09:24:27', 1),
(5, 'A2', 2, 'Đơn', 79000, 3, '2024-11-10 09:24:27', 3, '2024-11-10 09:24:27', 1),
(6, 'A3', 2, 'Đơn', 79000, 3, '2024-11-10 09:24:27', 3, '2024-11-10 09:24:27', 1),
(7, 'A4', 2, 'Đơn', 79000, 3, '2024-11-10 09:24:27', 3, '2024-11-10 09:24:27', 1),
(8, 'A5', 2, 'Đơn', 79000, 3, '2024-11-10 09:24:27', 3, '2024-11-10 09:24:27', 1),
(9, 'A6', 2, 'Đơn', 79000, 3, '2024-11-10 09:24:27', 3, '2024-11-10 09:24:27', 1),
(10, 'A7', 2, 'Đơn', 79000, 3, '2024-11-10 09:24:27', 3, '2024-11-10 09:24:27', 1),
(11, 'A8', 2, 'Đơn', 79000, 3, '2024-11-10 09:24:27', 3, '2024-11-10 09:24:27', 1),
(12, 'A9', 2, 'Đơn', 79000, 3, '2024-11-10 09:24:27', 3, '2024-11-10 09:24:27', 1),
(13, 'A10', 2, 'Đơn', 79000, 3, '2024-11-10 09:24:27', 3, '2024-11-10 09:24:27', 1),
(14, 'B1', 2, 'Đơn', 79000, 3, '2024-11-10 09:25:34', 3, '2024-11-10 09:25:34', 1),
(15, 'B2', 2, 'Đơn', 79000, 3, '2024-11-10 09:25:34', 3, '2024-11-10 09:25:34', 1),
(16, 'B3', 2, 'Đơn', 79000, 3, '2024-11-10 09:25:34', 3, '2024-11-10 09:25:34', 1),
(17, 'B4', 2, 'Đơn', 79000, 3, '2024-11-10 09:25:34', 3, '2024-11-10 09:25:34', 1),
(18, 'B5', 2, 'Đơn', 79000, 3, '2024-11-10 09:25:34', 3, '2024-11-10 09:25:34', 1),
(19, 'B6', 2, 'Đơn', 79000, 3, '2024-11-10 09:25:34', 3, '2024-11-10 09:25:34', 1),
(20, 'B7', 2, 'Đơn', 79000, 3, '2024-11-10 09:25:34', 3, '2024-11-10 09:25:34', 1),
(21, 'B8', 2, 'Đơn', 79000, 3, '2024-11-10 09:25:34', 3, '2024-11-10 09:25:34', 1),
(22, 'B9', 2, 'Đơn', 79000, 3, '2024-11-10 09:25:34', 3, '2024-11-10 09:25:34', 1),
(23, 'B10', 2, 'Đơn', 79000, 3, '2024-11-10 09:25:34', 3, '2024-11-10 09:25:34', 1),
(25, 'C2', 2, 'Đơn', 150000, 3, '2024-11-10 09:25:49', 3, '2024-11-10 09:25:49', 1),
(26, 'C3', 2, 'Đơn', 150000, 3, '2024-11-10 09:25:49', 3, '2024-11-10 09:25:49', 1),
(27, 'C4', 2, 'Đơn', 150000, 3, '2024-11-10 09:25:49', 3, '2024-11-10 09:25:49', 1),
(28, 'C5', 2, 'Đơn', 150000, 3, '2024-11-10 09:25:49', 3, '2024-11-10 09:25:49', 1),
(29, 'C6', 2, 'Đơn', 150000, 3, '2024-11-10 09:25:49', 3, '2024-11-10 09:25:49', 1),
(30, 'C7', 2, 'Đơn', 150000, 3, '2024-11-10 09:25:49', 3, '2024-11-10 09:25:49', 1),
(31, 'C8', 2, 'Đơn', 150000, 3, '2024-11-10 09:25:49', 3, '2024-11-10 09:25:49', 1),
(32, 'C9', 2, 'Đơn', 150000, 3, '2024-11-10 09:25:49', 3, '2024-11-10 09:25:49', 1),
(33, 'C10', 2, 'Đơn', 150000, 3, '2024-11-10 09:25:49', 3, '2024-11-10 09:25:49', 1),
(34, 'D1', 2, 'Đơn', 150000, 3, '2024-11-10 09:26:13', 3, '2024-11-10 09:26:13', 1),
(35, 'D2', 2, 'Đơn', 150000, 3, '2024-11-10 09:26:13', 3, '2024-11-10 09:26:13', 1),
(36, 'D3', 2, 'Đơn', 150000, 3, '2024-11-10 09:26:13', 3, '2024-11-10 09:26:13', 1),
(37, 'D4', 2, 'Đơn', 150000, 3, '2024-11-10 09:26:13', 3, '2024-11-10 09:26:13', 1),
(38, 'D5', 2, 'Đơn', 150000, 3, '2024-11-10 09:26:13', 3, '2024-11-10 09:26:13', 1),
(39, 'D6', 2, 'Đơn', 150000, 3, '2024-11-10 09:26:13', 3, '2024-11-10 09:26:13', 1),
(40, 'D7', 2, 'Đơn', 150000, 3, '2024-11-10 09:26:13', 3, '2024-11-10 09:26:13', 1),
(41, 'D8', 2, 'Đơn', 150000, 3, '2024-11-10 09:26:13', 3, '2024-11-10 09:26:13', 1),
(42, 'D9', 2, 'Đơn', 150000, 3, '2024-11-10 09:26:13', 3, '2024-11-10 09:26:13', 1),
(43, 'D10', 2, 'Đơn', 150000, 3, '2024-11-10 09:26:13', 3, '2024-11-10 09:26:13', 1),
(44, 'E1', 2, 'Đơn', 180000, 3, '2024-11-10 09:26:22', 3, '2024-11-10 09:26:22', 1),
(45, 'E2', 2, 'Đơn', 180000, 3, '2024-11-10 09:26:22', 3, '2024-11-10 09:26:22', 1),
(46, 'E3', 2, 'Đơn', 180000, 3, '2024-11-10 09:26:22', 3, '2024-11-10 09:26:22', 1),
(47, 'E4', 2, 'Đơn', 180000, 3, '2024-11-10 09:26:22', 3, '2024-11-10 09:26:22', 1),
(48, 'E5', 2, 'Đơn', 180000, 3, '2024-11-10 09:26:22', 3, '2024-11-10 09:26:22', 1),
(49, 'E6', 2, 'Đơn', 180000, 3, '2024-11-10 09:26:22', 3, '2024-11-10 09:26:22', 1),
(50, 'E7', 2, 'Đơn', 180000, 3, '2024-11-10 09:26:22', 3, '2024-11-10 09:26:22', 1),
(51, 'E8', 2, 'Đơn', 180000, 3, '2024-11-10 09:26:22', 3, '2024-11-10 09:26:22', 1),
(52, 'E9', 2, 'Đơn', 180000, 3, '2024-11-10 09:26:22', 3, '2024-11-10 09:26:22', 1),
(53, 'E10', 2, 'Đơn', 180000, 3, '2024-11-10 09:26:22', 3, '2024-11-10 09:26:22', 1),
(58, 'A5', 3, 'Đôi', 79000, 3, '2024-11-10 12:01:55', 3, '2024-11-10 12:01:55', 1),
(59, 'A6', 3, 'Đôi', 79000, 3, '2024-11-10 12:01:55', 3, '2024-11-10 12:01:55', 1),
(60, 'A7', 3, 'Đôi', 79000, 3, '2024-11-10 12:01:55', 3, '2024-11-10 12:01:55', 1),
(61, 'A8', 3, 'Đôi', 79000, 3, '2024-11-10 12:01:55', 3, '2024-11-10 12:01:55', 1),
(62, 'A9', 3, 'Đôi', 79000, 3, '2024-11-10 12:01:55', 3, '2024-11-10 12:01:55', 1),
(63, 'A10', 3, 'Đôi', 79000, 3, '2024-11-10 12:01:55', 3, '2024-11-10 12:01:55', 1),
(64, 'B1', 3, 'Đôi', 79000, 3, '2024-11-10 12:02:15', 3, '2024-11-10 12:02:15', 1),
(65, 'B2', 3, 'Đôi', 79000, 3, '2024-11-10 12:02:15', 3, '2024-11-10 12:02:15', 1),
(66, 'B3', 3, 'Đôi', 79000, 3, '2024-11-10 12:02:15', 3, '2024-11-10 12:02:15', 1),
(67, 'B4', 3, 'Đôi', 79000, 3, '2024-11-10 12:02:15', 3, '2024-11-10 12:02:15', 1),
(68, 'B5', 3, 'Đôi', 79000, 3, '2024-11-10 12:02:15', 3, '2024-11-10 12:02:15', 1),
(69, 'B6', 3, 'Đôi', 79000, 3, '2024-11-10 12:02:15', 3, '2024-11-10 12:02:15', 1),
(70, 'B7', 3, 'Đôi', 79000, 3, '2024-11-10 12:02:15', 3, '2024-11-10 12:02:15', 1),
(71, 'B8', 3, 'Đôi', 79000, 3, '2024-11-10 12:02:15', 3, '2024-11-10 12:02:15', 1),
(72, 'B9', 3, 'Đôi', 79000, 3, '2024-11-10 12:02:15', 3, '2024-11-10 12:02:15', 1),
(73, 'B10', 3, 'Đôi', 79000, 3, '2024-11-10 12:02:15', 3, '2024-11-10 12:02:15', 1),
(74, 'C1', 3, 'Đôi', 150000, 3, '2024-11-10 12:02:23', 3, '2024-11-10 12:02:23', 1),
(75, 'C2', 3, 'Đôi', 150000, 3, '2024-11-10 12:02:23', 3, '2024-11-10 12:02:23', 1),
(76, 'C3', 3, 'Đôi', 150000, 3, '2024-11-10 12:02:23', 3, '2024-11-10 12:02:23', 1),
(77, 'C4', 3, 'Đôi', 150000, 3, '2024-11-10 12:02:23', 3, '2024-11-10 12:02:23', 1),
(78, 'C5', 3, 'Đôi', 150000, 3, '2024-11-10 12:02:23', 3, '2024-11-10 12:02:23', 1),
(79, 'C6', 3, 'Đôi', 150000, 3, '2024-11-10 12:02:23', 3, '2024-11-10 12:02:23', 1),
(80, 'C7', 3, 'Đôi', 150000, 3, '2024-11-10 12:02:23', 3, '2024-11-10 12:02:23', 1),
(81, 'C8', 3, 'Đôi', 150000, 3, '2024-11-10 12:02:23', 3, '2024-11-10 12:02:23', 1),
(82, 'C9', 3, 'Đôi', 150000, 3, '2024-11-10 12:02:23', 3, '2024-11-10 12:02:23', 1),
(83, 'C10', 3, 'Đôi', 150000, 3, '2024-11-10 12:02:23', 3, '2024-11-10 12:02:23', 1),
(84, 'D1', 3, 'Đôi', 150000, 3, '2024-11-10 12:02:30', 3, '2024-11-10 12:02:30', 1),
(85, 'D2', 3, 'Đôi', 150000, 3, '2024-11-10 12:02:30', 3, '2024-11-10 12:02:30', 1),
(86, 'D3', 3, 'Đôi', 150000, 3, '2024-11-10 12:02:30', 3, '2024-11-10 12:02:30', 1),
(87, 'D4', 3, 'Đôi', 150000, 3, '2024-11-10 12:02:30', 3, '2024-11-10 12:02:30', 1),
(88, 'D5', 3, 'Đôi', 150000, 3, '2024-11-10 12:02:30', 3, '2024-11-10 12:02:30', 1),
(89, 'D6', 3, 'Đôi', 150000, 3, '2024-11-10 12:02:30', 3, '2024-11-10 12:02:30', 1),
(90, 'D7', 3, 'Đôi', 150000, 3, '2024-11-10 12:02:30', 3, '2024-11-10 12:02:30', 1),
(91, 'D8', 3, 'Đôi', 150000, 3, '2024-11-10 12:02:30', 3, '2024-11-10 12:02:30', 1),
(92, 'D9', 3, 'Đôi', 150000, 3, '2024-11-10 12:02:30', 3, '2024-11-10 12:02:30', 1),
(93, 'D10', 3, 'Đôi', 150000, 3, '2024-11-10 12:02:30', 3, '2024-11-10 12:02:30', 1),
(94, 'E1', 3, 'Đôi', 180000, 3, '2024-11-10 12:02:39', 3, '2024-11-10 12:02:39', 1),
(95, 'E2', 3, 'Đôi', 180000, 3, '2024-11-10 12:02:39', 3, '2024-11-10 12:02:39', 1),
(96, 'E3', 3, 'Đôi', 180000, 3, '2024-11-10 12:02:39', 3, '2024-11-10 12:02:39', 1),
(97, 'E4', 3, 'Đôi', 180000, 3, '2024-11-10 12:02:39', 3, '2024-11-10 12:02:39', 1),
(98, 'E5', 3, 'Đôi', 180000, 3, '2024-11-10 12:02:39', 3, '2024-11-10 12:02:39', 1),
(99, 'E6', 3, 'Đôi', 180000, 3, '2024-11-10 12:02:39', 3, '2024-11-10 12:02:39', 1),
(100, 'E7', 3, 'Đôi', 180000, 3, '2024-11-10 12:02:39', 3, '2024-11-10 12:02:39', 1),
(101, 'E8', 3, 'Đôi', 180000, 3, '2024-11-10 12:02:39', 3, '2024-11-10 12:02:39', 1),
(102, 'E9', 3, 'Đôi', 180000, 3, '2024-11-10 12:02:39', 3, '2024-11-10 12:02:39', 1),
(103, 'E10', 3, 'Đôi', 180000, 3, '2024-11-10 12:02:39', 3, '2024-11-10 12:02:39', 1),
(104, 'A1', 4, 'VIP', 79000, 3, '2024-11-15 10:36:35', 3, '2024-11-15 10:36:35', 1),
(105, 'A2', 4, 'VIP', 79000, 3, '2024-11-15 10:36:35', 3, '2024-11-15 10:36:35', 1),
(106, 'A3', 4, 'VIP', 79000, 3, '2024-11-15 10:36:35', 3, '2024-11-15 10:36:35', 1),
(107, 'A4', 4, 'VIP', 79000, 3, '2024-11-15 10:36:35', 3, '2024-11-15 10:36:35', 1),
(108, 'A5', 4, 'VIP', 79000, 3, '2024-11-15 10:36:36', 3, '2024-11-15 10:36:36', 1),
(109, 'A6', 4, 'VIP', 79000, 3, '2024-11-15 10:36:36', 3, '2024-11-15 10:36:36', 1),
(110, 'B1', 4, 'VIP', 79000, 3, '2024-11-15 10:36:59', 3, '2024-11-15 10:36:59', 1),
(111, 'B2', 4, 'VIP', 79000, 3, '2024-11-15 10:36:59', 3, '2024-11-15 10:36:59', 1),
(112, 'B3', 4, 'VIP', 79000, 3, '2024-11-15 10:36:59', 3, '2024-11-15 10:36:59', 1),
(113, 'B4', 4, 'VIP', 79000, 3, '2024-11-15 10:36:59', 3, '2024-11-15 10:36:59', 1),
(114, 'B5', 4, 'VIP', 79000, 3, '2024-11-15 10:36:59', 3, '2024-11-15 10:36:59', 1),
(115, 'B6', 4, 'VIP', 79000, 3, '2024-11-15 10:36:59', 3, '2024-11-15 10:36:59', 1),
(116, 'B7', 4, 'VIP', 79000, 3, '2024-11-15 10:36:59', 3, '2024-11-15 10:36:59', 1),
(117, 'B8', 4, 'VIP', 79000, 3, '2024-11-15 10:36:59', 3, '2024-11-15 10:36:59', 1),
(118, 'B9', 4, 'VIP', 79000, 3, '2024-11-15 10:37:00', 3, '2024-11-15 10:37:00', 1),
(119, 'B10', 4, 'VIP', 79000, 3, '2024-11-15 10:37:00', 3, '2024-11-15 10:37:00', 1),
(120, 'C1', 4, 'VIP', 150000, 3, '2024-11-15 10:37:23', 3, '2024-11-15 10:37:23', 1),
(121, 'C2', 4, 'VIP', 150000, 3, '2024-11-15 10:37:23', 3, '2024-11-15 10:37:23', 1),
(122, 'C3', 4, 'VIP', 150000, 3, '2024-11-15 10:37:23', 3, '2024-11-15 10:37:23', 1),
(123, 'C4', 4, 'VIP', 150000, 3, '2024-11-15 10:37:23', 3, '2024-11-15 10:37:23', 1),
(124, 'C5', 4, 'VIP', 150000, 3, '2024-11-15 10:37:23', 3, '2024-11-15 10:37:23', 1),
(125, 'C6', 4, 'VIP', 150000, 3, '2024-11-15 10:37:23', 3, '2024-11-15 10:37:23', 1),
(126, 'D1', 4, 'VIP', 150000, 3, '2024-11-15 10:38:02', 3, '2024-11-15 10:38:02', 1),
(127, 'D2', 4, 'VIP', 150000, 3, '2024-11-15 10:38:02', 3, '2024-11-15 10:38:02', 1),
(128, 'D3', 4, 'VIP', 150000, 3, '2024-11-15 10:38:03', 3, '2024-11-15 10:38:03', 1),
(129, 'D4', 4, 'VIP', 150000, 3, '2024-11-15 10:38:03', 3, '2024-11-15 10:38:03', 1),
(130, 'D5', 4, 'VIP', 150000, 3, '2024-11-15 10:38:03', 3, '2024-11-15 10:38:03', 1),
(131, 'D6', 4, 'VIP', 150000, 3, '2024-11-15 10:38:03', 3, '2024-11-15 10:38:03', 1),
(132, 'D7', 4, 'VIP', 150000, 3, '2024-11-15 10:38:03', 3, '2024-11-15 10:38:03', 1),
(133, 'D8', 4, 'VIP', 150000, 3, '2024-11-15 10:38:03', 3, '2024-11-15 10:38:03', 1),
(134, 'D9', 4, 'VIP', 150000, 3, '2024-11-15 10:38:03', 3, '2024-11-15 10:38:03', 1),
(135, 'D10', 4, 'VIP', 150000, 3, '2024-11-15 10:38:03', 3, '2024-11-15 10:38:03', 1),
(136, 'E1', 4, 'VIP', 180000, 3, '2024-11-15 10:38:21', 3, '2024-11-15 10:38:21', 1),
(137, 'E2', 4, 'VIP', 180000, 3, '2024-11-15 10:38:21', 3, '2024-11-15 10:38:21', 1),
(138, 'E3', 4, 'VIP', 180000, 3, '2024-11-15 10:38:21', 3, '2024-11-15 10:38:21', 1),
(139, 'E4', 4, 'VIP', 180000, 3, '2024-11-15 10:38:21', 3, '2024-11-15 10:38:21', 1),
(140, 'E5', 4, 'VIP', 180000, 3, '2024-11-15 10:38:21', 3, '2024-11-15 10:38:21', 1),
(141, 'E6', 4, 'VIP', 180000, 3, '2024-11-15 10:38:22', 3, '2024-11-15 10:38:22', 1),
(142, 'E7', 4, 'VIP', 180000, 3, '2024-11-15 10:38:22', 3, '2024-11-15 10:38:22', 1),
(143, 'E8', 4, 'VIP', 180000, 3, '2024-11-15 10:38:22', 3, '2024-11-15 10:38:22', 1),
(144, 'F1', 4, 'VIP', 180000, 3, '2024-11-15 10:38:45', 3, '2024-11-15 10:38:45', 1),
(145, 'F2', 4, 'VIP', 180000, 3, '2024-11-15 10:38:45', 3, '2024-11-15 10:38:45', 1),
(146, 'F3', 4, 'VIP', 180000, 3, '2024-11-15 10:38:45', 3, '2024-11-15 10:38:45', 1),
(147, 'F4', 4, 'VIP', 180000, 3, '2024-11-15 10:38:45', 3, '2024-11-15 10:38:45', 1),
(148, 'F5', 4, 'VIP', 180000, 3, '2024-11-15 10:38:46', 3, '2024-11-15 10:38:46', 1),
(149, 'F6', 4, 'VIP', 180000, 3, '2024-11-15 10:38:46', 3, '2024-11-15 10:38:46', 1),
(150, 'F7', 4, 'VIP', 180000, 3, '2024-11-15 10:38:46', 3, '2024-11-15 10:38:46', 1),
(151, 'F8', 4, 'VIP', 180000, 3, '2024-11-15 10:38:46', 3, '2024-11-15 10:38:46', 1),
(152, 'F9', 4, 'VIP', 180000, 3, '2024-11-15 10:38:46', 3, '2024-11-15 10:38:46', 1),
(153, 'F10', 4, 'VIP', 180000, 3, '2024-11-15 10:38:46', 3, '2024-11-15 10:38:46', 1),
(154, 'A1', 6, 'Silver', 150000, 3, '2025-03-16 17:49:43', 3, '2025-03-16 17:49:43', 1),
(155, 'A2', 6, 'Silver', 150000, 3, '2025-03-16 17:49:43', 3, '2025-03-16 17:49:43', 1),
(156, 'A3', 6, 'Silver', 150000, 3, '2025-03-16 17:49:43', 3, '2025-03-16 17:49:43', 1),
(157, 'A4', 6, 'Silver', 150000, 3, '2025-03-16 17:49:43', 3, '2025-03-16 17:49:43', 1),
(158, 'A5', 6, 'Silver', 150000, 3, '2025-03-16 17:49:43', 3, '2025-03-16 17:49:43', 1),
(159, 'A6', 6, 'Silver', 150000, 3, '2025-03-16 17:49:43', 3, '2025-03-16 17:49:43', 1),
(160, 'A7', 6, 'Silver', 150000, 3, '2025-03-16 17:49:43', 3, '2025-03-16 17:49:43', 1),
(161, 'A8', 6, 'Silver', 150000, 3, '2025-03-16 17:49:43', 3, '2025-03-16 17:49:43', 1),
(162, 'A9', 6, 'Silver', 150000, 3, '2025-03-16 17:49:43', 3, '2025-03-16 17:49:43', 1),
(163, 'A10', 6, 'Silver', 150000, 3, '2025-03-16 17:49:43', 3, '2025-03-16 17:49:43', 1),
(164, 'B1', 6, 'Silver', 150000, 3, '2025-03-20 15:21:31', 3, '2025-03-20 15:21:31', 1),
(165, 'B2', 6, 'Silver', 150000, 3, '2025-03-20 15:21:31', 3, '2025-03-20 15:21:31', 1),
(166, 'B3', 6, 'Silver', 150000, 3, '2025-03-20 15:21:31', 3, '2025-03-20 15:21:31', 1),
(167, 'B4', 6, 'Silver', 150000, 3, '2025-03-20 15:21:31', 3, '2025-03-20 15:21:31', 1),
(168, 'B5', 6, 'Silver', 150000, 3, '2025-03-20 15:21:31', 3, '2025-03-20 15:21:31', 1),
(169, 'C1', 6, 'Silver', 180000, 3, '2025-03-20 15:22:49', 3, '2025-03-20 15:22:49', 1),
(170, 'C2', 6, 'Silver', 180000, 3, '2025-03-20 15:22:49', 3, '2025-03-20 15:22:49', 1),
(171, 'C3', 6, 'Silver', 180000, 3, '2025-03-20 15:22:49', 3, '2025-03-20 15:22:49', 1),
(172, 'C4', 6, 'Silver', 180000, 3, '2025-03-20 15:22:49', 3, '2025-03-20 15:22:49', 1),
(173, 'C5', 6, 'Silver', 180000, 3, '2025-03-20 15:22:49', 3, '2025-03-20 15:22:49', 1),
(174, 'C6', 6, 'Silver', 180000, 3, '2025-03-20 15:22:49', 3, '2025-03-20 15:22:49', 1),
(175, 'C7', 6, 'Silver', 180000, 3, '2025-03-20 15:22:49', 3, '2025-03-20 15:22:49', 1),
(176, 'C8', 6, 'Silver', 180000, 3, '2025-03-20 15:22:49', 3, '2025-03-20 15:22:49', 1),
(177, 'C9', 6, 'Silver', 180000, 3, '2025-03-20 15:22:49', 3, '2025-03-20 15:22:49', 1),
(178, 'C10', 6, 'Silver', 180000, 3, '2025-03-20 15:22:49', 3, '2025-03-20 15:22:49', 1),
(179, 'D1', 6, 'Silver', 79000, 3, '2025-03-20 15:23:12', 3, '2025-03-20 15:23:12', 1),
(180, 'D2', 6, 'Silver', 79000, 3, '2025-03-20 15:23:12', 3, '2025-03-20 15:23:12', 1),
(181, 'D3', 6, 'Silver', 79000, 3, '2025-03-20 15:23:12', 3, '2025-03-20 15:23:12', 1),
(182, 'D4', 6, 'Silver', 79000, 3, '2025-03-20 15:23:12', 3, '2025-03-20 15:23:12', 1),
(183, 'D5', 6, 'Silver', 79000, 3, '2025-03-20 15:23:12', 3, '2025-03-20 15:23:12', 1),
(184, 'D6', 6, 'Silver', 79000, 3, '2025-03-20 15:23:12', 3, '2025-03-20 15:23:12', 1),
(185, 'D7', 6, 'Silver', 79000, 3, '2025-03-20 15:23:12', 3, '2025-03-20 15:23:12', 1),
(186, 'D8', 6, 'Silver', 79000, 3, '2025-03-20 15:23:12', 3, '2025-03-20 15:23:12', 1),
(187, 'D9', 6, 'Silver', 79000, 3, '2025-03-20 15:23:12', 3, '2025-03-20 15:23:12', 1),
(188, 'D10', 6, 'Silver', 79000, 3, '2025-03-20 15:23:12', 3, '2025-03-20 15:23:12', 1),
(189, 'E1', 6, 'Silver', 2000000, 3, '2025-03-20 15:36:03', 3, '2025-03-20 15:36:03', 1),
(190, 'E2', 6, 'Silver', 2000000, 3, '2025-03-20 15:36:03', 3, '2025-03-20 15:36:03', 1),
(191, 'E3', 6, 'Silver', 2000000, 3, '2025-03-20 15:36:03', 3, '2025-03-20 15:36:03', 1),
(192, 'E4', 6, 'Silver', 2000000, 3, '2025-03-20 15:36:03', 3, '2025-03-20 15:36:03', 1),
(193, 'E5', 6, 'Silver', 2000000, 3, '2025-03-20 15:36:03', 3, '2025-03-20 15:36:03', 1),
(194, 'E6', 6, 'Silver', 2000000, 3, '2025-03-20 15:36:03', 3, '2025-03-20 15:36:03', 1),
(195, 'E7', 6, 'Silver', 2000000, 3, '2025-03-20 15:36:03', 3, '2025-03-20 15:36:03', 1),
(196, 'E8', 6, 'Silver', 2000000, 3, '2025-03-20 15:36:03', 3, '2025-03-20 15:36:03', 1),
(197, 'E9', 6, 'Silver', 2000000, 3, '2025-03-20 15:36:03', 3, '2025-03-20 15:36:03', 1),
(198, 'E10', 6, 'Silver', 2000000, 3, '2025-03-20 15:36:03', 3, '2025-03-20 15:36:03', 1),
(199, 'G1', 6, 'Silver', 4500000, 3, '2025-03-20 15:36:24', 3, '2025-03-20 15:36:24', 1),
(200, 'G2', 6, 'Silver', 4500000, 3, '2025-03-20 15:36:24', 3, '2025-03-20 15:36:24', 1),
(201, 'G3', 6, 'Silver', 4500000, 3, '2025-03-20 15:36:24', 3, '2025-03-20 15:36:24', 1),
(202, 'G4', 6, 'Silver', 4500000, 3, '2025-03-20 15:36:24', 3, '2025-03-20 15:36:24', 1),
(203, 'G5', 6, 'Silver', 4500000, 3, '2025-03-20 15:36:24', 3, '2025-03-20 15:36:24', 1),
(204, 'G6', 6, 'Silver', 4500000, 3, '2025-03-20 15:36:24', 3, '2025-03-20 15:36:24', 1),
(205, 'G7', 6, 'Silver', 4500000, 3, '2025-03-20 15:36:24', 3, '2025-03-20 15:36:24', 1),
(206, 'G8', 6, 'Silver', 4500000, 3, '2025-03-20 15:36:24', 3, '2025-03-20 15:36:24', 1),
(207, 'G9', 6, 'Silver', 4500000, 3, '2025-03-20 15:36:24', 3, '2025-03-20 15:36:24', 1),
(208, 'G10', 6, 'Silver', 4500000, 3, '2025-03-20 15:36:24', 3, '2025-03-20 15:36:24', 1),
(209, 'F1', 6, 'Silver', 9000000, 3, '2025-03-20 15:36:42', 3, '2025-03-20 15:36:42', 1),
(210, 'F2', 6, 'Silver', 9000000, 3, '2025-03-20 15:36:42', 3, '2025-03-20 15:36:42', 1),
(211, 'F3', 6, 'Silver', 9000000, 3, '2025-03-20 15:36:42', 3, '2025-03-20 15:36:42', 1),
(212, 'F4', 6, 'Silver', 9000000, 3, '2025-03-20 15:36:42', 3, '2025-03-20 15:36:42', 1),
(213, 'F5', 6, 'Silver', 9000000, 3, '2025-03-20 15:36:42', 3, '2025-03-20 15:36:42', 1),
(214, 'F6', 6, 'Silver', 9000000, 3, '2025-03-20 15:36:42', 3, '2025-03-20 15:36:42', 1),
(215, 'F7', 6, 'Silver', 9000000, 3, '2025-03-20 15:36:42', 3, '2025-03-20 15:36:42', 1),
(216, 'F8', 6, 'Silver', 9000000, 3, '2025-03-20 15:36:42', 3, '2025-03-20 15:36:42', 1),
(217, 'F9', 6, 'Silver', 9000000, 3, '2025-03-20 15:36:42', 3, '2025-03-20 15:36:42', 1),
(218, 'F10', 6, 'Silver', 9000000, 3, '2025-03-20 15:36:42', 3, '2025-03-20 15:36:42', 1),
(219, 'B6', 6, 'Silver', 150000, 3, '2025-03-21 15:33:44', 3, '2025-03-21 15:33:44', 1),
(220, 'B7', 6, 'Silver', 150000, 3, '2025-03-21 15:33:44', 3, '2025-03-21 15:33:44', 1),
(221, 'B8', 6, 'Silver', 150000, 3, '2025-03-21 15:33:44', 3, '2025-03-21 15:33:44', 1),
(222, 'B9', 6, 'Silver', 150000, 3, '2025-03-21 15:33:44', 3, '2025-03-21 15:33:44', 1),
(223, 'B10', 6, 'Silver', 150000, 3, '2025-03-21 15:33:44', 3, '2025-03-21 15:33:44', 1),
(224, 'A1', 8, 'Platinum', 9000000, 3, '2025-03-25 22:13:40', 3, '2025-03-25 22:13:40', 1),
(225, 'A2', 8, 'Platinum', 9000000, 3, '2025-03-25 22:13:40', 3, '2025-03-25 22:13:40', 1),
(226, 'A3', 8, 'Platinum', 9000000, 3, '2025-03-25 22:13:40', 3, '2025-03-25 22:13:40', 1),
(227, 'A4', 8, 'Platinum', 9000000, 3, '2025-03-25 22:13:40', 3, '2025-03-25 22:13:40', 1),
(228, 'A5', 8, 'Platinum', 9000000, 3, '2025-03-25 22:13:40', 3, '2025-03-25 22:13:40', 1),
(229, 'A6', 8, 'Platinum', 9000000, 3, '2025-03-25 22:13:40', 3, '2025-03-25 22:13:40', 1),
(230, 'A7', 8, 'Platinum', 9000000, 3, '2025-03-25 22:13:40', 3, '2025-03-25 22:13:40', 1),
(231, 'A8', 8, 'Platinum', 9000000, 3, '2025-03-25 22:13:40', 3, '2025-03-25 22:13:40', 1),
(232, 'A9', 8, 'Platinum', 9000000, 3, '2025-03-25 22:13:40', 3, '2025-03-25 22:13:40', 1),
(233, 'A10', 8, 'Platinum', 9000000, 3, '2025-03-25 22:13:40', 3, '2025-03-25 22:13:40', 1),
(234, 'B1', 8, 'Platinum', 9000000, 3, '2025-03-25 22:13:52', 3, '2025-03-25 22:13:52', 1),
(235, 'B2', 8, 'Platinum', 9000000, 3, '2025-03-25 22:13:52', 3, '2025-03-25 22:13:52', 1),
(236, 'B3', 8, 'Platinum', 9000000, 3, '2025-03-25 22:13:52', 3, '2025-03-25 22:13:52', 1),
(237, 'B4', 8, 'Platinum', 9000000, 3, '2025-03-25 22:13:52', 3, '2025-03-25 22:13:52', 1),
(238, 'B5', 8, 'Platinum', 9000000, 3, '2025-03-25 22:13:52', 3, '2025-03-25 22:13:52', 1),
(239, 'B6', 8, 'Platinum', 9000000, 3, '2025-03-25 22:13:52', 3, '2025-03-25 22:13:52', 1),
(240, 'B7', 8, 'Platinum', 9000000, 3, '2025-03-25 22:13:52', 3, '2025-03-25 22:13:52', 1),
(241, 'B8', 8, 'Platinum', 9000000, 3, '2025-03-25 22:13:52', 3, '2025-03-25 22:13:52', 1),
(242, 'B9', 8, 'Platinum', 9000000, 3, '2025-03-25 22:13:52', 3, '2025-03-25 22:13:52', 1),
(243, 'B10', 8, 'Platinum', 9000000, 3, '2025-03-25 22:13:52', 3, '2025-03-25 22:13:52', 1),
(244, 'C1', 8, 'Platinum', 9000000, 3, '2025-03-25 22:14:01', 3, '2025-03-25 22:14:01', 1),
(245, 'C2', 8, 'Platinum', 9000000, 3, '2025-03-25 22:14:01', 3, '2025-03-25 22:14:01', 1),
(246, 'C3', 8, 'Platinum', 9000000, 3, '2025-03-25 22:14:01', 3, '2025-03-25 22:14:01', 1),
(247, 'C4', 8, 'Platinum', 9000000, 3, '2025-03-25 22:14:01', 3, '2025-03-25 22:14:01', 1),
(248, 'C5', 8, 'Platinum', 9000000, 3, '2025-03-25 22:14:01', 3, '2025-03-25 22:14:01', 1),
(249, 'C6', 8, 'Platinum', 9000000, 3, '2025-03-25 22:14:01', 3, '2025-03-25 22:14:01', 1),
(250, 'C7', 8, 'Platinum', 9000000, 3, '2025-03-25 22:14:01', 3, '2025-03-25 22:14:01', 1),
(251, 'C8', 8, 'Platinum', 9000000, 3, '2025-03-25 22:14:01', 3, '2025-03-25 22:14:01', 1),
(252, 'C9', 8, 'Platinum', 9000000, 3, '2025-03-25 22:14:01', 3, '2025-03-25 22:14:01', 1),
(253, 'C10', 8, 'Platinum', 9000000, 3, '2025-03-25 22:14:01', 3, '2025-03-25 22:14:01', 1),
(254, 'D1', 8, 'Platinum', 9000000, 3, '2025-03-25 22:14:09', 3, '2025-03-25 22:14:09', 1),
(255, 'D2', 8, 'Platinum', 9000000, 3, '2025-03-25 22:14:09', 3, '2025-03-25 22:14:09', 1),
(256, 'D3', 8, 'Platinum', 9000000, 3, '2025-03-25 22:14:09', 3, '2025-03-25 22:14:09', 1),
(257, 'D4', 8, 'Platinum', 9000000, 3, '2025-03-25 22:14:09', 3, '2025-03-25 22:14:09', 1),
(258, 'D5', 8, 'Platinum', 9000000, 3, '2025-03-25 22:14:09', 3, '2025-03-25 22:14:09', 1),
(259, 'D6', 8, 'Platinum', 9000000, 3, '2025-03-25 22:14:09', 3, '2025-03-25 22:14:09', 1),
(260, 'D7', 8, 'Platinum', 9000000, 3, '2025-03-25 22:14:09', 3, '2025-03-25 22:14:09', 1),
(261, 'D8', 8, 'Platinum', 9000000, 3, '2025-03-25 22:14:09', 3, '2025-03-25 22:14:09', 1),
(262, 'D9', 8, 'Platinum', 9000000, 3, '2025-03-25 22:14:09', 3, '2025-03-25 22:14:09', 1),
(263, 'D10', 8, 'Platinum', 9000000, 3, '2025-03-25 22:14:09', 3, '2025-03-25 22:14:09', 1),
(264, 'E1', 8, 'Platinum', 9000000, 3, '2025-03-25 22:14:15', 3, '2025-03-25 22:14:15', 1),
(265, 'E2', 8, 'Platinum', 9000000, 3, '2025-03-25 22:14:15', 3, '2025-03-25 22:14:15', 1),
(266, 'E3', 8, 'Platinum', 9000000, 3, '2025-03-25 22:14:15', 3, '2025-03-25 22:14:15', 1),
(267, 'E4', 8, 'Platinum', 9000000, 3, '2025-03-25 22:14:15', 3, '2025-03-25 22:14:15', 1),
(268, 'E5', 8, 'Platinum', 9000000, 3, '2025-03-25 22:14:15', 3, '2025-03-25 22:14:15', 1),
(269, 'E6', 8, 'Platinum', 9000000, 3, '2025-03-25 22:14:15', 3, '2025-03-25 22:14:15', 1),
(270, 'E7', 8, 'Platinum', 9000000, 3, '2025-03-25 22:14:15', 3, '2025-03-25 22:14:15', 1),
(271, 'E8', 8, 'Platinum', 9000000, 3, '2025-03-25 22:14:15', 3, '2025-03-25 22:14:15', 1),
(272, 'E9', 8, 'Platinum', 9000000, 3, '2025-03-25 22:14:15', 3, '2025-03-25 22:14:15', 1),
(273, 'E10', 8, 'Platinum', 9000000, 3, '2025-03-25 22:14:15', 3, '2025-03-25 22:14:15', 1),
(274, 'F1', 8, 'Platinum', 9000000, 3, '2025-03-25 22:14:22', 3, '2025-03-25 22:14:22', 1),
(275, 'F2', 8, 'Platinum', 9000000, 3, '2025-03-25 22:14:22', 3, '2025-03-25 22:14:22', 1),
(276, 'F3', 8, 'Platinum', 9000000, 3, '2025-03-25 22:14:22', 3, '2025-03-25 22:14:22', 1),
(277, 'F4', 8, 'Platinum', 9000000, 3, '2025-03-25 22:14:22', 3, '2025-03-25 22:14:22', 1),
(278, 'F5', 8, 'Platinum', 9000000, 3, '2025-03-25 22:14:22', 3, '2025-03-25 22:14:22', 1),
(279, 'F6', 8, 'Platinum', 9000000, 3, '2025-03-25 22:14:22', 3, '2025-03-25 22:14:22', 1),
(280, 'F7', 8, 'Platinum', 9000000, 3, '2025-03-25 22:14:22', 3, '2025-03-25 22:14:22', 1),
(281, 'F8', 8, 'Platinum', 9000000, 3, '2025-03-25 22:14:22', 3, '2025-03-25 22:14:22', 1),
(282, 'F9', 8, 'Platinum', 9000000, 3, '2025-03-25 22:14:22', 3, '2025-03-25 22:14:22', 1),
(283, 'F10', 8, 'Platinum', 9000000, 3, '2025-03-25 22:14:22', 3, '2025-03-25 22:14:22', 1),
(284, 'G1', 8, 'Platinum', 9000000, 3, '2025-03-25 22:14:35', 3, '2025-03-25 22:14:35', 1),
(285, 'G2', 8, 'Platinum', 9000000, 3, '2025-03-25 22:14:35', 3, '2025-03-25 22:14:35', 1),
(286, 'G3', 8, 'Platinum', 9000000, 3, '2025-03-25 22:14:35', 3, '2025-03-25 22:14:35', 1),
(287, 'G4', 8, 'Platinum', 9000000, 3, '2025-03-25 22:14:35', 3, '2025-03-25 22:14:35', 1),
(288, 'G5', 8, 'Platinum', 9000000, 3, '2025-03-25 22:14:35', 3, '2025-03-25 22:14:35', 1),
(289, 'G6', 8, 'Platinum', 9000000, 3, '2025-03-25 22:14:35', 3, '2025-03-25 22:14:35', 1),
(290, 'G7', 8, 'Platinum', 9000000, 3, '2025-03-25 22:14:35', 3, '2025-03-25 22:14:35', 1),
(291, 'G8', 8, 'Platinum', 9000000, 3, '2025-03-25 22:14:35', 3, '2025-03-25 22:14:35', 1),
(292, 'G9', 8, 'Platinum', 9000000, 3, '2025-03-25 22:14:35', 3, '2025-03-25 22:14:35', 1),
(293, 'G10', 8, 'Platinum', 9000000, 3, '2025-03-25 22:14:35', 3, '2025-03-25 22:14:35', 1),
(294, 'H1', 8, 'Platinum', 9000000, 3, '2025-03-25 22:14:44', 3, '2025-03-25 22:14:44', 1),
(295, 'H2', 8, 'Platinum', 9000000, 3, '2025-03-25 22:14:44', 3, '2025-03-25 22:14:44', 1),
(296, 'H3', 8, 'Platinum', 9000000, 3, '2025-03-25 22:14:44', 3, '2025-03-25 22:14:44', 1),
(297, 'H4', 8, 'Platinum', 9000000, 3, '2025-03-25 22:14:44', 3, '2025-03-25 22:14:44', 1),
(298, 'H5', 8, 'Platinum', 9000000, 3, '2025-03-25 22:14:44', 3, '2025-03-25 22:14:44', 1),
(299, 'H6', 8, 'Platinum', 9000000, 3, '2025-03-25 22:14:44', 3, '2025-03-25 22:14:44', 1),
(300, 'H7', 8, 'Platinum', 9000000, 3, '2025-03-25 22:14:44', 3, '2025-03-25 22:14:44', 1),
(301, 'H8', 8, 'Platinum', 9000000, 3, '2025-03-25 22:14:44', 3, '2025-03-25 22:14:44', 1),
(302, 'H9', 8, 'Platinum', 9000000, 3, '2025-03-25 22:14:44', 3, '2025-03-25 22:14:44', 1),
(303, 'H10', 8, 'Platinum', 9000000, 3, '2025-03-25 22:14:44', 3, '2025-03-25 22:14:44', 1),
(304, 'A1', 7, 'Gold', 4500000, 3, '2025-03-25 22:48:47', 3, '2025-03-25 22:48:47', 1),
(305, 'A2', 7, 'Gold', 4500000, 3, '2025-03-25 22:48:47', 3, '2025-03-25 22:48:47', 1),
(306, 'A3', 7, 'Gold', 4500000, 3, '2025-03-25 22:48:47', 3, '2025-03-25 22:48:47', 1),
(307, 'A4', 7, 'Gold', 4500000, 3, '2025-03-25 22:48:47', 3, '2025-03-25 22:48:47', 1),
(308, 'A5', 7, 'Gold', 4500000, 3, '2025-03-25 22:48:47', 3, '2025-03-25 22:48:47', 1),
(309, 'A6', 7, 'Gold', 4500000, 3, '2025-03-25 22:48:47', 3, '2025-03-25 22:48:47', 1),
(310, 'A7', 7, 'Gold', 4500000, 3, '2025-03-25 22:48:47', 3, '2025-03-25 22:48:47', 1),
(311, 'A8', 7, 'Gold', 4500000, 3, '2025-03-25 22:48:47', 3, '2025-03-25 22:48:47', 1),
(312, 'A9', 7, 'Gold', 4500000, 3, '2025-03-25 22:48:47', 3, '2025-03-25 22:48:47', 1),
(313, 'A10', 7, 'Gold', 4500000, 3, '2025-03-25 22:48:47', 3, '2025-03-25 22:48:47', 1),
(314, 'B1', 7, 'Gold', 4500000, 3, '2025-03-25 22:48:55', 3, '2025-03-25 22:48:55', 1),
(315, 'B2', 7, 'Gold', 4500000, 3, '2025-03-25 22:48:55', 3, '2025-03-25 22:48:55', 1),
(316, 'B3', 7, 'Gold', 4500000, 3, '2025-03-25 22:48:55', 3, '2025-03-25 22:48:55', 1),
(317, 'B4', 7, 'Gold', 4500000, 3, '2025-03-25 22:48:55', 3, '2025-03-25 22:48:55', 1),
(318, 'B5', 7, 'Gold', 4500000, 3, '2025-03-25 22:48:55', 3, '2025-03-25 22:48:55', 1),
(319, 'B6', 7, 'Gold', 4500000, 3, '2025-03-25 22:48:55', 3, '2025-03-25 22:48:55', 1),
(320, 'B7', 7, 'Gold', 4500000, 3, '2025-03-25 22:48:55', 3, '2025-03-25 22:48:55', 1),
(321, 'B8', 7, 'Gold', 4500000, 3, '2025-03-25 22:48:55', 3, '2025-03-25 22:48:55', 1),
(322, 'B9', 7, 'Gold', 4500000, 3, '2025-03-25 22:48:55', 3, '2025-03-25 22:48:55', 1),
(323, 'B10', 7, 'Gold', 4500000, 3, '2025-03-25 22:48:55', 3, '2025-03-25 22:48:55', 1),
(324, 'C1', 7, 'Gold', 4500000, 3, '2025-03-25 22:49:03', 3, '2025-03-25 22:49:03', 1),
(325, 'C2', 7, 'Gold', 4500000, 3, '2025-03-25 22:49:03', 3, '2025-03-25 22:49:03', 1),
(326, 'C3', 7, 'Gold', 4500000, 3, '2025-03-25 22:49:03', 3, '2025-03-25 22:49:03', 1),
(327, 'C4', 7, 'Gold', 4500000, 3, '2025-03-25 22:49:03', 3, '2025-03-25 22:49:03', 1),
(328, 'C5', 7, 'Gold', 4500000, 3, '2025-03-25 22:49:03', 3, '2025-03-25 22:49:03', 1),
(329, 'C6', 7, 'Gold', 4500000, 3, '2025-03-25 22:49:03', 3, '2025-03-25 22:49:03', 1),
(330, 'C7', 7, 'Gold', 4500000, 3, '2025-03-25 22:49:03', 3, '2025-03-25 22:49:03', 1),
(331, 'C8', 7, 'Gold', 4500000, 3, '2025-03-25 22:49:03', 3, '2025-03-25 22:49:03', 1),
(332, 'C9', 7, 'Gold', 4500000, 3, '2025-03-25 22:49:03', 3, '2025-03-25 22:49:03', 1),
(333, 'C10', 7, 'Gold', 4500000, 3, '2025-03-25 22:49:03', 3, '2025-03-25 22:49:03', 1),
(334, 'D1', 7, 'Gold', 4500000, 3, '2025-03-25 22:49:11', 3, '2025-03-25 22:49:11', 1),
(335, 'D2', 7, 'Gold', 4500000, 3, '2025-03-25 22:49:11', 3, '2025-03-25 22:49:11', 1),
(336, 'D3', 7, 'Gold', 4500000, 3, '2025-03-25 22:49:11', 3, '2025-03-25 22:49:11', 1),
(337, 'D4', 7, 'Gold', 4500000, 3, '2025-03-25 22:49:11', 3, '2025-03-25 22:49:11', 1),
(338, 'D5', 7, 'Gold', 4500000, 3, '2025-03-25 22:49:11', 3, '2025-03-25 22:49:11', 1),
(339, 'D6', 7, 'Gold', 4500000, 3, '2025-03-25 22:49:11', 3, '2025-03-25 22:49:11', 1),
(340, 'D7', 7, 'Gold', 4500000, 3, '2025-03-25 22:49:11', 3, '2025-03-25 22:49:11', 1),
(341, 'D8', 7, 'Gold', 4500000, 3, '2025-03-25 22:49:11', 3, '2025-03-25 22:49:11', 1),
(342, 'D9', 7, 'Gold', 4500000, 3, '2025-03-25 22:49:11', 3, '2025-03-25 22:49:11', 1),
(343, 'D10', 7, 'Gold', 4500000, 3, '2025-03-25 22:49:11', 3, '2025-03-25 22:49:11', 1),
(344, 'E1', 7, 'Gold', 4500000, 3, '2025-03-25 22:49:18', 3, '2025-03-25 22:49:18', 1),
(345, 'E2', 7, 'Gold', 4500000, 3, '2025-03-25 22:49:18', 3, '2025-03-25 22:49:18', 1),
(346, 'E3', 7, 'Gold', 4500000, 3, '2025-03-25 22:49:18', 3, '2025-03-25 22:49:18', 1),
(347, 'E4', 7, 'Gold', 4500000, 3, '2025-03-25 22:49:18', 3, '2025-03-25 22:49:18', 1),
(348, 'E5', 7, 'Gold', 4500000, 3, '2025-03-25 22:49:18', 3, '2025-03-25 22:49:18', 1),
(349, 'E6', 7, 'Gold', 4500000, 3, '2025-03-25 22:49:18', 3, '2025-03-25 22:49:18', 1),
(350, 'E7', 7, 'Gold', 4500000, 3, '2025-03-25 22:49:18', 3, '2025-03-25 22:49:18', 1),
(351, 'E8', 7, 'Gold', 4500000, 3, '2025-03-25 22:49:18', 3, '2025-03-25 22:49:18', 1),
(352, 'E9', 7, 'Gold', 4500000, 3, '2025-03-25 22:49:18', 3, '2025-03-25 22:49:18', 1),
(353, 'E10', 7, 'Gold', 4500000, 3, '2025-03-25 22:49:18', 3, '2025-03-25 22:49:18', 1),
(354, 'F1', 7, 'Gold', 4500000, 3, '2025-03-25 22:49:26', 3, '2025-03-25 22:49:26', 1),
(355, 'F2', 7, 'Gold', 4500000, 3, '2025-03-25 22:49:26', 3, '2025-03-25 22:49:26', 1),
(356, 'F3', 7, 'Gold', 4500000, 3, '2025-03-25 22:49:26', 3, '2025-03-25 22:49:26', 1),
(357, 'F4', 7, 'Gold', 4500000, 3, '2025-03-25 22:49:26', 3, '2025-03-25 22:49:26', 1),
(358, 'F5', 7, 'Gold', 4500000, 3, '2025-03-25 22:49:26', 3, '2025-03-25 22:49:26', 1),
(359, 'F6', 7, 'Gold', 4500000, 3, '2025-03-25 22:49:26', 3, '2025-03-25 22:49:26', 1),
(360, 'F7', 7, 'Gold', 4500000, 3, '2025-03-25 22:49:26', 3, '2025-03-25 22:49:26', 1),
(361, 'F8', 7, 'Gold', 4500000, 3, '2025-03-25 22:49:26', 3, '2025-03-25 22:49:26', 1),
(362, 'F9', 7, 'Gold', 4500000, 3, '2025-03-25 22:49:26', 3, '2025-03-25 22:49:26', 1),
(363, 'F10', 7, 'Gold', 4500000, 3, '2025-03-25 22:49:26', 3, '2025-03-25 22:49:26', 1),
(364, 'G1', 7, 'Gold', 4500000, 3, '2025-03-25 22:49:33', 3, '2025-03-25 22:49:33', 1),
(365, 'G2', 7, 'Gold', 4500000, 3, '2025-03-25 22:49:33', 3, '2025-03-25 22:49:33', 1),
(366, 'G3', 7, 'Gold', 4500000, 3, '2025-03-25 22:49:33', 3, '2025-03-25 22:49:33', 1),
(367, 'G4', 7, 'Gold', 4500000, 3, '2025-03-25 22:49:33', 3, '2025-03-25 22:49:33', 1),
(368, 'G5', 7, 'Gold', 4500000, 3, '2025-03-25 22:49:33', 3, '2025-03-25 22:49:33', 1),
(369, 'G6', 7, 'Gold', 4500000, 3, '2025-03-25 22:49:33', 3, '2025-03-25 22:49:33', 1),
(370, 'G7', 7, 'Gold', 4500000, 3, '2025-03-25 22:49:33', 3, '2025-03-25 22:49:33', 1),
(371, 'G8', 7, 'Gold', 4500000, 3, '2025-03-25 22:49:33', 3, '2025-03-25 22:49:33', 1),
(372, 'G9', 7, 'Gold', 4500000, 3, '2025-03-25 22:49:33', 3, '2025-03-25 22:49:33', 1),
(373, 'G10', 7, 'Gold', 4500000, 3, '2025-03-25 22:49:33', 3, '2025-03-25 22:49:33', 1),
(374, 'H1', 7, 'Gold', 4500000, 3, '2025-03-25 22:49:39', 3, '2025-03-25 22:49:39', 1),
(375, 'H2', 7, 'Gold', 4500000, 3, '2025-03-25 22:49:39', 3, '2025-03-25 22:49:39', 1),
(376, 'H3', 7, 'Gold', 4500000, 3, '2025-03-25 22:49:39', 3, '2025-03-25 22:49:39', 1),
(377, 'H4', 7, 'Gold', 4500000, 3, '2025-03-25 22:49:39', 3, '2025-03-25 22:49:39', 1),
(378, 'H5', 7, 'Gold', 4500000, 3, '2025-03-25 22:49:39', 3, '2025-03-25 22:49:39', 1),
(379, 'H6', 7, 'Gold', 4500000, 3, '2025-03-25 22:49:39', 3, '2025-03-25 22:49:39', 1),
(380, 'H7', 7, 'Gold', 4500000, 3, '2025-03-25 22:49:39', 3, '2025-03-25 22:49:39', 1),
(381, 'H8', 7, 'Gold', 4500000, 3, '2025-03-25 22:49:39', 3, '2025-03-25 22:49:39', 1),
(382, 'H9', 7, 'Gold', 4500000, 3, '2025-03-25 22:49:39', 3, '2025-03-25 22:49:39', 1),
(383, 'H10', 7, 'Gold', 4500000, 3, '2025-03-25 22:49:39', 3, '2025-03-25 22:49:39', 1),
(385, 'C1', 2, 'Đơn', 79000, 3, '2025-04-05 17:02:01', 3, '2025-04-05 17:02:01', 1),
(386, 'A1', 3, 'Đôi', 180000, 3, '2025-04-09 00:38:22', 3, '2025-04-09 00:38:22', 1),
(387, 'A2', 3, 'Đôi', 180000, 3, '2025-04-09 00:38:22', 3, '2025-04-09 00:38:22', 1),
(388, 'A3', 3, 'Đôi', 180000, 3, '2025-04-09 00:38:22', 3, '2025-04-09 00:38:22', 1),
(389, 'A4', 3, 'Đôi', 180000, 3, '2025-04-09 00:38:22', 3, '2025-04-09 00:38:22', 1),
(410, 'F1', 3, 'Đôi', 180000, 3, '2025-04-09 00:52:25', 3, '2025-04-09 00:52:25', 1),
(411, 'F2', 3, 'Đôi', 180000, 3, '2025-04-09 00:52:25', 3, '2025-04-09 00:52:25', 1),
(412, 'F3', 3, 'Đôi', 180000, 3, '2025-04-09 00:52:25', 3, '2025-04-09 00:52:25', 1),
(413, 'F4', 3, 'Đôi', 180000, 3, '2025-04-09 00:52:25', 3, '2025-04-09 00:52:25', 1),
(414, 'F5', 3, 'Đôi', 180000, 3, '2025-04-09 00:52:25', 3, '2025-04-09 00:52:25', 1),
(415, 'F6', 3, 'Đôi', 180000, 3, '2025-04-09 00:52:25', 3, '2025-04-09 00:52:25', 1),
(416, 'F7', 3, 'Đôi', 180000, 3, '2025-04-09 00:52:25', 3, '2025-04-09 00:52:25', 1),
(417, 'F8', 3, 'Đôi', 180000, 3, '2025-04-09 00:52:25', 3, '2025-04-09 00:52:25', 1),
(418, 'F9', 3, 'Đôi', 180000, 3, '2025-04-09 00:52:25', 3, '2025-04-09 00:52:25', 1),
(419, 'F10', 3, 'Đôi', 180000, 3, '2025-04-09 00:52:25', 3, '2025-04-09 00:52:25', 1);

-- --------------------------------------------------------

--
-- Table structure for table `hoadon`
--

CREATE TABLE `hoadon` (
  `MaHD` int(11) NOT NULL,
  `MaND` int(11) NOT NULL,
  `NgayLapHD` datetime NOT NULL,
  `TongTien` int(11) DEFAULT NULL,
  `NguoiTao` int(11) NOT NULL,
  `NgayTao` datetime NOT NULL,
  `NguoiCapNhat` int(11) DEFAULT NULL,
  `NgayCapNhat` datetime DEFAULT NULL,
  `TrangThai` tinyint(1) DEFAULT NULL,
  `PhuongThucThanhToan` varchar(50) DEFAULT NULL
) ENGINE=InnoDB DEFAULT CHARSET=utf8 COLLATE=utf8_general_ci;

--
-- Dumping data for table `hoadon`
--

INSERT INTO `hoadon` (`MaHD`, `MaND`, `NgayLapHD`, `TongTien`, `NguoiTao`, `NgayTao`, `NguoiCapNhat`, `NgayCapNhat`, `TrangThai`, `PhuongThucThanhToan`) VALUES
(31, 5, '2023-11-22 12:54:31', 1500000, 5, '2024-11-14 12:54:31', 5, '2024-11-14 12:54:31', 1, NULL),
(32, 5, '2023-11-15 12:55:31', 1110000, 5, '2024-11-14 12:55:31', 5, '2024-11-14 12:55:31', 1, NULL),
(33, 5, '2024-10-24 12:57:49', 316000, 5, '2024-11-14 12:57:49', 5, '2024-11-14 12:57:49', 1, NULL),
(34, 10, '2023-11-15 10:34:28', 1178000, 10, '2024-11-15 10:34:28', 10, '2024-11-15 10:34:28', 1, NULL),
(35, 10, '2024-11-15 10:34:53', 158000, 10, '2024-11-15 10:34:53', 10, '2024-11-15 10:34:53', 1, NULL),
(36, 10, '2024-11-15 10:38:59', 1178000, 10, '2024-11-15 10:38:59', 10, '2024-11-15 10:38:59', 1, NULL),
(37, 10, '2023-11-08 10:40:34', 5882080, 10, '2024-11-15 10:40:34', 10, '2024-11-15 10:40:34', 1, NULL),
(38, 10, '2024-11-15 10:41:01', 627000, 10, '2024-11-15 10:41:01', 10, '2024-11-15 10:41:01', 1, NULL),
(39, 5, '2024-11-15 10:42:12', 2009840, 5, '2024-11-15 10:42:12', 5, '2024-11-15 10:42:12', 1, NULL),
(40, 5, '2024-11-15 10:49:37', 1200800, 5, '2024-11-15 10:49:37', 5, '2024-11-15 10:49:37', 1, NULL),
(41, 11, '2023-11-23 10:50:41', 1800000, 11, '2024-11-15 10:50:41', 11, '2024-11-15 10:50:41', 1, NULL),
(42, 11, '2024-11-15 10:51:04', 1200000, 11, '2024-11-15 10:51:04', 11, '2024-11-15 10:51:04', 1, NULL),
(43, 13, '2024-11-15 16:28:33', 1110000, 13, '2024-11-15 16:28:33', 13, '2024-11-15 16:28:33', 1, NULL),
(44, 13, '2024-11-15 16:35:55', 826000, 13, '2024-11-15 16:35:55', 13, '2024-11-15 16:35:55', 1, NULL),
(45, 13, '2024-11-15 16:36:14', 300000, 13, '2024-11-15 16:36:14', 13, '2024-11-15 16:36:14', 1, NULL),
(46, 5, '2024-11-16 08:51:51', 285000, 5, '2024-11-16 08:51:51', 5, '2024-11-16 08:51:51', 1, NULL),
(47, 13, '2024-01-17 09:36:34', 1500000, 1, '2024-11-16 03:36:34', NULL, NULL, 1, NULL),
(49, 5, '2024-03-15 09:38:27', 2800000, 1, '2024-03-15 09:38:27', NULL, NULL, 1, NULL),
(50, 8, '2024-04-18 09:39:46', 1200000, 1, '2024-11-16 03:39:46', NULL, NULL, 1, NULL),
(51, 5, '2024-05-29 09:40:12', 7200000, 1, '2024-11-16 03:40:12', NULL, NULL, 1, NULL),
(52, 12, '2024-05-23 09:40:55', 4000000, 1, '2024-11-16 03:40:54', NULL, NULL, 1, NULL),
(54, 5, '2024-11-30 23:16:23', 342000, 5, '2024-11-30 23:16:23', 5, '2024-11-30 23:16:23', 1, NULL),
(55, 5, '2024-11-30 23:16:36', 142500, 5, '2024-11-30 23:16:36', 5, '2024-11-30 23:16:36', 1, NULL),
(56, 5, '2024-11-30 23:16:53', 342000, 5, '2024-11-30 23:16:53', 5, '2024-11-30 23:16:53', 1, NULL),
(57, 5, '2024-11-30 23:17:55', 342000, 5, '2024-11-30 23:17:55', 5, '2024-11-30 23:17:55', 1, NULL),
(58, 5, '2025-03-17 09:12:44', 285000, 5, '2025-03-17 09:12:44', 5, '2025-03-17 09:12:44', 1, NULL),
(59, 5, '2025-03-19 15:56:24', 142500, 5, '2025-03-19 15:56:24', 5, '2025-03-19 15:56:24', 1, NULL),
(60, 5, '2025-03-19 15:57:05', 142500, 5, '2025-03-19 15:57:05', 5, '2025-03-19 15:57:05', 1, NULL),
(61, 5, '2025-03-19 17:03:21', 142500, 5, '2025-03-19 17:03:21', 5, '2025-03-19 17:03:21', 1, NULL),
(62, 5, '2025-03-19 17:55:06', 360050, 5, '2025-03-19 17:55:06', 5, '2025-03-19 17:55:06', 1, NULL),
(63, 5, '2025-03-20 14:35:19', 502550, 5, '2025-03-20 14:35:19', 5, '2025-03-20 14:35:19', 1, NULL),
(64, 5, '2025-03-20 16:02:52', 17100000, 5, '2025-03-20 16:02:52', 5, '2025-03-20 16:02:52', 1, NULL),
(65, 5, '2025-03-20 16:04:11', 8100000, 5, '2025-03-20 16:04:11', 5, '2025-03-20 16:04:11', 1, NULL),
(66, 5, '2025-03-21 15:43:01', 171000, 5, '2025-03-21 15:43:01', 5, '2025-03-21 15:43:01', 1, NULL),
(67, 5, '2025-03-21 15:47:17', 171000, 5, '2025-03-21 15:47:17', 5, '2025-03-21 15:47:17', 1, NULL),
(68, 5, '2025-03-21 15:48:35', 0, 5, '2025-03-21 15:48:35', 5, '2025-03-21 15:48:35', 1, NULL),
(69, 5, '2025-03-21 15:49:18', 171000, 5, '2025-03-21 15:49:18', 5, '2025-03-21 15:49:18', 1, NULL),
(70, 5, '2025-03-21 15:49:42', 171000, 5, '2025-03-21 15:49:42', 5, '2025-03-21 15:49:42', 1, NULL),
(71, 5, '2025-03-21 15:53:34', 355500, 5, '2025-03-21 15:53:34', 5, '2025-03-21 15:53:34', 1, NULL),
(72, 5, '2025-03-21 15:54:50', 355500, 5, '2025-03-21 15:54:50', 5, '2025-03-21 15:54:50', 1, NULL),
(73, 5, '2025-03-21 15:59:15', 85500, 5, '2025-03-21 15:59:15', 5, '2025-03-21 15:59:15', 1, NULL),
(74, 5, '2025-03-21 16:02:13', 0, 5, '2025-03-21 16:02:13', 5, '2025-03-21 16:02:13', 1, NULL),
(75, 5, '2025-03-21 16:08:28', 0, 5, '2025-03-21 16:08:28', 5, '2025-03-21 16:08:28', 1, NULL),
(76, 5, '2025-03-21 16:15:24', 85500, 5, '2025-03-21 16:15:24', 5, '2025-03-21 16:15:24', 1, NULL),
(77, 5, '2025-03-21 16:17:30', 85500, 5, '2025-03-21 16:17:30', 5, '2025-03-21 16:17:30', 1, NULL),
(78, 5, '2025-03-21 16:23:31', 342000, 5, '2025-03-21 16:23:31', 5, '2025-03-21 16:23:31', 1, NULL),
(79, 5, '2025-03-21 16:28:40', 71100, 5, '2025-03-21 16:28:40', 5, '2025-03-21 16:28:40', 1, NULL),
(80, 5, '2025-03-21 17:08:21', 174000, 5, '2025-03-21 17:08:21', 5, '2025-03-21 17:08:21', 1, NULL),
(81, 5, '2025-03-21 17:10:56', 174000, 5, '2025-03-21 17:10:56', 5, '2025-03-21 17:10:56', 1, NULL),
(82, 5, '2025-03-21 17:14:18', 174000, 5, '2025-03-21 17:14:18', 5, '2025-03-21 17:14:18', 1, NULL),
(83, 5, '2025-03-21 17:19:02', 550000, 5, '2025-03-21 17:19:02', 5, '2025-03-21 17:19:02', 1, NULL),
(84, 5, '2025-03-21 17:24:53', 202000, 5, '2025-03-21 17:24:53', 5, '2025-03-21 17:24:53', 1, NULL),
(85, 5, '2025-03-21 17:25:14', 202000, 5, '2025-03-21 17:25:14', 5, '2025-03-21 17:25:14', 1, NULL),
(86, 5, '2025-03-21 17:28:20', 2174000, 5, '2025-03-21 17:28:20', 5, '2025-03-21 17:28:20', 1, NULL),
(87, 5, '2025-03-21 17:32:49', 2202000, 5, '2025-03-21 17:32:49', 5, '2025-03-21 17:32:49', 1, NULL),
(88, 5, '2025-03-21 18:10:21', 4565000, 5, '2025-03-21 18:10:21', 5, '2025-03-21 18:10:21', 1, NULL),
(89, 5, '2025-03-21 18:26:05', 360000, 5, '2025-03-21 18:26:05', 5, '2025-03-21 18:26:05', 1, NULL),
(90, 5, '2025-03-21 18:49:13', 150000, 5, '2025-03-21 18:49:13', 5, '2025-03-21 18:49:13', 1, NULL),
(91, 5, '2025-03-21 21:24:27', 150000, 5, '2025-03-21 21:24:27', 5, '2025-03-21 21:24:27', 1, NULL),
(92, 5, '2025-03-21 21:25:25', 245000, 5, '2025-03-21 21:25:25', 5, '2025-03-21 21:25:25', 1, NULL),
(93, 5, '2025-03-21 21:47:17', 273000, 5, '2025-03-21 21:47:17', 5, '2025-03-21 21:47:17', 1, NULL),
(94, 5, '2025-03-21 21:53:03', 273000, 5, '2025-03-21 21:53:03', 5, '2025-03-21 21:53:03', 1, NULL),
(95, 5, '2025-03-21 21:58:47', 273000, 5, '2025-03-21 21:58:47', 5, '2025-03-21 21:58:47', 1, NULL),
(96, 5, '2025-03-21 22:04:06', 938000, 5, '2025-03-21 22:04:06', 5, '2025-03-21 22:04:06', 1, NULL),
(97, 5, '2025-03-21 22:07:34', 9246000, 5, '2025-03-21 22:07:34', 5, '2025-03-21 22:07:34', 1, NULL),
(98, 5, '2025-03-21 23:34:04', 490000, 5, '2025-03-21 23:34:04', 5, '2025-03-21 23:34:04', 1, NULL),
(99, 5, '2025-03-21 23:40:34', 395000, 5, '2025-03-21 23:40:34', 5, '2025-03-21 23:40:34', 1, NULL),
(100, 5, '2025-03-21 23:45:12', 150000, 5, '2025-03-21 23:45:12', 5, '2025-03-21 23:45:12', 1, NULL),
(101, 5, '2025-03-21 23:49:21', 453000, 5, '2025-03-21 23:49:21', 5, '2025-03-21 23:49:21', 1, NULL),
(102, 5, '2025-03-21 23:56:14', 4125000, 5, '2025-03-21 23:56:14', 5, '2025-03-21 23:56:14', 1, NULL),
(103, 5, '2025-03-22 00:01:25', 4250000, 5, '2025-03-22 00:01:25', 5, '2025-03-22 00:01:25', 1, NULL),
(104, 5, '2025-03-22 00:21:34', 4250000, 5, '2025-03-22 00:21:34', 5, '2025-03-22 00:21:34', 1, NULL),
(105, 5, '2025-03-22 00:27:04', 18250000, 5, '2025-03-22 00:27:04', 5, '2025-03-22 00:27:04', 1, NULL),
(106, 5, '2025-03-22 00:33:08', 18250000, 5, '2025-03-22 00:33:08', 5, '2025-03-22 00:33:08', 1, NULL),
(107, 5, '2025-03-22 00:35:51', 18250000, 5, '2025-03-22 00:35:51', 5, '2025-03-22 00:35:51', 1, NULL),
(108, 5, '2025-03-22 00:39:16', 550000, 5, '2025-03-22 00:39:16', 5, '2025-03-22 00:39:16', 1, NULL),
(109, 5, '2025-03-22 15:46:39', 483000, 5, '2025-03-22 15:46:39', 5, '2025-03-22 15:46:39', 1, 'VNPay'),
(110, 5, '2025-03-22 16:07:19', 158000, 5, '2025-03-22 16:07:19', 5, '2025-03-22 16:07:19', 1, 'VNPay'),
(111, 5, '2025-03-22 16:22:14', 550000, 5, '2025-03-22 16:22:14', 5, '2025-03-22 16:22:14', 1, 'VNPay'),
(112, 5, '2025-03-22 16:30:27', 550000, 5, '2025-03-22 16:30:27', 5, '2025-03-22 16:30:27', 1, 'VNPay'),
(113, 5, '2025-03-22 16:32:17', 610000, 5, '2025-03-22 16:32:17', 5, '2025-03-22 16:32:17', 1, 'VNPay'),
(114, 11, '2025-03-24 10:41:08', 495000, 11, '2025-03-24 10:41:08', 11, '2025-03-24 10:41:08', 1, 'VNPay'),
(115, 11, '2025-03-24 10:43:01', 18190000, 11, '2025-03-24 10:43:01', 11, '2025-03-24 10:43:01', 1, 'VNPay'),
(116, 5, '2025-03-25 19:25:44', 408000, 5, '2025-03-25 19:25:44', 5, '2025-03-25 19:25:44', 1, 'VNPay'),
(117, 25, '2025-03-27 13:11:26', 429000, 25, '2025-03-27 13:11:26', 25, '2025-03-27 13:11:26', 1, 'VNPay'),
(118, 25, '2025-03-27 13:15:32', 829000, 25, '2025-03-27 13:15:32', 25, '2025-03-27 13:15:32', 1, 'VNPay'),
(119, 5, '2025-03-29 21:42:15', 395000, 5, '2025-03-29 21:42:15', 5, '2025-03-29 21:42:15', 1, 'VNPay'),
(120, 5, '2025-03-31 00:33:36', 416000, 5, '2025-03-31 00:33:36', 5, '2025-03-31 00:33:36', 1, 'VNPay'),
(121, 5, '2025-03-31 00:52:42', 9250000, 5, '2025-03-31 00:52:42', 5, '2025-03-31 00:52:42', 1, 'VNPay'),
(122, 5, '2025-03-31 11:54:08', 850000, 5, '2025-03-31 11:54:08', 5, '2025-03-31 11:54:08', 1, 'VNPay'),
(123, 5, '2025-04-01 17:43:11', 578000, 5, '2025-04-01 17:43:11', 5, '2025-04-01 17:43:11', 1, 'VNPay'),
(124, 5, '2025-04-04 19:46:37', 287000, 5, '2025-04-04 19:46:37', 5, '2025-04-04 19:46:37', 1, 'MOMO'),
(125, 5, '2025-04-04 19:47:13', 287000, 5, '2025-04-04 19:47:13', 5, '2025-04-04 19:47:13', 1, 'MOMO'),
(126, 5, '2025-04-04 19:49:58', 408000, 5, '2025-04-04 19:49:58', 5, '2025-04-04 19:49:58', 1, 'MOMO'),
(127, 5, '2025-04-04 19:54:48', 550000, 5, '2025-04-04 19:54:48', 5, '2025-04-04 19:54:48', 1, 'MOMO'),
(128, 5, '2025-04-04 21:43:53', 800000, 5, '2025-04-04 21:43:53', 5, '2025-04-04 21:43:53', 1, 'MOMO'),
(129, 5, '2025-04-04 21:51:35', 550000, 5, '2025-04-04 21:51:35', 5, '2025-04-04 21:51:35', 1, 'MOMO'),
(130, 5, '2025-04-07 12:34:22', 300000, 5, '2025-04-07 12:34:22', 5, '2025-04-07 12:34:22', 1, 'PayPal'),
(131, 5, '2025-04-07 12:36:58', 9250000, 5, '2025-04-07 12:36:58', 5, '2025-04-07 12:36:58', 1, 'PayPal'),
(132, 5, '2025-04-07 12:38:14', 180000, 5, '2025-04-07 12:38:14', 5, '2025-04-07 12:38:14', 1, 'VNPay'),
(133, 5, '2025-04-07 12:40:46', 499000, 5, '2025-04-07 12:40:46', 5, '2025-04-07 12:40:46', 1, 'MOMO'),
(134, 5, '2025-04-07 12:52:40', 540000, 5, '2025-04-07 12:52:40', 5, '2025-04-07 12:52:40', 1, 'Stripe'),
(135, 33, '2025-04-08 22:55:55', 600000, 33, '2025-04-08 22:55:55', 33, '2025-04-08 22:55:55', 1, 'PayPal');

-- --------------------------------------------------------

--
-- Table structure for table `khuvuc`
--

CREATE TABLE `khuvuc` (
  `MaKhuVuc` int(11) NOT NULL,
  `TenKhuVuc` varchar(255) NOT NULL,
  `MoTa` text DEFAULT NULL,
  `NguoiTao` int(11) NOT NULL,
  `NgayTao` datetime NOT NULL,
  `NguoiCapNhat` int(11) DEFAULT NULL,
  `NgayCapNhat` datetime DEFAULT NULL,
  `TrangThai` tinyint(1) DEFAULT 1
) ENGINE=InnoDB DEFAULT CHARSET=utf8 COLLATE=utf8_general_ci;

--
-- Dumping data for table `khuvuc`
--

INSERT INTO `khuvuc` (`MaKhuVuc`, `TenKhuVuc`, `MoTa`, `NguoiTao`, `NgayTao`, `NguoiCapNhat`, `NgayCapNhat`, `TrangThai`) VALUES
(1, 'TP. Hồ Chí Minh', 'Khu vực TP. Hồ Chí Minh', 3, '2025-03-19 10:00:00', NULL, NULL, 1),
(2, 'Hà Nội', 'Khu vực Hà Nội', 3, '2025-03-19 10:00:00', NULL, NULL, 1),
(3, 'Đà Nẵng', 'Khu vực Đà Nẵng', 3, '0000-00-00 00:00:00', NULL, NULL, 1),
(4, 'Hải Phòng', 'Khu vực Hải Phòng', 3, '0000-00-00 00:00:00', NULL, NULL, 1),
(5, 'Cần Thơ', 'Khu vực Cần Thơ', 3, '0000-00-00 00:00:00', NULL, NULL, 1),
(6, 'Bình Dương', 'Khu vực Bình Dương', 3, '0000-00-00 00:00:00', NULL, NULL, 1),
(7, 'Đồng Nai', 'Khu vực Đồng Nai', 3, '0000-00-00 00:00:00', NULL, NULL, 1),
(8, 'Khánh Hòa', 'Khu vực Khánh Hòa', 3, '0000-00-00 00:00:00', NULL, NULL, 1),
(9, 'Bà Rịa - Vũng Tàu', 'Khu vực Bà Rịa - Vũng Tàu', 3, '0000-00-00 00:00:00', NULL, NULL, 1),
(10, 'Quảng Ninh', 'Khu vực Quảng Ninh', 3, '0000-00-00 00:00:00', NULL, NULL, 1),
(11, 'Thanh Hóa', 'Khu vực Thanh Hóa', 3, '0000-00-00 00:00:00', NULL, NULL, 1),
(12, 'Nghệ An', 'Khu vực Nghệ An', 3, '0000-00-00 00:00:00', NULL, NULL, 1),
(13, 'Huế', 'Khu vực Thừa Thiên Huế', 3, '0000-00-00 00:00:00', NULL, NULL, 1),
(14, 'Kiên Giang', 'Khu vực Kiên Giang', 3, '0000-00-00 00:00:00', NULL, NULL, 1),
(15, 'Lâm Đồng', 'Khu vực Lâm Đồng', 3, '0000-00-00 00:00:00', NULL, NULL, 1);

-- --------------------------------------------------------

--
-- Table structure for table `menu`
--

CREATE TABLE `menu` (
  `Id` int(11) NOT NULL,
  `TenMenu` varchar(255) NOT NULL,
  `TableId` int(11) DEFAULT NULL,
  `KieuMenu` varchar(255) DEFAULT NULL,
  `ViTri` varchar(255) DEFAULT NULL,
  `LienKet` varchar(255) DEFAULT NULL,
  `Order` int(11) DEFAULT NULL,
  `NguoiTao` int(11) NOT NULL,
  `NgayTao` datetime NOT NULL,
  `NguoiCapNhat` int(11) DEFAULT NULL,
  `NgayCapNhat` datetime DEFAULT NULL,
  `TrangThai` tinyint(1) NOT NULL
) ENGINE=InnoDB DEFAULT CHARSET=utf8 COLLATE=utf8_general_ci;

--
-- Dumping data for table `menu`
--

INSERT INTO `menu` (`Id`, `TenMenu`, `TableId`, `KieuMenu`, `ViTri`, `LienKet`, `Order`, `NguoiTao`, `NgayTao`, `NguoiCapNhat`, `NgayCapNhat`, `TrangThai`) VALUES
(10, 'Phim', NULL, 'Custom', 'header', '', 3, 1, '2024-11-06 11:51:31', 1, '2025-03-22 17:13:40', 1),
(11, 'Góc điện ảnh', NULL, 'Custom', 'header', 'views/list-content-all.php', 4, 1, '2024-11-10 08:55:58', 1, '2024-11-10 08:56:03', 1),
(12, 'Liên hệ', NULL, 'Custom', 'header', 'views/contact.php', 5, 1, '2024-11-10 08:56:19', 1, '2024-11-10 08:56:20', 1),
(13, 'Trang chủ', NULL, 'Custom', 'header', 'index.php', 1, 1, '2024-11-10 09:06:18', 1, '2024-11-10 09:06:19', 1),
(16, 'Rạp', NULL, 'Custom', 'header', '', 2, 1, '2025-03-26 13:58:44', 1, '2025-03-26 13:58:54', 1);

-- --------------------------------------------------------

--
-- Table structure for table `nguoidung`
--

CREATE TABLE `nguoidung` (
  `MaND` int(11) NOT NULL,
  `TenND` varchar(255) NOT NULL,
  `NgaySinh` date DEFAULT NULL,
  `GioiTinh` tinyint(1) DEFAULT NULL,
  `SDT` varchar(10) DEFAULT NULL,
  `Anh` varchar(255) DEFAULT NULL,
  `Email` varchar(255) DEFAULT NULL,
  `NguoiTao` int(11) NOT NULL,
  `NgayTao` datetime NOT NULL,
  `NguoiCapNhat` int(11) DEFAULT NULL,
  `NgayCapNhat` datetime DEFAULT NULL,
  `TrangThai` tinyint(1) NOT NULL
) ENGINE=InnoDB DEFAULT CHARSET=utf8 COLLATE=utf8_general_ci;

--
-- Dumping data for table `nguoidung`
--

INSERT INTO `nguoidung` (`MaND`, `TenND`, `NgaySinh`, `GioiTinh`, `SDT`, `Anh`, `Email`, `NguoiTao`, `NgayTao`, `NguoiCapNhat`, `NgayCapNhat`, `TrangThai`) VALUES
(3, 'Admin', '2003-08-03', 1, '0359288955', '3.gif', 'admin@gmail.com', 1, '2024-11-10 08:46:21', 3, '2024-11-13 12:09:14', 1),
(5, 'Vy Trọng Qúy', '2003-09-03', 1, '0945449758', 'user_67dd8348aab7f.jpg', 'vyquy633@gmail.com', 0, '2024-11-10 09:52:56', 5, '2025-04-02 13:53:43', 1),
(8, 'Trương Ngọc Phú', '0000-00-00', 0, '089****312', 'user_6734b17c5e557.gif', 'vyquy622@gmail.com', 0, '2024-11-13 14:23:47', 8, '2024-11-13 21:10:44', 1),
(10, 'Trần Hữu Hoàng', '2020-03-29', 1, '0965981380', '10.png', 'huuhoang@gmail.com', 0, '2024-11-14 13:51:42', 3, '2025-03-29 18:53:50', 1),
(11, 'Ninh Hoàng Minh Khôi', '2020-03-25', 1, '0123456780', NULL, 'ninhkhoi36@gmail.com', 0, '2024-11-14 13:53:33', 11, '2025-03-25 16:41:45', 1),
(12, 'Lê Huỳnh Việt Anh', NULL, NULL, NULL, NULL, 'cccc@gmail.com', 0, '2024-11-15 15:51:43', 0, '2024-11-15 15:51:43', 1),
(13, 'Phạm Minh Huy', '2019-04-24', 1, '089****312', 'user_6737144f892aa.gif', 'cccc@gmail.com', 0, '2024-11-15 16:12:22', 3, '2024-11-22 21:15:45', 1),
(15, 'Nhân Viên', '2019-10-31', 0, '', 'nhanvien.gif', 'cccc@gmail.com', 3, '2024-11-16 13:23:14', 3, '2024-11-16 13:23:14', 1),
(22, '5405_Vy Trọng Quý', NULL, NULL, NULL, NULL, 'vyquy633@gmail.com', 0, '2025-03-22 14:59:53', 0, '2025-03-22 14:59:53', 1),
(23, '5405_Vy Trọng Quý', NULL, NULL, NULL, NULL, 'trongquy029@gmail.com', 0, '2025-03-22 15:01:26', 0, '2025-03-22 15:01:26', 1),
(24, 'Khoa Học 2024 Nghiên Cứu', NULL, NULL, NULL, NULL, 'nckh.edu.hutech777@gmail.com', 0, '2025-03-25 13:57:36', 0, '2025-03-25 13:57:36', 1),
(25, 'vante', '2003-10-21', 1, '0123456787', 'user_67e4ed28d1df6.png', 'anh91pht@gmail.com', 0, '2025-03-27 13:02:53', 25, '2025-03-27 13:16:08', 1),
(26, 'Trọng Quý', NULL, NULL, NULL, NULL, 'founderktt@gmail.com', 0, '2025-03-27 13:17:05', 0, '2025-03-27 13:17:05', 1),
(28, 'Nguyễn Thanh Tùng', '2020-04-05', 1, '0945449758', 'thanhtung.png', 'thanhtung2025@gmail.com', 3, '2025-04-05 16:26:08', 3, '2025-04-05 16:26:08', 1),
(33, 'Trương Ngọc Phú', '0000-00-00', 1, '0945449758', 'user_67f41a0285948.png', 'truongngocphu12@gmail.com', 0, '2025-04-08 00:53:03', 33, '2025-04-08 22:13:32', 1);

--
-- Triggers `nguoidung`
--
DELIMITER $$
CREATE TRIGGER `after_delete_nguoidung` AFTER DELETE ON `nguoidung` FOR EACH ROW BEGIN
    DELETE FROM TaiKhoan
    WHERE maND = OLD.maND;
END
$$
DELIMITER ;

-- --------------------------------------------------------

--
-- Table structure for table `phim`
--

CREATE TABLE `phim` (
  `MaPhim` int(11) NOT NULL,
  `TenPhim` varchar(255) NOT NULL,
  `TenRutGon` varchar(255) DEFAULT NULL,
  `ThoiLuong` int(11) NOT NULL,
  `Anh` varchar(255) DEFAULT NULL,
  `Banner` varchar(255) DEFAULT NULL,
  `Trailer` varchar(255) DEFAULT NULL,
  `DaoDien` varchar(255) NOT NULL,
  `DienVien` varchar(255) NOT NULL,
  `QuocGia` varchar(255) NOT NULL,
  `NamPhatHanh` int(11) NOT NULL,
  `PhanLoai` text NOT NULL,
  `MoTa` text NOT NULL,
  `NguoiTao` int(11) NOT NULL,
  `NgayTao` datetime NOT NULL,
  `NguoiCapNhat` int(11) DEFAULT NULL,
  `NgayCapNhat` datetime DEFAULT NULL,
  `TrangThai` tinyint(1) NOT NULL
) ENGINE=InnoDB DEFAULT CHARSET=utf8 COLLATE=utf8_general_ci;

--
-- Dumping data for table `phim`
--

INSERT INTO `phim` (`MaPhim`, `TenPhim`, `TenRutGon`, `ThoiLuong`, `Anh`, `Banner`, `Trailer`, `DaoDien`, `DienVien`, `QuocGia`, `NamPhatHanh`, `PhanLoai`, `MoTa`, `NguoiTao`, `NgayTao`, `NguoiCapNhat`, `NgayCapNhat`, `TrangThai`) VALUES
(28, 'Thiên Đường Quả Báo', 'thien-duong-qua-bao', 131, 'film_673065b8319b0.jpg', 'film_673065b8319b0-2024.jpg', 'https://youtu.be/2-oT85FKYsQ', 'Naruebet Kuno', 'Jeff Satur, Engfa Waraha, Seeda Puapimo, Harit Buayoi, Pongsakorn Mettarikanon', 'Thái Lan', 2024, 'T18', 'Thongkam (Jeff Satur) và Sek (Pongsakorn) làm lụng vất vả, cày ngày cày đêm để xây dựng một mái ấm. Sau bao nỗ lực, cuối cùng họ cũng có quyền sở hữu trang trại sầu riêng ở Mae Hong Son. Tuy nhiên, bi kịch bỗng ập tới khi Sek đột ngột qua đời trong một vụ tai nạn vào thời điểm họ chưa kịp đăng ký kết hôn. Chính điều này đã khiến Thongkam không có quyền sở hữu tài sản mà 2 người đã cùng gây dựng. Ngôi nhà và đất đai bao gồm vườn sầu riêng đương nhiên thuộc về mẹ của Sek, người sẽ chuyển đến sống cùng con gái nuôi Mo (Engfa) và người làm vườn Jingna. Thongkam giờ phải đấu tranh để giành lại thành quả của tình yêu và công sức lao động của mình. Liệu giữa Thongkam và Mo, ai sẽ giành được quyền thừa kế , trở thành chủ vựa sầu riêng?', 0, '2024-11-06 17:57:14', 3, '2025-03-28 22:35:56', 1),
(29, 'Venom: Kèo Cuối', 'venom:-keo-cuoi', 109, 'film_67306c2a953e2.jpg', 'film_67e6c12c31ca6-2024.jpg', 'https://youtu.be/P0C9ccMXtqc', 'Boss Kuno', 'Tom Hardy, Chiwetel Ejiofor, Juno Temple, Peggy Lu, Rhys Ifans', 'Âu Mỹ', 2024, 'T13', 'Sau chuyến du lịch ngắn sang quê nhà của Spider-Man: No Way Home (2021), Eddie Brock (Tom Hardy) giờ đây cùng Venom “hành hiệp trượng nghĩa” và “nhai đầu” hết đám tội phạm trong thành phố. Tuy nhiên, đi đêm lắm cũng có ngày gặp ma, chính phủ Mỹ đã phát hiện ra sự tồn tại của con quái vật ngoài hành tinh này. Anh chàng buộc phải trở thành kẻ đào tẩu, liên tục trốn chạy khỏi những cuộc truy quét liên tục. Thế nhưng, đây chưa phải là rắc rối lớn nhất… Những con quái vật gớm ghiếc bất ngờ xuất hiện tại nhiều nơi. Hành tinh của chủng tộc Symbiote đã phát hiện ra Trái Đất và chuẩn bị cho cuộc xâm lăng tổng lực.  Phim mới Venom: The Last Dance / Venom: Kèo Cuối suất chiếu sớm 23-24.10.2024 (Không áp dụng Movie Voucher), dự kiến khởi chiếu 25.10.2024 tại các rạp chiếu phim toàn quốc.\r\n\r\nXem thêm tại: https://www.galaxycine.vn/dat-ve/venom-the-last-dance/', 0, '2024-11-06 18:18:01', 3, '2025-03-28 22:33:00', 1),
(30, 'Red One: Mật Mã Đỏ', 'red-one:-mat-ma-do', 125, 'film_67306c60ef2ee.jpg', 'film_67306c60ef2ee-2024.jpg', 'https://youtu.be/neIRdyx_XMA', 'Jake Kasdan', 'Mary Elizabeth Ellis, Wesley Kimmel, Nick Kroll, Lucy Liu, Kiernan Shipka', 'Âu Mỹ', 2024, 'P', 'Sau khi Ông già Noel (mật danh: Red One) bị bắt cóc, Trưởng An ninh Bắc Cực (Dwayne Johnson) phải hợp tác với thợ săn tiền thưởng khét tiếng nhất thế giới (Chris Evans) trong một nhiệm vụ kịch tính xuyên lục địa để giải cứu Giáng Sinh.', 3, '2024-11-10 09:13:40', 3, '2025-03-28 22:36:59', 1),
(31, 'Linh Miêu: Quỷ Nhập Tràng', 'linh-mieu:-quy-nhap-trang', 109, 'film_67306c6c98c50.jpg', 'film_67306c6c98c50-2024.jpg', 'https://youtu.be/CeGxMuqFFZ8', 'Lưu Thành Luân', 'Hồng Đào, Nguyễn Thúc Thùy Tiên, Thiên An', 'Việt Nam', 2024, 'T18', 'Linh Miêu: Quỷ Nhập Tràng lấy cảm hứng từ truyền thuyết dân gian về “quỷ nhập tràng” để xây dựng cốt truyện. Phim lồng ghép những nét văn hóa đặc trưng của Huế như nghệ thuật khảm sành - một văn hóa đặc sắc của thời nhà Nguyễn, đề cập đến các vấn đề về giai cấp và quan điểm trọng nam khinh nữ. Đặc biệt, hình ảnh rước kiệu thây ma và những hình nhân giấy không chỉ biểu trưng cho tai ương hay điềm dữ mà còn là hiện thân của nghiệp quả. Phim mới Linh Miêu: Quỷ Nhập Tràng có suất chiếu đặc biệt vào 19-21.11.2024 (không áp dụng movie voucher) và khởi chiếu chính thức 22.11.2024 tại các rạp chiếu phim toàn quốc. Đặt vé Linh Miêu: Quỷ Nhập Tràng ngay nha.', 3, '2024-11-10 09:22:04', 3, '2025-03-28 21:17:23', 1),
(32, 'Học Viện Anh Hùng: You\'re Next', 'học-viẹn-anh-hùng:-you-re-next', 110, 'film_6735940867350.jpg', 'film_6735940867350-2024.jpg', NULL, 'Okamura Tensai', 'Gerard Caster, Van Barr, Jr. Nasim Benelkour', 'Nhật Bản', 2024, 'P', 'Nội Dung Phim My Hero Academia: You\'re Next chuyển thể từ bộ truyện tranh ăn khách My Hero Academia Vào mùa xuân năm thứ hai, trong khi Nhật Bản đang bị tàn phá bởi các cuộc chiến, một người đàn ông bí ẩn bất ngờ xuất hiện có tên là Dark Might. Đối mặt với Deku và những người bạn, hắn tự xưng mình là biểu tượng mới thay thế All Might với tuyên bố hùng hồn: \"Tiếp theo là đến lượt ta!\". Với dã tâm của mình, Dark Might sử dụng năng lực để tạo ra một pháo đài khổng lồ và nhốt người dân cùng anh hùng vào đó.  Deku, Bakugo, Todoroki cùng lớp 1-A của trường U.A. dũng cảm đối đầu với Dark Might và tổ chức tội phạm bí ẩn do hắn cầm đầu, mang tên \"Gia đình Gollini\". Liệu họ có thể ngăn chặn tham vọng của biểu tượng mới Dark Might và bảo vệ thế giới? Phim mới My Hero Academia: You\'re Next / Học Viện Anh Hùng: You\'re Next dự kiến ra mắt tại các rạp chiếu phim toàn quốc từ 08.11.2024.\r\n\r\nXem thêm tại: https://www.galaxycine.vn/dat-ve/my-hero-academia-youre-next/', 3, '2024-11-14 13:09:12', 3, '2024-11-14 13:09:12', 0),
(33, 'Ai Oán Trong Vườn Xuân', 'ai-oan-trong-vuon-xuan', 91, 'film_6735951c4a220.jpg', 'film_6735951c4a220-2024.jpg', NULL, 'Ku Born', 'Jo Yun Hie, Heo Dong Won, Kim Joo Ryung', 'Hàn Quốc', 2024, 'T18', 'Trong văn hóa đại chúng hiện đại tại Hàn Quốc, có ba địa điểm nổi tiếng với rất nhiều giai thoại ma ám bí ấn được truyền miệng, bao gồm bệnh viện Gonjiam, ngôi nhà ma Yeungdeok và nhà hàng Vườn Xuân. Sau khi đã đưa Bệnh viện Gonjiam lên màn ảnh cực kỳ thành công, giờ đây, Vườn Xuân với câu chuyện về những cái chết bí ẩn đầy ám ảnh hứa hẹn cũng sẽ kích thích sự tò mò và cả lòng can đảm của khán giả tới tận cùng.  Với Ai Oán Trong Vườn Xuân, nguyên nhân của những vụ án ma ám sẽ được hé mở dưới góc nhìn của đạo diễn Goo Tae Jin. Nhân vật chính của bộ phim là So Hee, một người phụ nữ trẻ vừa trải qua nỗi đau mất chồng khi anh tự sát bằng cách treo cổ ngay trong phòng ngủ của cả hai. Không chỉ thế, cô còn mất đi đứa con đang trong bụng ngay trong đám tang của chồng mình.  Cho dù người thân khuyên nhủ, So Hee vẫn quyết định sẽ sống một mình tại ngôi nhà xinh xắn mà hai vợ chồng ấp ủ biết bao kỳ vọng, tâm huyết. Thế nhưng, cô không ngờ rằng nơi tưởng chừng là tổ ấm yên bình cho cả gia đình, hóa ra lại ẩn chứa những bí mật kinh hoàng, và cái chết của chồng cô chỉ là khởi đầu cho hàng loạt sự kiện ghê rợn sau đó. Phim mới Spring Garden / Ai Oán Trong Vườn Xuân dự kiến ra mắt tại các rạp chiếu phim toàn quốc từ 08.11.2024.', 3, '2024-11-14 13:13:48', 3, '2024-11-14 13:13:48', 0),
(34, 'Robot Hoang Dã', 'robot-hoang-da', 102, 'film_67e6c192d7b53.jpg', 'film_67e6c192d7b53-2024.jpg', 'https://youtu.be/j6VeCxrGY8U', 'Chris Sanders', 'Stephanie Hsu, Kit Connor, Catherine O\'Hara, Bill Nighy, Pedro Pascal', 'Âu Mỹ', 2024, 'P', 'Cuộc phiêu lưu hoành tráng theo chân hành trình của một robot — đơn vị ROZZUM 7134, gọi tắt là Roz. Roz vô tình dạt vào hoang đảo sau một sự cố và nơi đây trở thành địa điểm sống mới của cô. Tại đây, Roz kết thân và nhận nuôi một chú ngỗng con, đặt tên là Brightbill. Roz và Brightbill dần dần thân thiết với các bạn thú trên đảo, song sau đó phải chống chọi, bảo vệ “nhà mới” trước sự xâm lăng của nhà máy từng sản xuất ra Roz. Phim mới The Wild Robot / Robot Hoang Dã có suất chiếu đặc biệt từ 05 - 06.10.2024 (không áp dụng movie voucher) và khởi chiếu chính thức 11.10.2024 tại các rạp chiếu phim trên toàn quốc.', 3, '2024-11-14 13:16:58', 3, '2025-03-28 22:34:42', 1),
(35, 'Cô dâu hào môn', 'co-dau-hao-mon', 114, 'film_6735966063d26.jpg', 'film_6735966063d26-2024.jpg', NULL, 'Vũ Ngọc Đãng', 'Uyển Ân, Samuel An, Kiều Minh Tuấn, Thu Trang, Lê Giang, NSND Hồng Vân', 'Việt Nam', 2024, 'T18', 'Uyển Ân chính thức lên xe hoa trong thế giới thượng lưu của đạo diễn Vũ Ngọc Đãng qua bộ phim Cô Dâu Hào Môn. Thừa thắng xông lên sau doanh thu trăm tỷ từ Chị Chị Em Em 2, nhà sản xuất Will Vũ và đạo diễn Vũ Ngọc Đãng bắt tay thực hiện dự án Cô Dâu Hào Môn. Bộ phim xoay quanh câu chuyện làm dâu nhà hào môn dưới góc nhìn hài hước và châm biếm, hé lộ những câu chuyện kén dâu chọn rể trong giới thượng lưu. Phối hợp cùng Uyển Ân ở các phân đoạn tình cảm trong bộ phim lần này là diễn viên Samuel An. Anh được đạo diễn Vũ Ngọc Đãng “đo ni đóng giày” cho vai cậu thiếu gia Bảo Hoàng với ngoại hình điển trai, phong cách lịch lãm và gia thế khủng. Cùng góp mặt với Uyển Ân trong bộ phim đình đám lần này là sự xuất hiện của những cái tên bảo chứng phòng vé như: Thu Trang, Kiều Minh Tuấn, Samuel An, Lê Giang, NSND Hồng Vân,... Phim mới Cô Dâu Hào Môn suất chiếu sớm từ 16.10 (Không áp dụng Movie Voucher), dự kiến ra mắt tại các rạp chiếu phim từ 18.10.2024.\r\n\r\nXem thêm tại: https://www.galaxycine.vn/dat-ve/co-dau-hao-mon/', 3, '2024-11-14 13:19:12', 3, '2024-11-14 13:19:12', 0),
(36, 'Chuyến Xe Từ Địa Ngục', 'chuyen-xe-tu-dia-nguc', 0, 'film_673596fb20336.jpg', 'film_673596fb20336-2024.jpg', NULL, 'Phasit Panitijaroonrod', 'Nathan Bartling, Piyawat Piyawatcharavijit, Charoensak Prosrichai', 'Thái Lan', 2024, 'T18', 'Câu chuyện về Nick, một người lao động nước ngoài mang nửa dòng máu Thái mongmuốn trở về quê nhà để dành kỳ nghỉ dài bên gia đình. Anh đã dùng số tiền tiết kiệm và tiền thưởng để mua vé xe buýt VIP đến Phatthalung, cùng điểm đến mà anh đi hàng năm. Tuy nhiên, hành trình lần này lại khác biệt. Một bà lão bí ẩn với mùi hôi thối giống như mùi xác chết đã lên xe cùng những hành khách khác. Trong suốt chuyến đi, bà lão không may qua đời nhưng đột nhiên sống dậy và bắt đầu tấn công các hành khách, tạo nên cảnh hỗn loạn trên xe. Liệu họ có sống sót và đến được điểm đến của mình hay không? Phim mới VIP Death Seat / Chuyến Xe Từ Địa Ngục dự kiến ra mắt tại các rạp chiếu phim toàn quốc từ 15.11.2024.\r\n\r\nXem thêm tại: https://www.galaxycine.vn/dat-ve/vip-death-seat/', 3, '2024-11-14 13:21:47', 3, '2024-11-14 13:21:47', 0),
(37, 'Haikyu!!: Trận Chiến Bãi Phế Liệu', 'haikyu!!:-tran-chien-bai-phe-lieu', 85, 'film_673597e28a3e3.jpg', 'film_673597e28a3e3-2024.jpg', 'https://youtu.be/OFB4mrupFX0', 'Mitsunaka Susumu', 'Ayumu Murase, Kaito Ishikawa, Yūki Kaji, Yuichi Nakamura, Kouki Uchiyama', 'Nhật Bản', 2024, 'P', 'Haikyuu!! The Dumpster Battle/ Haikyu!!: Trận Chiến Bãi Phế Liệu chuyển thể từ một trong những manga bóng chuyền xuất sắc nhất mọi thời đại! Trường trung học Karasuno và trường trung học Nekoma chính thức đối đầu lần đầu trong vòng thứ ba của Giải vô địch quốc gia mùa xuân. Điều đó có nghĩa là giấc mơ lâu đời của Karasuno và Nekoma đã thành hiện thực! Trận chiến thùng rác, trận chiến giữa quạ và mèo rừng sắp bắt đầu. Sau nhiều trận đấu tập trong năm qua, Shoyo Hinata và Kenma Kozume cuối cùng cũng có cơ hội đấu với nhau trong một trận đấu sẽ kết thúc ngay lập tức nếu họ thua và không thể chơi lại.', 3, '2024-11-14 13:25:38', 3, '2025-03-28 22:09:34', 1),
(38, 'Đôi Bạn Học Yêu', 'doi-ban-hoc-yeu', 118, 'film_673598a88cf7a.jpg', 'film_673598a88cf7a-2024.jpg', 'https://youtu.be/WOpnzT2Jb0A', 'E.Oni', 'Kim Go Eun, Steve Sanghyun Noh', 'Hàn Quốc', 2024, 'T18', 'Đôi Bạn Học Yêu là bộ phim kể về Jae-hee (Kim Go-eun) - một cô gái tự do, phóng khoáng, không quan tâm người khác nghĩ gì về mình và Heung-soo - một chàng trai tự cô lập mình ra khỏi thế giới bởi một bí mật không thể tiết lộ. Khi Jae-hee tình cờ phát hiện ra điều thầm kín của Heung-soo, cả hai đã hình thành nên một mối quan hệ không tưởng với cuộc sống chung đầy màu sắc. Phim mới Love In The Big City / Đôi Bạn Học Yêu suất chiếu sớm từ 07.11.2024 (Không áp dụng Movie Voucher), dự kiến ra mắt tại các rạp chiếu phim toàn quốc từ 08.11.2024.\r\n\r\nXem thêm tại: https://www.galaxycine.vn/dat-ve/love-in-the-big-city/', 3, '2024-11-14 13:28:56', 3, '2025-03-28 22:37:47', 1),
(39, 'Kẻ đóng thế', 'ke-dong-the', 114, 'film_673599c1436d9.jpg', 'film_673599c1436d9-2024.jpg', NULL, 'Lương Quán Thuấn, Lương Quán Nghiêu', 'Lưu Tuấn Khiêm, Đổng Vĩ, Ngũ Doãn Long, Thái Tư Vận', 'Hồng Kông', 2024, 'T13', 'Một đạo diễn đóng thế hết thời đang vật lộn để tìm lối đi trong ngành công nghiệp điện ảnh nhiều biến động. Ông đánh cược tất cả để tạo nên màn tái xuất cuối cùng, đồng thời cố gắng hàn gắn mối quan hệ với cô con gái xa cách của mình. Phim mới Stuntman / Kẻ Đóng Thế dự kiến ra mắt tại các rạp chiếu phim toàn quốc từ 15.11.2024.\r\n\r\nXem thêm tại: https://www.galaxycine.vn/dat-ve/stuntman/', 3, '2024-11-14 13:33:37', 3, '2025-03-16 17:48:31', 2),
(40, 'Kỳ Án Trên Đồi Tuyết', 'ky-an-tren-doi-tuyet', 151, 'film_67359aab2827a.png', 'film_67359aab2827a-2024.jpg', NULL, 'Justine Triet', 'Sandra Hüller, Swann Arlaud, Milo Machado-Graner', 'Pháp', 2024, 'T16', 'Cuộc sống của nhà văn Sandra cùng chồng Samuel và cậu con trai mù Daniel ở căn nhà gỗ hẻo lánh trên dãy Alps bất ngờ bị xáo trộn khi Samuel được tìm thấy đã chết một cách bí ẩn trên tuyết, khiến Sandra trở thành nghi phạm chính và mối quan hệ đầy mâu thuẫn giữa cô và chồng dần được phơi bày trước phiên tòa. Phim hay  Kỳ Án Trên Đồi Tuyết dự kiến trình chiếu tại rạp chiếu phim Galaxy Mipec Long Biên vào 16 & 20.11.2024  \r\n\r\nXem thêm tại: https://www.galaxycine.vn/dat-ve/anatomy-of-a-fall/', 3, '2024-11-14 13:37:31', 3, '2024-11-14 13:37:43', 0),
(41, 'Địa Đạo', 'dia-dao', 0, 'film_67d7109c03dca.jpg', 'film_67d7109c03dca-2025.jpg', 'https://www.youtube.com/watch?v=-OGDDtsIBHA', 'Bùi Thạc Chuyên', 'Thái Hòa; Quang Tuấn; Diễm Hằng Lamoon; Anh Tú Wilson; Hồ Thu Anh; Uyển Ân', 'Việt Nam', 2025, 'T18', 'Địa Đạo: Mặt Trời Trong Bóng Tối là dự án điện ảnh kỷ niệm 50 năm hòa bình thống nhất đất nước, dự kiến khởi chiếu 30.04.2025. Phim do đạo diễn Bùi Thạc Chuyên cầm trịch, với sự tham gia của dàn diễn viên thực lực – Thái Hòa, Quang Tuấn và diễn viên trẻ Hồ Thu Anh. Vào năm 1967, chiến tranh Việt Nam ngày càng khốc liệt. Đội du kích 21 người do BẢY THEO chỉ huy tại căn cứ Bình An Đông trở thành mục tiêu mà quân đội Mỹ TÌM VÀ DIỆT số 1 khi nhận nhiệm vụ bằng mọi giá phải bảo vệ một nhóm thông tin tình báo chiến lược mới đến ẩn náu tại căn cứ. Các cuộc liên lạc vô tuyến điện từ với nhóm tình báo bị quân đội Mỹ phát hiện và định vị, lấy đi lợi thế duy nhất của đội du kích là sự vô hình trong hệ thống địa đạo rộng khắp, phức tạp và bí ẩn. Bộ phim là những câu chuyện đan xen giữa tình đồng đội, tình yêu và khát khao sống ở những người lính. Trên hết, vẫn là nghĩa vụ và sự hi sinh vì Tổ Quốc. Đạo diễn Bùi Thạc Chuyên nung nấu 10 năm trời để chuẩn bị cho phim điện ảnh Địa Đạo, đem câu chuyện huyền thoại về nhân dân miền Nam tài trí thông minh và tinh thần yêu nước ngoan cường ngày ấy lên màn ảnh rộng. Lịch sử đã chứng minh, dẫu cho trên đầu là bom rơi đạn nổ, dưới hầm là không khí đặc quánh đến hít thở cũng khó khăn, chỉ cần trong tim mỗi người chiến sĩ luôn hướng đến ánh sáng tự do của một dân tộc tự do trong tương lai, họ sẽ kiên trì đứng vững mà chiến đấu. Như có mặt trời trong bóng tối luôn soi sáng dẫn đường. Phim mới Địa Đạo: Mặt Trời Trong Bóng Tối dự kiến ra mắt tại các rạp chiếu phim toàn quốc từ 04.04.2025. PHIM ĐANG CHIẾU Mua vé 8.8 T18 Mickey 17 Mua vé 8.7 T18 Quỷ Nhập Tràng Mua vé 8.7 T16 Sát Thủ Vô Cùng Cực Hài Xem thêm GIỚI THIỆU Về Chúng Tôi Thoả Thuận Sử Dụng Quy Chế Hoạt Động Chính Sách Bảo Mật GÓC ĐIỆN ẢNH Thể Loại Phim Bình Luận Phim Blog Điện Ảnh Phim Hay Tháng Phim IMAX HỖ TRỢ Góp Ý Sale & Services Rạp / Giá Vé Tuyển Dụng FAQ CÔNG TY CỔ PHẦN PHIM THIÊN NGÂN 3/9 Võ Văn Tần, Phường Võ Thị Sáu, Quận 3, Tp. Hồ Chí Minh, Việt Nam : 028.39.333.303 - : 19002224 (9:00 - 22:00) - : hotro@galaxystudio.vn Đặt vé phim Địa Đạo: Mặt Trời Trong Bóng Tối (2025) | Galaxy Cinema\r\n\r\nXem thêm tại: https://www.galaxycine.vn/dat-ve/dia-dao-mat-troi-trong-bong-toi/', 3, '2025-03-17 00:55:40', 3, '2025-03-17 00:55:40', 1),
(42, 'TRỪ TÀ KÝ: KHỞI NGUYÊN HẮC ÁM', 'tru-ta-ky:-khoi-nguyen-hac-am', 85, 'film_67d713e453938.jpg', 'film_67d713e453938-21032025.jpg', 'https://youtu.be/v0QbICOjhxY', 'Kim Dong-Chul', 'Choi Han, Nam Doh Hyeong, Kim Yeon Woo, Chung Yu Chung', 'Hàn Quốc', 2025, 'T13', 'Cha sứ Park – một linh mục vốn là bác sĩ đã bị khai trừ sau khi thực hiện những nghi lễ trừ tà mà Giáo hội cho là cực đoan, bởi những người trong Giáo hội từ chối tin rằng những thế lực vô hình đang rình rập các linh hồn vô tội. Những tưởng cha Park an phận giải nghệ, một nhà sư đến từ ngôi chùa bí ẩn cất giữ những bí thuật bất ngờ tìm tới ông với một lời khẩn cầu: Bảo vệ một đứa trẻ tên Joon Hoo khỏi vị sư phụ đã hắc hóa của cậu bé. Cha Park buộc phải đối mặt với bóng ma quá khứ để giải cứu đứa trẻ và ngăn chặn bi kịch lặp lại.', 3, '2025-03-17 01:09:40', 3, '2025-03-17 01:09:40', 1),
(43, 'ĐÊM THÁNH: ĐỘI SĂN QUỶ', 'dem-thanh:-doi-san-quy', 0, 'film_67d714c6aae94.jpg', 'film_67d714c6aae94-25042025.jpg', 'https://youtu.be/Q0SU5_LloFQ', 'Lim Dae-hee', 'Don Lee; Seo Hyun; David Lee', 'Hàn Quốc', 2025, 'T18', 'Tổ đội săn lùng và tiêu diệt các thế lực tôn thờ quỷ dữ với những sức mạnh siêu nhiên khác nhau gồm “tay đấm” Ma Dong-seok, Seohuyn (SNSD) và David Lee hứa hẹn mở ra cuộc chiến săn quỷ khốc liệt nhất dịp lễ 30/4 này!', 3, '2025-03-17 01:13:26', 3, '2025-03-17 01:13:26', 2),
(44, 'BÍ KÍP LUYỆN RỒNG', 'bi-kip-luyen-rong', 0, 'film_67d7171f7c9a1.jpg', 'film_67d7171f7c9a1-13062025.jpg', 'https://youtu.be/6lnYqNYj0o8', 'Dean DeBlois', 'Mason Thames, Nico Parker, Gerard Butler', 'Âu Mỹ', 2025, 'T16', 'Câu chuyện về một chàng trai trẻ với ước mơ trở thành thợ săn rồng, nhưng định mệnh lại đưa đẩy anh đến tình bạn bất ngờ với một chú rồng.', 3, '2025-03-17 01:23:27', 3, '2025-03-17 01:23:27', 2),
(45, 'NHIỆM VỤ: BẤT KHẢ THI - NGHIỆP BÁO CUỐI CÙNG', 'nhiem-vu:-bat-kha-thi---nghiep-bao-cuoi-cung', 0, 'film_67d718a16b8a2.jpg', 'film_67d718a16b8a2-23052025.jpg', 'https://youtu.be/B42IWDu4HOs', 'Christopher McQuarrie', 'Tom Cruise', 'Âu Mỹ', 2025, 'T18', 'Cuộc đời là tất thảy những lựa chọn. Tom Cruise thủ vai Ethan Hunt trở lại trong Nhiệm Vụ: Bất Khả Thi – Nghiệp Báo Cuối Cùng.', 3, '2025-03-17 01:29:53', 3, '2025-03-17 01:29:53', 2),
(46, 'MICKEY 17', 'mickey-17', 137, 'film_67d71a0a07c2d.jpg', 'film_67d71a0a07c2d-14032025.jpg', 'https://youtu.be/2kEFWCw7tKU', 'Bong Joon Ho', 'Robert Pattinson; Naomi Ackie; Steven Yeun; Toni Collette; Mark Ruffalo', 'Âu Mỹ', 2025, 'T18', 'Được chuyển thể từ tiểu thuyết Mickey 7 của nhà văn Edward Ashton, Cuốn tiểu thuyết xoay quanh các phiên bản nhân bản vô tính mang tên “Mickey”, dùng để thay thế con người thực hiện cuộc chinh phạt nhằm thuộc địa hóa vương quốc băng giá Niflheim. Mỗi khi một Mickey chết đi, một Mickey mới sẽ được tạo ra, với phiên bản được đánh số 1, 2, 3 tiếp theo. Mickey số 17 được cho rằng đã chết, để rồi một ngày kia, hắn quay lại và bắt gặp phiên bản tiếp theo của mình.', 3, '2025-03-17 01:35:54', 3, '2025-03-17 01:35:54', 1),
(47, 'SÁT THỦ VÔ CÙNG CỰC', 'sat-thu-vo-cung-cuc', 107, 'film_67d71aaeaf3aa.jpg', 'film_67d71aaeaf3aa-14032025.jpg', 'https://youtu.be/9d5FMHom5zY', 'Choi Won-sub', 'Kwon Sang-woo, Jung Joon-ho, Lee Yi-kyung, Hwang Woo-seul-hye, Kim Sung-oh, Lee Ji-won', 'Hàn Quốc', 2025, 'T16', 'Câu chuyện tiếp nối về cuộc đời làm hoạ sĩ webtoon Jun, người nổi tiếng trong thời gian ngắn với tư cách là tác giả của webtoon Đặc vụ ám sát Jun, nhanh chóng mang danh là \"nhà văn thiếu não\" sau khi Phần 2 bị chỉ trích thảm hại, nhưng mọi thứ thay đổi khi một cuộc tấn công khủng bố ngoài đời thực giống hệt với phần 2 anh vừa xuất bản, khiến Jun bị NIS buộc tội sai là kẻ chủ mưu đằng sau tội ác.', 3, '2025-03-17 01:38:38', 3, '2025-03-17 01:38:38', 1),
(48, 'QUỶ NHẬP TRÀNG', 'quy-nhap-trang', 121, 'film_67d71b08e72d8.jpg', 'film_67d71b08e72d8-07032025.jpg', 'https://youtu.be/qOeNdCmKl3U', 'Pom Nguyễn', 'Quang Tuấn, Khả Như, NSƯT Phú Đôn, Vân Dung, NSND Thanh Nam, Hoàng Mèo, Thanh Tân, Trung Ruồi, Kiều Chi,…', 'Việt Nam', 2025, 'T18', 'Phim lấy cảm hứng từ câu chuyện có thật và “truyền thuyết kinh dị nhất về người chết sống lại” - Ở một ngôi làng vùng cao, cặp vợ chồng Quang và Như sống bằng nghề mai táng. Cuộc sống yên bình của họ bị xáo trộn khi phát hiện một cỗ quan tài vô chủ trên mảnh đất nhà mình. Từ đây, những hiện tượng kỳ lạ bắt đầu xảy ra và ám ảnh cả ngôi làng.', 3, '2025-03-17 01:40:08', 3, '2025-03-17 01:40:08', 1),
(49, 'LẠC TRÔI', 'lac-troi', 89, 'film_67d71c31dc6dc.jpg', 'film_67d71c31dc6dc-2025.jpg', 'https://youtu.be/bFRr7bv--70', 'Gints Zilbalodis', 'Đang cập nhật', 'Latvia', 2025, 'P', 'Trước bối cảnh hậu tận thế, chú mèo xám nhút nhát, vốn luôn sợ nước phải rời bỏ vùng an toàn khi căn nhà thân yêu bị cuốn trôi bởi cơn lũ dữ. Trên hành trình vượt đại dương mênh mông, chú mèo cùng những người bạn đồng hành (Capybara, chó Labrador Retriever, Vượn Cáo, chim Thư ký) phải học cách vượt qua nỗi sợ và chấp nhận những điểm khác biệt để cùng nhau tồn tại.', 3, '2025-03-17 01:45:05', 3, '2025-03-17 01:45:05', 1),
(50, 'NHÀ GIA TIÊN', 'nha-gia-tien', 117, 'film_67d71ca63bd55.jpg', 'film_67d71ca63bd55-2025.jpg', 'https://youtu.be/5b5oEQotzXo', 'Huỳnh Lập', 'Huỳnh Lập, Phương Mỹ Chi, NSƯT Hạnh Thuý, NSƯT Huỳnh Đông, Puka, Đào Anh Tuấn, Trung Dân, Kiều Linh, Lê Nam, Chí Tâm, Thanh Thức, Trác Thuý Miêu, Mai Thế Hiệp, NS Mạnh Dung, NSƯT Thanh Dậu, NS Thanh Hiền, Nguyễn Anh Tú,…', 'Việt Nam', 2025, 'T18', 'Nhà Gia Tiên xoay quanh câu chuyện đa góc nhìn về các thế hệ khác nhau trong một gia đình, có hai nhân vật chính là Gia Minh (Huỳnh Lập) và Mỹ Tiên (Phương Mỹ Chi). Trở về căn nhà gia tiên để quay các video “triệu view” trên mạng xã hội, Mỹ Tiên - một nhà sáng tạo nội dung thuộc thế hệ Z vốn không tin vào chuyện tâm linh, hoàn toàn mất kết nối với gia đình, bất ngờ nhìn thấy Gia Minh - người anh trai đã mất từ lâu. Để hồn ma của Gia Minh có thể siêu thoát và không tiếp tục làm phiền mình, Mỹ Tiên bắt tay cùng Gia Minh lên kế hoạch giữ lấy căn nhà gia tiên đang bị họ hàng tranh chấp, đòi ông nội chia tài sản. Đứng trước hàng loạt bí mật động trời trong căn nhà gia tiên, liệu Mỹ Tiên có vượt qua được tất cả để hoàn thành di nguyện của Gia Minh?', 3, '2025-03-17 01:47:02', 3, '2025-03-17 01:47:02', 1),
(51, 'VIETNAMESE CONCERT FILM: CHÚNG TA LÀ NGƯỜI VIỆT NAM', 'vietnamese-concert-film:-chung-ta-la-nguoi-viet-nam', 98, 'film_67d71dcf64512.jpg', 'film_67d71dcf64512-2025.jpg', 'https://youtu.be/i0rF0-4eaeE', 'Kawaii Tuấn Anh, Hoàng Thùy Linh', 'Hoàng Thùy Linh', 'Việt Nam', 2025, 'P', 'Bộ phim tài liệu về sự kiện âm nhạc kỷ niệm 13 năm ca hát của ca sĩ – nghệ sĩ Hoàng Thùy Linh. Phim đưa công chúng đến gần hơn với ý tưởng, quá trình sáng tạo, rèn luyện của nghệ sĩ và các cộng sự, hậu trường của “Vietnamese Concert Film: Chúng ta là người Việt Nam”. Đằng sau những màn trình diễn bùng nổ hay các thước phim hoàn mỹ trên sân khấu là nỗ lực của toàn ê-kip.', 3, '2025-03-17 01:51:59', 3, '2025-03-17 01:51:59', 1),
(52, 'ĐẠI CHIẾN NGƯỜI KHỔNG LỒ: LẦN TẤN CÔNG CUỐI CÙNG', 'dai-chien-nguoi-khong-lo:-lan-tan-cong-cuoi-cung', 144, 'film_67d71ece44729.jpg', 'film_67d71ece44729-2025.jpg', 'https://www.youtube.com/watch?v=i_gcT9PR4Oc', 'Yûichirô Hayashi', 'Yûki Kaji, Yui Ishikawa, Marina Inoue, Hiroshi Kamiya,...', 'Nhật Bản', 2025, 'T16', 'Trong cuộc chiến cuối cùng định đoạt số phận thế giới, Eren Yeager đã giải phóng sức mạnh tối thượng của các Titan. Dẫn đầu đội quân Titan Đại hình khổng lồ, Eren quyết tâm hủy diệt mọi kẻ thù đe dọa đến quê hương Eldia. Thế nhưng, cuộc chiến này không chỉ là về sự sống còn, mà còn là cuộc đối đầu giữa lòng thù hận và hy vọng. Kết thúc khúc hùng ca đầy bi tráng, di sản của chiến tranh và những ám ảnh về tự do vẫn tiếp tục đeo bám nhân loại, để lại câu hỏi về giá trị của sự hy sinh và tự do thật sự.', 3, '2025-03-17 01:56:14', 3, '2025-03-17 01:56:14', 1),
(53, 'INTERSTELLAR (CHIẾU LẠI)', 'interstellar-(chieu-lai)', 169, 'film_67d71f918756c.jpg', 'film_67d71f918756c-2025.jpg', 'https://youtu.be/l-CISe_P7F4', 'Christopher Nolan', 'Matthew McConaughey, Anne Hathaway, Jessica Chastain', 'Âu Mỹ', 2025, 'T13', 'Một đoàn thám hiểm vũ trụ sử dụng một hố đen mới được khám phá để du hành xuyên không gian đến những vì sao xa xôi và tìm kiếm hy vọng cho loài người. “Interstellar” là biên niên ký về cuộc phiêu lưu vĩ đại của một nhóm các nhà thám hiểm sử dụng khám phá mới về lỗ đen vũ trụ để vượt qua các giới hạn thông thường trong du hành không gian, chinh phục khoảng không mênh mông trên một chuyến hành trình xuyên dải ngân hà.. Cùng trải nghiệm một INTERSTELLAR hoàn toàn khác biệt. Siêu phẩm của đạo diễn Christopher Nolan sẽ trở lại ĐỘC QUYỀN VỚI ĐỊNH DẠNG IMAX từ ngày 28.02.2025', 3, '2025-03-17 01:59:29', 3, '2025-03-17 01:59:29', 1),
(54, 'THE MONKEY: TIẾNG VỌNG KINH HOÀNG', 'the-monkey:-tieng-vong-kinh-hoang', 97, 'film_67d78633ebcae.jpg', 'film_67d78633ebcae-2025.jpg', 'https://youtu.be/E_Xt-GKT1vc', 'Osgood Perkins', 'Theo James, Tatiana Maslany, Christian Convery', 'Âu Mỹ', 2025, 'T18', '\"Món đồ chơi từ địa ngục\" The Monkey - Tiếng Vọng Kinh Hoàng kể về hàng loạt số phận bi thảm xung quanh món đồ chơi bị nguyền rủa ghê rợn nhất 2025. Tác phẩm cũng đánh dấu sự kết hợp lần đầu tiên giữa ông hoàng tiểu thuyết Stephen King và bậc thầy kinh dị James Wan.', 3, '2025-03-17 09:17:23', 3, '2025-03-17 09:17:23', 1),
(55, 'EMMA VÀ VƯƠNG QUỐC TÍ HON', 'emma-va-vuong-quoc-ti-hon', 80, 'film_67d7873022b09.jpg', 'film_67d7873022b09-2025.jpg', 'https://youtu.be/xw5hzokPKYo', 'Leo Lewis Liao', 'Travis Cloer, Niko Gerentes, Natalie Grace, ...', 'Âu Mỹ', 2025, 'P', 'Emma, một cô gái tí hon được nhận nuôi bởi các động vật, khao khát tìm ra sự thật về nguồn gốc con người của mình. Nhưng khi cô phát hiện ra một hòn đảo ẩn chứa đầy những người tí hon, đó không phải là câu chuyện cổ tích mà cô mong đợi. Liệu cô có dám đánh đổi tất cả những gì mình từng biết để khám phá những bí mật từ quá khứ?', 3, '2025-03-17 09:21:36', 3, '2025-03-17 09:21:36', 1),
(56, 'THẾ GIỚI KHỦNG LONG: TÁI SINH', 'the-gioi-khung-long:-tai-sinh', 0, 'film_67d788b00880d.jpg', 'film_67d788b00880d-2025.jpg', 'https://youtu.be/WajvLoypmeQ', 'Gareth Edwards', 'Scarlett Johansson, Mahershala Ali, Jonathan Bailey,….', 'Âu Mỹ', 2025, 'T16', '', 3, '2025-03-17 09:28:00', 3, '2025-03-17 09:28:00', 2),
(57, 'MỘT BỘ PHIM MINECRAFT', 'mot-bo-phim-minecraft', 0, 'film_67d7897cb7fff.jpg', 'film_67d7897cb7fff-2025.jpg', 'https://youtu.be/Q0iybb96Bx0', 'Jared Hess', 'Jason Momoa, Jack Black, Emma Myers, Sebastian Eugene Hansen, Danielle Brooks,...', 'Âu Mỹ', 2025, 'P', 'Chào mừng bạn đến với thế giới của Minecraft, nơi sự sáng tạo không chỉ giúp bạn chế tạo mà còn là yếu tố quan trọng để sống sót! Bốn kẻ lạc lõng - Garrett “The Garbage Man” Garrison (Momoa), Henry (Hansen), Natalie (Myers) và Dawn (Brooks) - bất ngờ gặp rắc rối khi họ bị kéo qua cánh cửa bí ẩn dẫn đến Overworld: một thế giới kỳ lạ được tạo bởi những khối lập phương và phát triển nhờ vào trí tưởng tượng. Để trở về nhà, họ cần phải làm chủ được thế giới này (và bảo vệ nó khỏi những thực thể tà ác như Piglins và Thây Ma) trong khi dấn thân vào chuyến phiêu lưu màu nhiệm với một thợ chế tạo chuyên nghiệp và khó lường - Steve (Black). Chuyến hành trình này sẽ thách thức sự can đảm của cả năm người, thúc đẩy họ tìm lại với những phẩm chất làm nên sự đặc biệt của riêng mình,… đồng thời là những kỹ năng cần thiết để trở lại với thế giới thật.', 3, '2025-03-17 09:31:24', 3, '2025-03-17 09:31:24', 2),
(58, 'PHIM ĐIỆN ẢNH DORAEMON: NOBITA VÀ CUỘC PHIÊU LƯU VÀO THẾ GIỚI TRONG TRANH', 'phim-dien-anh-doraemon:-nobita-va-cuoc-phieu-luu-vao-the-gioi-trong-tranh', 0, 'film_67d78a4cef259.jpg', 'film_67d78a4cef259-2025.jpg', 'https://youtu.be/Bz0zCdNBj1Q', 'Yukiyo Teramoto', 'Wasabi Mizuta, Megumi Ôhara, Yumi Kakazu, Subaru Kimura, Tomokazu Seki,...', 'Nhật Bản', 2025, 'P', 'Thông qua món bảo bối mới của Doraemon, cả nhóm bạn bước thế giới trong một bức tranh nổi tiếng và bắt gặp cô bạn bí ẩn tên Claire. Với lời mời của Claire, cả nhóm cùng đến thăm vương quốc Artoria, nơi ẩn giấu một viên ngọc quý mang tên Artoria Blue đang ngủ yên. Trên hành trình tìm kiếm viên ngọc, nhóm bạn Doraemon phát hiện một truyền thuyết về sự hủy diệt của thế giới, mà truyền thuyết đó dường như đang sống dậy! Liệu cả nhóm có thể phá hủy lời nguyền này và bảo vệ cả thế giới?', 3, '2025-03-17 09:34:52', 3, '2025-03-17 09:34:52', 2),
(59, 'SUPERMAN', 'superman', 0, 'film_67d78b9f78b14.jpg', 'film_67d78b9f78b14-2025.jpg', 'https://youtu.be/QZbk3DtUpt0', 'James Gunn', 'David Corenswet, Rachel Brosnahan, Nicholas Hoult,...', 'Âu Mỹ', 2025, 'P', 'Mùa hè tới đây, Warner Bros. Pictures sẽ mang “Superman” - phim điện ảnh đầu tiên của DC Studios đến các rạp chiếu trên toàn cầu. Với phong cách riêng biệt của mình, James Gunn sẽ khắc họa người hùng huyền thoại trong vũ trụ DC hoàn toàn mới, với sự kết hợp độc đáo của các yếu tố hành động đỉnh cao, hài hước và vô cùng cảm xúc. Một Superman với lòng trắc ẩn và niềm tin vào sự thiện lương của con người sẽ xuất hiện đầy hứa hẹn trên màn ảnh.', 3, '2025-03-17 09:40:31', 3, '2025-03-17 09:40:31', 2),
(60, 'Thunderbolts', 'thunderbolts', 0, 'film_67d78cc32524a.jpg', 'film_67d78cc32524a-2025.jpg', 'https://youtu.be/1OMruGR_d1I', 'Jake Schreier', 'Florence Pugh, Sebastian Stan, David Harbour, Wyatt Russell, Olga Kurylenko, Lewis Pullman, Geraldine Viswanathan, Chris Bauer, Wendell Edward Pierce, with David Harbour, with Hannah John-Kamen, Julia Louis-Dreyfus.', 'Âu Mỹ', 2025, 'T18', 'Ai trong team này cũng từng làm việc ác, giờ là lúc làm việc ác cùng nhau. Các thành phần bất hảo trong vũ trụ điện ảnh Marvel giờ đây đã được triệu tập trở thành một nhóm gọi là “Biệt Đội Sấm Sét”, để làm những nhiệm vụ nguy hiểm bậc nhất mà có thể sẽ thay đổi con người, cuộc đời họ mãi mãi.', 3, '2025-03-17 09:45:23', 3, '2025-03-17 09:45:23', 2),
(61, 'NGHỀ SIÊU KHÓ NÓI', 'nghe-sieu-kho-noi', 102, 'film_67da7b12cd648.jpg', 'film_67da7b12cd648-2025.jpg', 'https://youtu.be/itEW-EUeFrQ', 'LEE Jong-suk', 'PARK Ji-hyun, CHOI Si-won, SUNG Dong-il', 'Hàn Quốc', 2025, 'T18', 'Dan-bi vốn mơ ước trở thành một tác giả truyện thiếu nhi, nhưng trớ trêu thay, cô lại khởi đầu sự nghiệp tại Đội Bảo vệ Thanh thiếu niên, nơi chuyên kiểm duyệt nội dung khiêu dâm bất hợp pháp. Một ngày nọ, Dan-bi vô tình gây ra tai nạn và phải bồi thường một khoản tiền khổng lồ cho CEO Hwang – ông trùm trong ngành văn học mạng 18+. Từ đây, cô buộc phải ký thỏa thuận viết truyện người lớn để trả nợ. Vốn chưa từng viết truyện người lớn, Dan-bi gặp đủ tình huống dở khóc dở cười. Nhưng nhờ sự cổ vũ của đồng nghiệp Jung-seok - người đang vật lộn với chứng khó “lên”, và nhờ vốn sống phong phú từ hội bạn thân mê buôn chuyện giường chiếu, cô bỗng phát hiện ra tài năng sáng tác thiên phú mà chính mình cũng không ngờ tới…', 3, '2025-03-19 15:06:42', 3, '2025-03-19 15:06:42', 1),
(62, 'M3GAN 2.0', 'm3gan-2.0', 0, 'film_67da7c7e1e949.jpg', 'film_67da7c7e1e949-2025.png', 'https://youtu.be/oj3F7LgsHgQ', 'Gerard Johnstone', 'Jemaine Clement; Amie Donald; Allison Williams', 'Âu Mỹ', 2025, 'T18', 'Phim lấy bối cảnh 2 năm sau các sự kiện ở phần 1. Lúc này, Gemma phát hiện công nghệ sản xuất MEGAN đã bị đánh cắp. Kẻ gian đã tạo ra một robot AI khác với chức năng tương tự MEGAN, nhưng được trang bị sức mạnh chiến đấu \"khủng\" hơn mang tên Amelia. Để \"đối đầu\" với Amelia, Gemma buộc phải \"hồi sinh\" và cải tiến MEGAN, hứa hẹn một trận chiến \"nảy lửa\" trên màn ảnh vào năm 2025.', 3, '2025-03-19 15:12:46', 3, '2025-03-19 15:12:46', 2),
(63, 'NHÀ GA MA CHÓ', 'nha-ga-ma-cho', 89, 'film_67da7d32a2ac1.jpg', 'film_67da7d32a2ac1-2025.jpg', 'https://youtu.be/iQ30rfOTwnE', 'Luis Prieto', 'Natalia Azahara, Valèria Sorolla, Javier Gutiérrez', 'Tây Ban Nha', 2025, 'T18', 'Một bí ẩn đã khiến ga tàu điện ngầm Rocafort ở Barcelona phải rúng động suốt nhiều năm, và điều này đã hoàn toàn xâm nhập vào cuộc sống của Laura kể từ khi cô bắt đầu làm việc tại đây. Cô dần khám phá ra rằng nhiều người đã qua đời tại đây trong những hoàn cảnh hết sức kỳ lạ. Vậy sự thật ẩn sau những cái chết bí ẩn này là gì?', 3, '2025-03-19 15:15:46', 3, '2025-03-19 15:15:46', 1),
(64, 'PHIM ĐIỆN ẢNH NINJA RANTARO: GIẢI CỨU QUÂN SƯ', 'phim-dien-anh-ninja-rantaro:-giai-cuu-quan-su', 90, 'film_67da7dae9df5a.jpg', 'film_67da7dae9df5a-2025.jpg', 'https://youtu.be/qBViSokPeic', 'Masaya Fujimori', 'Mayumi, Minami TAKAYAMA, Teiyū ICHIRYŪSAI, Toshihiko SEKI', 'Nhật Bản', 2025, 'P', 'Sau khi thầy Doi chấp nhận quyết đấu với Moroizumi Sonemon, ông đã mất tích không rõ tung tích. Khi nghe tin này, các thầy giáo cùng các học sinh lớp 6 lập tức tiến hành một cuộc tìm kiếm toàn diện. Giữa tình thế hỗn loạn, Kirimaru vô tình tìm được manh mối về tung tích của thầy Doi. Cùng lúc đó, trong khi nhóm học sinh lớp 6 đang ráo riết tìm kiếm, quân sư lạnh lùng của đội Ninja Dokutake - Tenki bất ngờ xuất hiện. Điều khiến mọi người kinh ngạc là khuôn mặt của Tenki lại giống hệt thầy Doi! Kẻ địch hùng mạnh đang ở trước mắt, các học viên Ninja của Học viện Nhẫn Thuật buộc phải thể hiện sự gắn kết mạnh mẽ mới có thể vượt qua thử thách chưa từng có này. Liệu Rantarou, Kirimaru và Shinbei có thể giải cứu thầy Doi thành công không?', 3, '2025-03-19 15:17:50', 3, '2025-03-19 15:17:50', 2),
(65, 'MẬT VỤ PHỤ HỒ', 'mat-vu-phu-ho', 116, 'film_67da7e1675ba2.jpg', 'film_67da7e1675ba2-2025.jpg', 'https://youtu.be/7pKs-eGzfYk', 'David Ayer', 'Jason Statham, David Harbour, Michael Peña, Jason Flemyng', 'Âu Mỹ', 2025, 'T18', 'Levon Cade - cựu biệt kích tinh nhuệ thuộc lực lượng Thủy quân Lục chiến Hoàng gia Anh. Sau khi nghỉ hưu, anh sống cuộc đời yên bình là một công nhân xây dựng tại Chicago (Mỹ). Levon có mối quan hệ rất tốt với gia đình ông chủ Joe Garcia (Michael Peña). Một ngày nọ, cô con gái tuổi teen Jenny (Arianna Rivas) của Joe bị bắt cóc khiến chàng cựu quân nhân phải sử dụng lại các kỹ năng giết chóc của mình để giúp đỡ.', 3, '2025-03-19 15:19:34', 3, '2025-03-19 15:19:34', 2),
(66, 'THÁM TỬ KIÊN: KỲ ÁN KHÔNG ĐẦU', 'tham-tu-kien:-ky-an-khong-dau', 0, 'film_67da7ea282d39.jpg', 'film_67da7ea282d39-2025.jpg', 'https://youtu.be/MXFYeEldOkM', 'Victor Vũ', 'Quốc Huy, Đinh Ngọc Diệp, Quốc Anh, Minh Anh, Anh Phạm', 'Việt Nam', 2025, 'T18', 'Thám Tử Kiên là một nhân vật được yêu thích trong tác phẩm điện của ăn khách của NGƯỜI VỢ CUỐI CÙNG của Victor Vũ, Thám Tử Kiên: Kỳ Không Đầu sẽ là một phim Victor Vũ trở về với thể loại sở trường Kinh Dị - Trinh Thám sau những tác phẩm tình cảm lãng mạn trước đó', 3, '2025-03-19 15:21:54', 3, '2025-03-19 15:21:54', 2),
(67, 'Elio Cậu Bé Đến Từ Trái Đất', 'elio-cau-be-den-tu-trai-dat', 0, 'film_67da7f825deef.jpg', 'film_67da7f825deef-2025.jpg', 'https://youtu.be/rdzfDoJcrxA', 'Adrian Molina, Madeline Sharafian, Domee Shi', 'Yonas Kibreab, Zoe Saldana, Brad Garrett', 'Âu Mỹ', 2025, 'P', 'Elio là một cậu bé đam mê vũ trụ với trí tưởng tượng phong phú. Một hôm, cậu bất ngờ phải tham gia một cuộc phiêu lưu ngoài vũ trụ, nơi cậu phải xây dựng mối quan hệ mới với các dạng sống ngoài hành tinh. Elio phải vượt qua cuộc chiến ở quy mô liên thiên hà và khám phá ra con người thực sự của mình.', 3, '2025-03-19 15:25:38', 3, '2025-03-19 15:25:38', 2),
(68, 'F1®', 'f1®', 0, 'film_67da8020d79e4.jpg', 'film_67da8020d79e4-2025.jpg', 'https://youtu.be/llrZvUGzUUk', 'Joseph Kosinski', 'Brad Pitt, Simone Ashley, Javier Bardem, ...', 'Âu Mỹ', 2025, 'T18', 'Sonny Hayes (Brad Pitt) được mệnh danh là \"Huyền thoại chưa từng được gọi tên\" là ngôi sao sáng giá nhất của FORMULA 1 trong những năm 1990 cho đến khi một vụ tai nạn trên đường đua suýt nữa đã kết thúc sự nghiệp của anh.. Ba mươi năm sau, Sonny trở thành một tay đua tự do, cho đến khi người đồng đội cũ của anh, Ruben Cervantes (Javier Bardem), chủ sở hữu một đội đua F1 đang trên bờ vực sụp đổ, tìm đến anh. Ruben thuyết phục Sonny quay lại với F1® để có một cơ hội cuối cùng cứu lấy đội và khẳng định mình là tay đua xuất sắc nhất thế giới. Anh sẽ thi đấu cùng Joshua Pearce (Damson Idris), tay đua tân binh đầy tham vọng của đội, người luôn muốn tạo ra tốc độ của riêng mình. Tuy nhiên, khi động cơ gầm rú, quá khứ của Sonny sẽ đuổi theo anh và anh nhận ra rằng trong F1, người đồng đội chính là đối thủ cạnh tranh lớn nhất—và con đường chuộc lại lỗi lầm không phải là điều có thể đi một mình.', 3, '2025-03-19 15:28:16', 3, '2025-03-19 15:28:16', 2),
(69, 'NÀNG BẠCH TUYẾT', 'nang-bach-tuyet', 108, 'film_67e2b220e8edc.jpg', 'film_67e2b220e8edc-2025.jpg', 'https://youtu.be/JtdaIC1ifV8', 'Marc Webb', 'Rachel Zegler, Gal Gadot, Andrew Burnap', 'Âu Mỹ', 2025, 'P', 'Câu chuyện của Nàng Bạch Tuyết ban đầu cũng giống như cổ tích, khi nàng công chúa mới chào đời, mang niềm vui và sự ấm áp tới cả vương quốc xinh đẹp. Mẹ mất sớm, cha bao bọc nàng bằng tất cả tình yêu thương, dạy nàng phải sống không sợ hãi, công bằng, dũng cảm và chân thành. Bạch Tuyết càng lớn lên càng lay động lòng người, với vẻ đẹp thuần khiết như ánh nắng ban mai và một trái tim thiện lương, nhân hậu. Thế nhưng, những ngày tháng vui vẻ không kéo dài lâu khi cha cô cũng qua đời. Ngày hoàng hậu mới lên ngôi, bóng tối bao trùm cả vương quốc. Độc ác và đầy dã tâm, ả không có lòng khoan dung, sẵn sàng trừng phạt bất cứ ai dám làm trái lệnh. Sự ghen ghét, đố kỵ của mẹ kế đẩy Bạch Tuyết vào cảnh nguy hiểm. Nàng phải chạy trốn vào rừng sâu, nơi cuộc phiêu lưu của nàng bắt đầu với những người bạn tốt bụng mới.', 3, '2025-03-25 20:39:44', 3, '2025-03-25 20:39:44', 1),
(70, 'Thanh Gươm Diệt Quỷ: Vô Hạn Thành', 'thanh-guom-diet-quy:-vo-han-thanh', 0, 'film_67e2b4e407d60.jpg', 'film_67e2b4e407d60-2025.jpeg', 'https://youtu.be/U0eSjZtRq8o', 'Sotozaki Haruo', 'Hanae Natsuki, Matsuoka Yoshitsugu, Kito Akari, Shimono Hiro', 'Nhật Bản', 2025, 'P', 'Kamado Tanjiro gia nhập Sát Quỷ Đoàn sau khi em gái Nezuko bị biến thành quỷ. Trong quá trình trưởng thành, Tanjiro đã chiến đấu với nhiều con quỷ cùng với các đồng đội Agatsuma Zenitsu và Hashibira Inosuke. Hành trình đưa cậu đến với cuộc chiến cùng những kiếm sĩ cấp cao nhất của Sát Quỷ Đoàn - các Trụ Cột - gồm Viêm Trụ Rengoku Kyojuro trên Chuyến Tàu Vô Tận, Âm Trụ Uzui Tengen tại Kỹ Viện Trấn, cũng như Hà Trụ Tokito Muichiro và Luyến Trụ Kanroji Mitsuri tại Làng Thợ Rèn.\r\nKhi các thành viên của Sát Quỷ Đoàn và Trụ Cột tham gia vào chương trình đặc huấn để chuẩn bị cho trận chiến sắp với lũ quỷ, Kibutsuji Muzan xuất hiện tại Dinh thự Ubuyashiki. Khi thủ lĩnh của Sát Quỷ Đoàn gặp nguy hiểm, Tanjiro và các Trụ Cột trở về trụ sở Thế nhưng, Muzan bất ngờ kéo toàn bộ Sát Quỷ Đoàn đến hang ổ cuối cùng của lũ quỷ là Vô Hạn Thành, mở màn cho trận đánh cuối cùng của cả hai phe.', 3, '2025-03-25 20:51:32', 3, '2025-03-25 20:51:32', 2),
(71, 'ÂM DƯƠNG LỘ', 'am-duong-lo', 119, 'film_67e2b6d8e128d.jpg', 'film_67e2b6d8e128d-2025.jpg', 'https://youtu.be/GOeKx7L8yyk', 'Hoàng Tuấn Cường', 'Bạch Công Khanh; Lan Thy; Minh Hoàng; Tuấn Dũng; Đại Nghĩa; Hạnh Thúy', 'Việt Nam', 2025, 'T16', 'Vì mưu sinh, một cử nhân thất nghiệp lén cha chở một thi thể nữ về Tây Nguyên ngay giữa đêm khuya. Trên hành trình, anh buộc phải đối mặt với một thế giới siêu nhiên đầy rẫy vong linh, một cô gái bí ẩn anh đem lòng tơ tưởng và một sự thật hắc ám gắn liền với chiếc xe cứu thương mà anh đang cầm lái', 3, '2025-03-25 20:59:52', 3, '2025-03-25 20:59:52', 1),
(72, 'CUỐC XE KINH HOÀNG', 'cuoc-xe-kinh-hoang', 88, 'film_67e2b76a769f1.jpg', 'film_67e2b76a769f1-2025.jpg', 'https://youtu.be/OW-hErjvlo8', 'Bruce Goodison', 'George Bukhari, Nick Frost, Synnove Karlsen, ...', 'Âu Mỹ', 2025, 'T18', 'Một tên tài xế taxi đưa một cặp đôi tới một con đường hẻo lánh bị ma ám, tiết lộ động cơ ghê rợn cùng ý định thật sự của hắn.\r\n', 3, '2025-03-25 21:02:18', 3, '2025-03-25 21:02:18', 2),
(73, 'HUYẾT ÁN TRUY HÀNH', 'huyet-an-truy-hanh', 83, 'film_67e2b7c67e742.jpg', 'film_67e2b7c67e742-2025.jpg', 'https://youtu.be/0FO7siaaRCI', 'Man Ki Kwok', 'Louis Koo, Ka-Tung Lam, Stephanie Che, Summer Chan', 'Trung Quốc', 2025, 'T18', 'Vào một đêm mưa, thi thể Gia Kỳ - con gái của cảnh sát Lạc Nhất Ngôn phát hiện tử vong. Vì không đủ bằng chứng kết tội, Khâu Tuấn Văn (nghi phạm) được thả tự do. Lạc Nhất Ngôn rời khỏi lực lượng cảnh sát. Thế nhưng, những cái chết không hề dừng lại, Lạc Nhất Ngôn nhận ra nhiều cô gái khác cũng bị sát hại dã man với cách thức giống nhau khiến ông tin rằng hung thủ thực sự vẫn còn đang nhởn nhơ ngoài vòng pháp luật. Qua quá trình điều tra, ông dần tìm ra nhân chứng duy nhất chứng kiến cảnh phạm tội của hung thủ. Đáng tiếc thay, nhân chứng lại là một cô bé thiểu năng trí tuệ. Bao nhiêu biến cố dần ập đến khiến người cha, người chồng, Lạc Nhất Ngôn gần như ngã quỵ… Liệu rằng Lạc Nhất Ngôn sẽ buông bỏ hiện thực hay ông sẽ vùng lên giành lại công lý cho con gái bị sát hại thảm thương?', 3, '2025-03-25 21:03:50', 3, '2025-03-28 20:56:22', 1),
(74, 'KAYARA: CÔ BÉ CHIẾN BINH', 'kayara:-co-be-chien-binh', 0, 'film_67e2b8663fa59.jpg', 'film_67e2b8663fa59-2025.jpg', 'https://youtu.be/eaiMFYbviF8', 'César Zelada', 'Đang cập nhật', 'Việt Nam', 2025, 'P', 'Kayara, một thiếu nữ xinh đẹp và mạnh mẽ, quyết tâm trở thành nữ sứ giả đầu tiên của Đế chế Inca. Trên hành trình đầy thử thách, cô gái phải vượt qua nhiều khó khăn và sự hiểm trở để bảo vệ thành phố Vàng khỏi những nguy cơ khai thác và cứu bạn bè, gia đình khỏi những mối đe dọa bất ngờ. Trong hành trình đầy thử thách đó, Kayara học được rằng sức mạnh thực sự không chỉ nằm ở thể chất mà còn ở sức mạnh của trí tuệ và sự đoàn kết.', 3, '2025-03-25 21:06:30', 3, '2025-03-25 21:06:30', 2),
(75, 'TÌM XÁC: MA KHÔNG ĐẦU', 'tim-xac:-ma-khong-dau', 0, 'film_67e2b8c9bcb96.jpg', 'film_67e2b8c9bcb96-2025.jpg', 'https://youtu.be/eNjevbgXQpw', 'Bùi Văn Hải', 'Tiến Luật; Ngô Kiến Huy; NSND Hồng Vân; NSƯT Hữu Châu; NSƯT Đại Nghĩa, Thanh Hương, Hoàng Mèo, Nghệ sĩ Phi Phụng, Phan Vũ.', 'Việt Nam', 2025, 'T18', 'Bộ đôi Tiến Luật và Ngô Kiến Huy, với nghề nghiệp \"độc lạ\" hốt xác và lái xe cứu thương, hứa hẹn mang đến những tràng cười không ngớt cho khán giả qua hành trình tìm xác có một không hai trên màn ảnh Việt. Nhờ sự trợ giúp của thế lực tâm linh, họ không chỉ đối mặt với những tình huống \"dở khóc dở cười\" mà còn khám phá ra những bí mật rợn người ẩn sau những thi thể. Liệu họ có hoàn thành nhiệm vụ \"khó nhằn\" này hay sẽ gặp phải những \"biến cố\" nào?', 3, '2025-03-25 21:08:09', 3, '2025-03-25 21:08:09', 2),
(76, 'PANOR: TÀ THUẬT HUYẾT NGẢI', 'panor:-ta-thuat-huyet-ngai', 117, 'film_67e2b91f428dd.jpg', 'film_67e2b91f428dd-2025.jpg', 'https://youtu.be/PFI1EkszP1o', 'Putipong Saisikaew', 'Cherprang Areekul, Jackrin Kungwankiatichai, Chalita Suansane', 'Thái Lan', 2025, 'T18', 'Câu chuyện xoay quanh PANOR, một cô gái trẻ ngây thơ sinh ra vào ngày đen tối khi một người nào đó trong làng giải phóng lời nguyền ma thuật đen. Panor được coi là điềm xấu, một người phụ nữ bị nguyền rủa mang lại vận rủi cho ngôi làng và bất kỳ ai dành thời gian với cô đều có nguy cơ trở thành nạn nhân của ma thuật đen. Panor sớm phát hiện ra rằng có thứ gì đó đen tối và mạnh mẽ đã theo dõi cô kể từ ngày cô được sinh ra, nguyền rủa cô phải sống một cuộc sống khốn khổ.', 3, '2025-03-25 21:09:35', 3, '2025-03-25 21:09:35', 2),
(77, 'LẬT MẶT 8: VÒNG TAY NẮNG', 'lat-mat-8:-vong-tay-nang', 0, 'film_67e2b9b4b5191.jpg', 'film_67e2b9b4b5191-2025.jpg', 'https://youtu.be/YzpGJXJU3Ug', 'Lý Hải', 'NSƯT Kim Phương, Long Đẹp Trai, NSƯT Tuyết Thu, Quách Ngọc Tuyên, Đoàn Thế Vinh, Hồng Thu, Yuno Bigboi, Anh Tú Wilson, Bảo Ngọc, Tín Nguyễn, Hồ Đông Quan, Cherry Hải My, Rio Hạo Nhiên,…', 'Việt Nam', 2025, 'P', 'Một bộ phim về sự khác biệt quan điểm giữa ba thế hệ ông bà cha mẹ con cháu. Ai cũng đúng ở góc nhìn của mình nhưng đứng trước hoài bão của tuổi trẻ, cuối cùng thì ai sẽ là người phải nghe theo người còn lại? Và nếu ước mơ của những đứa trẻ bị cho là viển vông, thì cơ hội nào và bao giờ tuổi trẻ mới được tự quyết định tương lai của mình?', 3, '2025-03-25 21:12:04', 3, '2025-03-25 21:12:04', 2),
(78, 'LILO & STITCH', 'lilo-&-stitch', 0, 'film_67e2ba36833c4.jpg', 'film_67e2ba36833c4-2025.jpg', 'https://youtu.be/A7jw6CZ7sAY', 'Dean Fleischer Camp', 'Maia Kealoha, Sydney Elizabeth Agudong, Tia Carrere, Chris Sanders', 'Âu Mỹ', 2025, 'P', 'Phiên bản live action của series Lilo & Stitch.', 3, '2025-03-25 21:14:14', 3, '2025-03-25 21:14:14', 2),
(79, 'YÊU VÌ TIỀN, ĐIÊN VÌ TÌNH', 'yeu-vi-tien--dien-vi-tinh', 114, 'film_67e2bafaa6562.jpg', 'film_67e2bafaa6562-2025.jpg', 'https://youtu.be/xZdBovEjalg', 'Hồ Miêu Kỵ', 'Ngô Quân Như, MC Trương Thiên Phú,…', 'Việt Nam', 2025, 'T16', 'Một tổ chức lừa đảo trực tuyến vừa bị triệt phá. Một bác sĩ nổi tiếng, thành đạt - Tiến sĩ Veronica Yu, được cho là nạn nhân, và chàng trai trẻ Joe Lee, được nhìn thấy gần hang ổ của tổ chức lừa đảo. Khi ranh giới giữa giả dối và cảm xúc dần xóa nhòa, tình yêu liệu có thật sự tồn tại hay chỉ là một màn kịch hoàn hảo?', 3, '2025-03-25 21:17:30', 3, '2025-03-25 21:17:30', 1),
(80, 'CÔ GÁI NĂM ẤY CHÚNG TA CÙNG THEO ĐUỔI', 'co-gai-nam-ay-chung-ta-cung-theo-duoi', 102, 'film_67e2bbc0e6ea2.jpg', 'film_67e2bbc0e6ea2-2025.jpg', 'https://youtu.be/SwNrR2-6wBM', 'Cho Young-Myoung', 'Jung Jinyoung, Kim Da-Hyun...', 'Hàn Quốc', 2025, 'T16', 'You Are the Apple of My Eye khắc họa một cách sống động những khoảnh khắc tươi trẻ của tuổi trẻ vào những năm 2000, những cảm xúc tinh tế của mối tình đầu. Jin-woo và những người bạn của anh ấy đều trải qua những thăng trầm của tuổi mới lớn với những sở thích và rắc rối riêng, lại được kết nối bởi một điều chung: Sun-Ah – cô học sinh mẫu mực, duyên dáng và xinh đẹp. Dù là bạn cùng lớp, nhưng trong mắt họ, Sun-Ah vẫn như một giấc mơ, khó có thể với tới. Bất chấp sự khác biệt về tính cách và thành tích học tập, mối liên kết giữa Jin-woo và Sun-Ah ngày càng bền chặt qua những lần cùng nhau khám phá những khía cạnh khác nhau của nhau. Mối quan hệ ấy lướt qua những cung bậc lãng mạn, ngọt ngào xen lẫn chút đắng cay của thời trung học, chạm đến tận sâu trái tim tuổi trẻ đầy cảm xúc.', 3, '2025-03-25 21:20:48', 3, '2025-03-25 21:20:48', 1),
(81, 'CÔNG CHÚA BĂNG GIÁ VÀ XỨ SỞ TRONG GƯƠNG', 'cong-chua-bang-gia-va-xu-so-trong-guong', 76, 'film_67e2bca85d948.jpg', 'film_67e2bca85d948-2025.jpg', 'https://youtu.be/3QGRVnXNofk', 'Andrey Korenkov, Alexey Tsitsilin', 'Đang cập nhật', 'Âu Mỹ', 2025, 'P', 'Phim xoay quanh công chúa băng giá Ila - con gái của Nữ hoàng Tuyết đang cai trị tại vùng đất Gương. Vốn là một cô bé tinh nghịch và khát khao khám phá thế giới, nhưng cô luôn bị mẹ quản nghiêm ngặt vì còn quá trẻ và chưa khai mở được bản năng phép thuật của mình. Một ngày, Ila tình cờ gặp gỡ 3 yêu tinh nhí. Họ là những du khách xuất hiện từ bên kia cánh cổng ma thuật. Ila quyết định kết bạn và hé lộ cho họ một bí mật tại vùng đất Gương. Ở hồ băng Gao có một phong ấn ma thuật bí ẩn - nơi giam giữ những linh hồn băng hàng nghìn năm. Trong lúc trổ tài trượt băng trên hồ Gao, Ila bất cẩn làm vỡ phong ấn khiến cho những linh hồn băng thoát ra ngoài. Để ngăn chặn mối nguy hiểm, Nữ hoàng Tuyết đã yêu cầu Ila cùng 3 yêu tính nhí đến thế giới loài người tìm kiếm Kai và Gerda, vì họ là những người duy nhất có thể giúp cô bé chống lại sức mạnh của những linh hồn băng. Từ đây, Ila bắt đầu hành trình khám phá thế giới mới với trọng trách to lớn nhằm chuộc lại lỗi lầm mà mình gây ra.', 3, '2025-03-25 21:24:40', 3, '2025-03-25 21:24:40', 1),
(82, 'IU CONCERT: THE WINNING', 'iu-concert:-the-winning', 124, 'film_67e2bdd1b2c12.jpg', 'film_67e2bdd1b2c12-2025.jpg', 'https://youtu.be/FOD0xlY2cjI', 'YU YANG', 'IU (Lee Ji-eun)', 'Hàn Quốc', 2025, 'P', 'IU CONCERT: THE WINNING tái hiện lại Hereh World Tour của nữ thần IU. Bộ phim là những khoảnh khắc tuyệt vời với những bản hit đình đám trong buổi hòa nhạc tại Sân vận động World Cup Seoul của IU.', 3, '2025-03-25 21:29:37', 3, '2025-03-25 21:29:37', 1),
(83, 'Rerun: EXHUMA: QUẬT MỘ TRÙNG MA', 'rerun:-exhuma:-quat-mo-trung-ma', 133, 'film_67e2be566e378.png', 'film_67e2be566e378-2024.jpg', 'https://youtu.be/7LH-TIcPqks', 'Jae-hyun Jang', 'Lee Do-hyun, Choi Min-sik', 'Hàn Quốc', 2024, 'T16', 'Một pháp sư được cấp một số tiền lớn để di dời một ngôi mộ. Anh ấy di chuyển cùng với người bạn đồng hành của mình, Ji Gwan.', 3, '2025-03-25 21:31:50', 3, '2025-03-25 21:31:50', 1),
(84, 'TỘI ĐỒ', 'toi-do', 0, 'film_67e407f2b3f1e.jpg', 'film_67e407f2b3f1e-2025.png', 'https://youtu.be/LxbcPHt_uNM', 'Ryan Coogler', 'Hailee Steinfeld, Jack O\'Connell, Michael B. Jordan', 'Âu Mỹ', 2025, 'T18', 'Mắc kẹt trong cuộc sống thực tại rối ren, cả hai quay trở lại quê nhà để có một khởi đầu mới, để rồi phát hiện một thế lực ác quỷ đang nhăm nhe chờ đợi họ.', 3, '2025-03-26 20:58:10', 3, '2025-03-26 20:58:10', 2),
(85, 'CƯỚI MA GIẢI HẠN', 'cuoi-ma-giai-han', 128, 'film_67e408a01fc8a.jpg', 'film_67e408a01fc8a-2025.jpg', 'https://youtu.be/CkVv1hHJl-M', 'Chayanop Boonprakob', 'Billkin, PP Krit', 'Thái Lan', 2025, 'P', 'Menn, một tên trộm cắp đang làm tay trong cho cảnh sát, đồng thời cũng là một gã trai thẳng chính hiệu. Ngày nọ, Menn vô tình nhặt được một bao lì xì đỏ bí ẩn và bị ràng buộc bởi khế ước siêu nhiên, bắt anh phải kết hôn với một hồn ma. Không dừng lại ở đó, số phận càng trớ trêu hơn khi “vợ” của Menn không chỉ là người cõi âm, mà còn là một “mỹ” vong dễ thương với tư tưởng cấp tiến tên Titi. Menn buộc phải giúp Titi tìm ra sự thật đằng sau vụ tai nạn cướp đi sinh mạng của cậu để Titi được siêu thoát và trả lại bình yên cho mình. Trùng hợp làm sao, tất cả đầu mối đều dẫn đến vụ buôn ma túy bất hợp pháp do Menn và Goi, nữ cảnh sát lớn tuổi mà Menn yêu mến, đang điều tra. Tin rằng việc phá án sẽ có lợi cho sự nghiệp và tình yêu của mình, Menn quyết định tham gia phi vụ bất bình thường này để giúp Titi, từ đó tạo nên một mối liên kết không tưởng giữa đồng tính và trai thẳng, giữa người sống và kẻ chết.', 3, '2025-03-26 21:01:04', 3, '2025-03-26 21:01:04', 2);
INSERT INTO `phim` (`MaPhim`, `TenPhim`, `TenRutGon`, `ThoiLuong`, `Anh`, `Banner`, `Trailer`, `DaoDien`, `DienVien`, `QuocGia`, `NamPhatHanh`, `PhanLoai`, `MoTa`, `NguoiTao`, `NgayTao`, `NguoiCapNhat`, `NgayCapNhat`, `TrangThai`) VALUES
(86, 'Chốt Đơn!', 'chot-don!', 0, 'film_67e4098d4155a.jpg', 'film_67e4098d4155a-2025.jpg', 'https://youtu.be/FWOuq8Blpcc', 'Bảo Nhân, NamCito', 'Nguyễn Thúc Thùy Tiên, Quyền Linh, Hồng Đào, NSND Hồng Vân, Khương Lê', 'Việt Nam', 2025, 'P', 'Chốt Đơn! xoay quanh cuộc sống tất bật của Hoàng Linh - nữ “chiến thần” chốt đơn trẻ đang thành công và chú An (Quyền Linh) một nhân viên văn phòng kiêm tài xế xe ôm công nghệ. Giữa những mơ hồ, thay đổi, áp lực của xã hội lên hai thế hệ, Hoàng Linh và chú An vốn đối lập từ tuổi tác, hoàn cảnh đến tính cách, lại tìm thấy một tình bạn thật trong sáng, khởi tạo nên những nhiệt huyết mới để mang đến những phiên “Chốt đơn!” thắng đậm.', 3, '2025-03-26 21:05:01', 3, '2025-03-26 21:05:01', 2),
(87, 'Phim Xì Trum', 'phim-xi-trum', 0, 'film_67e40a4f8e990.jpg', 'film_67e40a4f8e990-2025.jpg', 'https://youtu.be/LoB7btq9Bpo', 'Chris Miller', 'Rihanna, James Corden, Nick Offerman', 'Âu Mỹ', 2025, 'P', 'Kể về câu chuyện về ngôi làng Xì Trum, nơi mà mỗi ngày đều là lễ hội. Bỗng một ngày, sự yên bình của ngôi làng bị phá vỡ khi Tí Vua bị bắt cóc một cách bí ẩn bởi hai phù thủy độc ác Gà Mên và Cà Mên. Từ đây, Tí Cô Nương phải dẫn dắt các Tí đi vào thế giới thực để giải cứu ông. Với sự giúp đỡ của những người bạn mới, các Tí sẽ bước vào cuộc phiêu lưu khám phá định mệnh của mình để cứu lấy vũ trụ.', 3, '2025-03-26 21:08:15', 3, '2025-03-26 21:08:15', 2),
(88, 'Anh Trai \"Say Hi\": Kẻ Phản Diện Tạo Nên Người Hùng', 'anh-trai--say-hi-:-ke-phan-dien-tao-nen-nguoi-hung', 120, 'film_67e6abbb2c5d6.jpg', 'film_67e6ac18e5cf5-2025.jpeg', 'https://youtu.be/o2UFoLEalxE', 'Lê Hoàng Tuấn (Jason) & Nguyễn Duy Anh (Mr Blue)', 'Đang cập nhật', 'Việt Nam', 2025, 'P', 'Anh trai ‘say hi’”, hơn cả một chương trình âm nhạc thực tế sống còn 100% thuần Việt, được sáng tạo bởi trí tuệ Việt Nam, đáp ứng khao khát “đu idol quốc nội” của người trẻ Việt và được yêu thương, ủng hộ bởi người hâm mộ văn hoá bản địa. “Anh trai ‘say hi’” là người hùng trong công cuộc thay đổi nền công nghiệp giải trí Việt Nam, và người hùng “Anh trai ‘say hi’” đã chiến đấu với những “kẻ phản diện” của chính mình để viết nên lịch sử. “Kẻ phản diện” mang tên hoài nghi, lo sợ trước cam kết “100% mới”: format hoàn toàn mới, âm nhạc hoàn toàn mới, diện mạo thần tượng hoàn toàn mới; “kẻ phản diện” mang tên “định kiến thần tượng quốc nội” luôn thua kém những tên tuổi quốc tế. Chưa bao giờ trong lịch sử concert âm nhạc Việt Nam được chứng kiến chuỗi đêm diễn tại các thành phố lớn đạt kỷ lục “cháy” hơn 178,000 vé mà không cần bất cứ “idol” quốc tế nào tham gia. “Kẻ phản diện” thậm chí ẩn náu trong mỗi anh trai, họ không thấy mặt, không gọi được tên và tất nhiên không thể vượt qua nếu không cùng “Anh trai ‘say hi’” trải qua hành trình lịch sử. KHÔNG CÓ NGƯỜI HÙNG VĨ ĐẠI NẾU THIẾU KẺ PHẢN DIỆN ĐÁNG GỜM. \"Anh trai \'say hi\'” đã thay đổi nền văn hoá thần tượng Việt Nam mãi mãi.\r\n', 3, '2025-03-28 21:01:31', 3, '2025-03-28 21:03:20', 1),
(89, 'Nụ Hôn Bạc Tỷ', 'nu-hon-bac-ty', 100, 'film_67e6acea27683.jpg', 'film_67e6acea27683-2025.jpg', 'https://youtu.be/vUGel4p21yo', 'Thu Trang', 'Thu Trang, Đoàn Thiên Ân, Lê Xuấn Tiến, Tiến Luật', 'Việt Nam', 2025, 'T13', 'Câu chuyện xoay quanh Vân - cô gái bán bánh mì vô tình gặp phải hai chàng trai trong một tai nạn nhỏ. Làm thế nào khi tiếng sét ái tình đánh một lúc cả ba người? Liệu giữa một chàng trai chững chạc, nam tính và một chàng trai đôi chút ngông nghênh, cool ngầu - đâu sẽ là “Nụ Hôn Bạc Tỷ” của cô gái xinh đẹp?', 3, '2025-03-28 21:06:34', 3, '2025-03-28 21:06:34', 1),
(90, 'Bộ Tứ Báo Thủ', 'bo-tu-bao-thu', 132, 'film_67e6addfaf346.jpg', 'film_67e6addfaf346-2025.jpg', 'https://youtu.be/ADxzYuEN9fM', 'Trấn Thành', 'Trấn Thành, Lê Giang, Lê Dương Bảo Lâm, Uyển Ân, Trần Tiểu Vy, Nguyễn Cao Kỹ Duyên, Trần Quốc Anh', 'Việt Nam', 2025, 'T16', 'Trấn Thành là một trong những đạo diễn ăn khách nhất thị trường phim Việt hiện nay, những tác phẩm mà anh làm ra thường có doanh thu hàng trăm tỷ đồng và làm nên sự sôi động của thị trường phim Việt. Ba bộ phim.\r\nĐã đem về doanh thu phòng vé lên đến hàng nghìn tỷ đồng và đưa tên tuổi Trấn Thành trở thành “đạo diễn nghìn tỷ”. Năm nay, Trấn Thành tiếp tục quay lại đường đua phim tết với Bộ Tứ Báo Thủ.\r\nBộ phim diễn ra khi Quốc Anh (Quốc Anh) và Quỳnh Anh (Tiểu Vy) yêu nhau đang đến lúc “nhạt”. Nhận ra điều này, Quỳnh Anh lên kế hoạch hâm nóng mối quan hệ của mình, với sự quân sư giúp đỡ Bộ tứ thân thiết gồm Dì 4 (Lê Giang), Cậu 11(Trấn Thành), Kiều (Uyển Ân) và Jessica (Lê Dương Bảo Lâm). Tuy nhiên, “giúp đâu, hỏng đấy”, hành trình “thêm muối” của những Báo Thủ này gặp phải những trở ngại gì nữa?', 3, '2025-03-28 21:10:39', 3, '2025-03-28 21:10:39', 1),
(91, 'MAI (Chiếu Lại)', 'mai-(chieu-lai)', 131, 'film_67e6aec2bf6b3.jpg', 'film_67e6aec2bf6b3-2024.jpg', 'https://youtu.be/Yz96EBNwMGw', 'Trấn Thành', 'Tuấn Trần , Phương Anh Đào, Trấn Thành, Hồng Đào, Anh Đức, Khả Như', 'Việt Nam', 2024, 'T18', 'Mai xoay quanh câu chuyện về cuộc đời của một người phụ nữ cùng tên với bộ phim. Trên First-look Poster, Phương Anh Đào tạo ấn tượng mạnh với cái nhìn tĩnh lặng, xuyên thấu, đặc biệt, trên bờ môi nữ diễn viên là hình ảnh cô đang nằm nghiêng trên mặt nước. Được phủ một màn sương mờ ảo, poster đậm chất nghệ thuật của Mai gây tò mò với lời tựa: “Quá khứ chưa ngủ yên, ngày mai liệu sẽ đến?”.', 3, '2025-03-28 21:14:26', 3, '2025-03-28 21:14:26', 1),
(92, 'Năm Mười', 'nam-muoi', 0, 'film_67e6b0b9cb785.jpg', 'film_67e6b0b9cb785-2025.jpg', '', 'Tấn Hoàng Thông', 'Huỳnh Tú Uyên, Trần Vân Anh, Trần Phong', 'Việt Nam', 2025, 'T18', 'Năm Mười lấy cảm hứng từ trò chơi quen thuộc Năm Mười, câu chuyện xoay quanh một nhóm bạn cùng nhau đi nghỉ dưỡng tại Đà Lạt. Chuyến đi tưởng như chữa lành bỗng nhiên trở thành tai hoạ khi họ cùng chơi trò Năm Mười và một bí mật kinh hoàng năm xưa được hé lộ.', 3, '2025-03-28 21:22:49', 3, '2025-03-28 21:22:49', 2),
(93, 'Pororo Thám Hiểm Đại Dương Xanh', 'pororo-tham-hiem-dai-duong-xanh', 0, 'film_67e6b1665dc4c.jpg', 'film_67e6b1665dc4c-2025.jpg', 'https://youtu.be/H7OO5Ivcy1M', 'Kim Hyun Ho', 'Đang cập nhật', 'Hàn Quốc', 2025, 'P', 'Pororo: Underwater Adventure/ Pororo Thám Hiểm Đại Dương Xanh kể về Pororo và những người bạn trong chuyến phiêu lưu thám hiểm đại dương cùng vô vàn những điều kỳ bí và những bài học bổ ích về biển xanh dành cho các bạn nhỏ. Ước mơ trở thành vệ binh bảo vệ biển cả, Pororo cùng các bạn đã đến thăm binh đoàn Red Hunter nhưng lại vô tình bị \'quái vật\' Seatus nuốt chửng. Để giải cứu bạn của mình, Pororo đã vô tình chạm mặt với Marine và phát hiện ra những âm mưu phía sau của binh đoàn Red Hunter.', 3, '2025-03-28 21:25:42', 3, '2025-03-28 21:25:42', 2),
(94, 'Lưỡi Hái Tử Thần: Huyết Thống', 'luoi-hai-tu-than:-huyet-thong', 109, 'film_67e6b25d7b192.jpg', 'film_67e6b25d7b192-2025.jpg', 'https://youtu.be/E3Z-L0a-VVU', 'Đang cập nhật', 'Kaitlyn Santa Juana, Teo Briones, Richard Harmon, Owen Patrick Joyner, Anna Lore', 'Âu Mỹ', 2025, 'T18', 'Thương hiệu kinh dị đình đám Hollywood Final Destination sẽ trở lại với phần phim mới, hứa hẹn khuấy đảo phòng vé mùa hè 2025. Final Destination: Bloodlines là phần thứ 6 trong series, và cho đến hiện tại, các thông tin về nội dung phần phim này vẫn đang được giữ kín. Bộ đôi Zach Lipovsky và Adam Stein được chọn từ hơn 200 ứng viên để ngồi ghế đạo diễn, trong khi Guy Busick - biên kịch của Ready or Not sẽ chấp bút cho bộ phim. Tony Todd - gương mặt quen thuộc của series cũng sẽ trở lại trong phần 6 với vai diễn William Bludworth. Phim dự kiến ra mắt tháng 05.2025.', 3, '2025-03-28 21:29:49', 3, '2025-03-28 21:29:49', 2),
(95, 'Bí Mật Kinh Hoàng', 'bi-mat-kinh-hoang', 0, 'film_67e6b311c8ea5.jpg', 'film_67e6b311c8ea5-2025.jpg', 'https://youtu.be/L2r9X--a3oQ', 'David F. Sandberg', 'Ella Rubin, Michael Cimino, Odessa A\'zion, Ji-young Yoo, Belmont Cameli', 'Âu Mỹ', 2025, 'T18', '10 năm sau Until Dawn, thế giới kinh dị nay bước lên màn ảnh rộng. Một nhóm bạn lạc lõng giữa bóng tối, một ngôi nhà chứa đầy bí mật, và một sát nhân đeo mặt nạ mang theo lời nguyền chết chóc.', 3, '2025-03-28 21:32:49', 3, '2025-03-28 21:32:49', 2),
(96, 'Code: Phản Ước', 'code:-phan-uoc', 0, 'film_67e6b3bac644c.jpg', 'film_67e6b3bac644c-2025.jpg', '', 'V Pictures, Silver Moonlight Entertainment', 'Đang cập nhật', 'Âu Mỹ', 2025, 'T18', 'Đăng Thức, một nhân viên ngân hàng đang gặp khủng hoảng tài chính \'vô tình\' được người bạn cũ giới thiệu một ứng dụng điện thoại bí ẩn tên CODE giúp người sử dụng đạt được bất kỳ mong ước nào nhưng không biết rằng đây chính là cái bẫy công nghệ được thiết lập dành riêng cho mình...', 3, '2025-03-28 21:35:38', 3, '2025-03-28 21:35:48', 2),
(97, 'Đèn Âm Hồn', 'den-am-hon', 101, 'film_67e6b45f76a57.jpg', 'film_67e6b45f76a57-2025.jpg', 'https://youtu.be/PWdeLkzoJ5s', 'Hoàng Nam', 'Chiều Xuân, NSƯT Quang Tèo, Hạo Khang, Hoàng Kim Ngọc, Diễm Trang', 'Việt Nam', 2025, 'T18', 'Lấy cảm các từ Chuyện Người Con Gái Nam Xương, Đèn Âm Hồn xảy tại một ngôi làng miền Bắc vào thời phong kiến. Thương một mình nuôi con trai chờ chồng đi lính trở về. Lĩnh (con Thương) vô tình nhặt được một cây đèn, từ đó cậu gọi chiếc bóng hiện trên tường là cha. Theo lời của cô đồng trong làng, đây là cây đèn âm hồn, có thể đã triệu hồn một ác linh quay lại báo thù. Từ đây, những sự kiện bất thường ma quái xảy ra với Thương và cả dân làng. Liệu chiếc bóng đó có phải là chồng của Thương, cha của Lĩnh hay không?', 3, '2025-03-28 21:38:23', 3, '2025-03-28 21:38:23', 1),
(98, 'Tay Nghiệp Dư', 'tay-nghiep-du', 0, 'film_67e6b5c468a36.jpg', 'film_67e6b5c468a36-2025.jpg', 'https://youtu.be/W8w9iOqkP1U', 'James Hawes', 'Rami Malek, Rachel Brosnahan, Caitriona Balfe, Laurence Fishburne, Holt McCallany', 'Âu Mỹ', 2025, 'P', 'Theo chân một nhà mật mã học của CIA, người đã tống tiền cơ quan của anh ta để thả anh ta ra truy đuổi một nhóm khủng bố đã giết vợ anh ta ở London.', 3, '2025-03-28 21:44:20', 3, '2025-03-28 21:44:20', 2),
(99, '28 Năm Sau: Hậu Tận Thế', '28-nam-sau:-hau-tan-the', 0, 'film_67e6b61214ca6.jpg', 'film_67e6b61214ca6-2025.jpg', 'https://youtu.be/ayEp01lTdJs', 'Danny Boyle', 'Cillian Murphy, Jodie Comer, Aaron Taylor-Johnson, Ralph Fiennes, Jack O\'Connell', 'Âu Mỹ', 2025, 'T18', '28 Năm Sau: Hậu Tận Thế kể về nơi không còn ranh giới giữa sự sống và cái chết. Trong thế giới đổ nát này, một nhóm người sống sót quyết định bước ra khỏi nơi ẩn náu để tìm kiếm một tương lai mới. Nhưng ngoài kia, xác sống đã tiến hóa, và chính con người mới là hiểm họa lớn nhất.', 3, '2025-03-28 21:45:38', 3, '2025-03-28 21:45:38', 2),
(100, 'Mortal Kombat 2', 'mortal-kombat-2', 0, 'film_67e6b6e796b90.jpg', 'film_67e6b6e796b90-2025.jpg', 'https://youtu.be/hmfFKkvvflg', 'Simon McQuoid', 'Karl Urban, Lewis Tan, Jessica McNamee, Mehcad Brooks, Ludi Lin', 'Âu Mỹ', 2025, 'T18', 'Và khép lại một năm đầy hứa hẹn của nhà Warner Bros. sẽ là Mortal Kombat 2, phần tiếp theo của Mortal Kombat năm 2021, dựa trên tựa game đối kháng nổi tiếng cùng tên. Dàn diễn viên của phần trước bao gồm các ngôi sao võ thuật như Lewis Tan, Jessica McNamee, Mehcad Brooks, Tadanobu Asano, Ludi Lin, Joe Taslim, Hiroyuki Sanada và Max Huang đều sẽ trở lại, cùng với sự bổ sung gương mặt mới Karl Urban trong vai Johnny Cage.', 3, '2025-03-28 21:49:11', 3, '2025-03-28 21:49:11', 2),
(101, 'Heo Năm Móng', 'heo-nam-mong', 0, 'film_67e6b745ba66f.jpg', 'film_67e6b745ba66f-2025.jpg', '', 'Đang cập nhật', 'Đang cập nhật', 'Việt Nam', 2025, 'T18', 'Từ nhà sản xuất của Quỷ Cẩu và Linh Miêu, Heo Năm Móng là bộ phim kinh dị nằm trong vũ trũ linh dị. Heo Năm Móng là câu chuyện về loài vật xuất hiện trong văn hoá dân gian của người Khmer.', 3, '2025-03-28 21:50:45', 3, '2025-03-28 21:50:45', 2),
(102, 'Đại Hải Chiến Noryang: Biển Chết', 'dai-hai-chien-noryang:-bien-chet', 152, 'film_67e6b84ee8c95.jpg', 'film_67e6b84ee8c95-2024.jpg', 'https://youtu.be/zn-LXhgn2rs', 'Kim Han-min', 'Song Yo-sep, Kim Joong-hee, Choi Jung-tae, Choi Kwang-je, Ju Seok-tae', 'Hàn Quốc', 2024, 'T18', 'Đại Hải Chiến Noryang: Biển Chết lấy bối cảnh cuối thế kỉ 16, tác phẩm sẽ xoay quanh trận đánh thuộc hàng ác liệt nhất giai đoạn chiến tranh Nhâm Nhìn (1592 – 1598), đồng thời cũng là trận đánh bi tráng nhất sự nghiệp cầm quân của Đô đốc Lý Thuấn Thần.', 3, '2025-03-28 21:55:10', 3, '2025-03-28 21:55:10', 1),
(103, 'Mật Vụ Ong', 'mat-vu-ong', 105, 'film_67e6b8c9bda98.jpg', 'film_67e6b8c9bda98-2024.jpg', 'https://youtu.be/GqG8fXZI5T4', 'David Ayer', 'Phylicia Rashad, Reza Diako, Adam Basil, Taylor James, Dan Li', 'Âu Mỹ', 2024, 'T18', 'Jason Statham vào vai Adam Clay, một người nuôi ong cần mẫn và đơn độc. Anh có mối quan hệ tốt với bà chủ nhà, thậm chí coi bà như người thân duy nhất của mình. Thế nhưng, một sự kiện xảy ra khiến bà qua đời, và “người nuôi ong” Adam Clay quyết định bắt đầu kế hoạch trả thù tàn bạo của mình. Trong khi Clay vạch trần bí mật đằng sau đường dây lừa đảo cỡ lớn và bắt những kẻ có tội phải trả giá, thân phận thật của anh cũng dần được hé lộ.', 3, '2025-03-28 21:57:13', 3, '2025-03-28 21:57:25', 1),
(104, 'Thanh Gươm Diệt Quỷ: Phép Màu Tình Thân, Cho Đến Chuyến Đặc Huấn Của Đại Trụ', 'thanh-guom-diet-quy:-phep-mau-tinh-than--cho-den-chuyen-dac-huan-cua-dai-tru', 103, 'film_67e6b96b7c309.jpg', 'film_67e6b96b7c309-2024.jpg', 'https://youtu.be/SXcCdQdcBtw', 'Haruo Sotozaki', 'Toshio Furukawa, Katsuyuki Konishi, Takahiro Sakurai, Kengo Kawanishi, Tomokazu Seki', 'Nhật Bản', 2024, 'T16', 'Phim lấy bối cảnh ở làng thợ rèn, kể về hồi kết của trận ác chiến giữa Tanjiro với Thượng Huyền Tứ Hantengu, và việc Nezuko khắc chế được mặt trời. Thêm vào đó, tập đầu tiên của phần \"Đại Trụ Đặc Huấn\", mở màn cho khóa đặc huấn của các Đại Trụ cho cuộc quyết chiến với Kibutsuji Muzan.', 3, '2025-03-28 21:59:55', 3, '2025-03-28 21:59:55', 1),
(105, 'Kung Fu Panda 4', 'kung-fu-panda-4', 94, 'film_67e6b9ffc96b1.jpg', 'film_67e6b9ffc96b1-2024.jpg', 'https://youtu.be/8MhTBKv-mSg', 'Mike Mitchell', 'Lucy Liu, David Cross, Seth Rogen, Jackie Chan, Angelina Jolie', 'Trung Quốc', 2024, 'P', 'Sau khi Po được chọn trở thành Thủ lĩnh tinh thần của Thung lũng Bình Yên, Po cần tìm và huấn luyện một Chiến binh Rồng mới, trong khi đó một mụ phù thủy độc ác lên kế hoạch triệu hồi lại tất cả những kẻ phản diện mà Po đã đánh bại về cõi linh hồn.', 3, '2025-03-28 22:02:23', 3, '2025-03-28 22:02:23', 1),
(106, 'Godzilla x Kong: Đế Chế Mới', 'godzilla-x-kong:-de-che-moi', 115, 'film_67e6ba7e48f21.jpg', 'film_67e6ba7e48f21-2024.jpg', 'https://youtu.be/EN5Nbnh8Z7U', 'Adam Wingard', 'Dan Stevens, Rebecca Hall, Brian Tyree Henry, Kaylee Hottle, Fala Chen', 'Âu Mỹ', 2024, 'P', 'Kong và Godzilla - hai sinh vật vĩ đại huyền thoại, hai kẻ thủ truyền kiếp sẽ cùng bắt tay thực thi một sứ mệnh chung mang tính sống còn để bảo vệ nhân loại, và trận chiến gắn kết chúng với loài người mãi mãi sẽ bắt đầu.', 3, '2025-03-28 22:04:30', 3, '2025-03-28 22:04:30', 1),
(107, 'Dune 2: Hành Tinh Cát', 'dune-2:-hanh-tinh-cat', 166, 'film_67e6bb3463870.jpg', 'film_67e6bb3463870-2024.jpg', 'https://youtu.be/_DS9QpvtAjE', 'Denis Villeneuve', 'Timothee Chalamet, Zendaya, Rebecca Ferguson, Javier Bardem, Florence Pugh', 'Âu Mỹ', 2024, 'T16', 'Dune. 2: Hành Tinh Cát sẽ tiếp tục khám phá hành trình đậm chất thần thoại của Paul Atreides khi anh đồng hành cùng Chani và những người Fremen trên chặng đường trả thù những kẻ đã hủy hoại gia đình mình. Đối mặt với những lựa chọn giữa tình yêu của cuộc đời mình và số phận của vũ trụ, Paul phải ngăn chặn viễn cảnh tương lai tồi tệ chỉ mình anh nhìn thấy.', 3, '2025-03-28 22:07:32', 3, '2025-03-28 22:07:32', 1),
(108, 'Garfield: Mèo Béo Siêu Quậy', 'garfield:-meo-beo-sieu-quay', 101, 'film_67e6bc0f0eaee.jpg', 'film_67e6bc0f0eaee-2024.jpg', 'https://youtu.be/hMrTVMZS0TA', 'Mark Dindal', 'Gregg Berger, Bowen Yang, Brett Goldstein, Cecily Strong, Ving Rhames', 'Âu Mỹ', 2024, 'P', 'Trong bộ phim hoạt hình này, chú mèo mê đồ ăn Garfield bị cuốn vào một vụ trộm để giúp cha mình - một tên trộm đường phố, khỏi một chú mèo biểu diễn khác đang muốn trả thù ông. Bắt đầu như một mối quan hệ hợp tác miễn cưỡng và kết thúc bằng việc Garfield và Vic nhận ra rằng cha con họ không hề khác biệt như vẻ ngoài của mình.', 3, '2025-03-28 22:11:11', 3, '2025-03-28 22:11:11', 1),
(109, 'Phim Điện Ảnh Doraemon: Nobita Và Bản Giao Hưởng Địa Cầu', 'phim-dien-anh-doraemon:-nobita-va-ban-giao-huong-dia-cau', 115, 'film_67e6bc8d19c68.jpg', 'film_67e6bc8d19c68-2024.jpg', 'https://youtu.be/Yug8gbDd5EQ', 'Kazuaki Imai', 'Wasabi Mizuta, Megumi Oohara, Yumi Kakazu, Subaru Kimura, Tomokazu Seki', 'Nhật Bản', 2024, 'P', 'Đây là phần thứ 43 trong loạt phim điện ảnh Doraemon 2D, và là phần phim điện ảnh đầu tiên của thương hiệu Mèo Ú lấy chủ đề âm nhạc. Để chuẩn bị cho buổi hòa nhạc ở trường, Nobita phải tập thổi sáo, trong khi cậu chẳng giỏi khoản này chút nào. Bạn bè ở trường - bao gồm cả Jaian và Suneo - không ngừng trêu chọc Nobita với nốt \"No\" lạc quẻ mà cậu tạo ra. Thế nhưng, một cô bạn kỳ lạ có tên Micca lại bị chinh phục bởi âm thanh kỳ quặc này! Và thế là, Micca đã mời cả Nobita, Doraemon cùng nhóm bạn thân đến với cung điện Farre - tọa lạc tại một hành tinh sử dụng năng lượng từ âm nhạc. Với bảo bối mới \"chứng chỉ chuyên viên âm nhạc\", Doraemon cùng nhóm bạn giúp Micca tìm ra một \"virtuoso\" - bậc thầy âm nhạc sẽ cùng cô biểu diễn nhằm cứu lấy cung điện Farre. Thế nhưng, một thế lực bí ẩn và đáng sợ đang nhăm nhe xóa sổ âm nhạc khỏi thế giới này!? Liệu những người bạn nhỏ có thể cứu lấy âm nhạc và cả Trái Đất của chúng ta?', 3, '2025-03-28 22:13:17', 3, '2025-03-28 22:13:17', 1),
(110, 'Furiosa: Câu Chuyện Từ Max Điên', 'furiosa:-cau-chuyen-tu-max-dien', 148, 'film_67e6bcf37ebc8.jpg', 'film_67e6bcf37ebc8-2024.jpg', 'https://youtu.be/BUwndlpdbVU', 'George Miller', 'Anya Taylor-Joy, Chris Hemsworth, CJ. Bloomfield, Goran D. Kleut, Daniel Webber', 'Âu Mỹ', 2024, 'T18', 'Câu chuyện bắt đầu từ lúc Thế giới sụp đổ, Furiosa phải tự cứu lấy mình để trở về nhà. Một cuộc phiêu lưu hành động độc lập khốc liệt, tiền truyện về quái nữ đồng hành với Max Rockatansky.', 3, '2025-03-28 22:14:59', 3, '2025-03-28 22:14:59', 1),
(111, 'Những Mảnh Ghép Cảm Xúc 2', 'nhung-manh-ghep-cam-xuc-2', 96, 'film_67e6bd79ad43d.jpg', 'film_67e6bd79ad43d-2024.jpg', 'https://youtu.be/XkWHScWxoiI', 'Kelsey Mann', 'Maya Hawke, Liza Lapira, Tony Hale, Lewis Black, Phyllis Smith', '', 2024, 'P', 'Một cuộc phiêu lưu hoàn toàn mới bên trong đầu của Riley với 9 cảm xúc mới.', 3, '2025-03-28 22:17:13', 3, '2025-03-28 22:17:13', 1),
(112, 'Những Gã Trai Hư: Chơi Hay Bị Xơi', 'nhung-ga-trai-hu:-choi-hay-bi-xoi', 110, 'film_67e6bdd175954.jpg', 'film_67e6bdd175954-2024.jpg', 'https://youtu.be/jFCmy8BgT9o', 'Adil El Arbi', 'Will Smith, Martin Lawrence', 'Âu Mỹ', 2024, 'T18', 'Sự trở lại của bộ đôi cảnh sát Mike Lowrey và Marcus Burnett do Will Smith và Martin Lawrence thủ vai. Theo đó nhiệm vụ 2 thảm tử này trong phần 4 đó là giúp chứng minh sự trong sạch của Đại úy sở cảnh sát của họ, người không may qua đời ở phần 3. Trong lúc cứ găng minh oan cho sếp của mình rằng ông không tham nhũng và tiếp tay cho băng đảng ma túy, 2 nhân vật chính cũng trở thành tội phạm bị truy nã khắp đất nước và cũng phải tìm cách chứng minh sự trong sạch của bản thân.', 3, '2025-03-28 22:18:41', 3, '2025-03-28 22:18:41', 1),
(113, 'Cửu Long Thành Trại: Vây Thành', 'cuu-long-thanh-trai:-vay-thanh', 124, 'film_67e6be3e28b77.jpg', 'film_67e6be3e28b77-2024.jpg', 'https://youtu.be/mkvZ5sZtK5U', 'Soi Cheang', 'Cổ Thiên Lạc, Sammo Hung, Raymond Lam, Terrance Lau, Richie Jen', 'Trung Quốc', 2024, 'T18', 'Lạc Quân nhập cảnh trái phép vào Hồng Kông và được Quyền Phong giúp đỡ để tồn tại ở Cửu Long Thành Trại - khu vực phức tạp có rất nhiều băng đảng xã hội đen. Trong lúc gặp nạn họ vô tình phát hiện ra quy luật ngầm giữa sự hỗn loạn phía sau nó. Đứng trước những thế lực tội ác, họ đứng lên chống lại âm mưu đen tối của kẻ thù để giữ lời thề bảo vệ sự bình yên của nơi này.', 3, '2025-03-28 22:20:30', 3, '2025-03-28 22:20:30', 1),
(114, 'Kẻ Trộm Mặt Trăng 4', 'ke-trom-mat-trang-4', 94, 'film_67e6be984a4ae.jpg', 'film_67e6be984a4ae-2024.jpg', 'https://youtu.be/l3oHhZCuTA4', 'Chris Renaud', 'Dana Gaier, Steve Coogan, Miranda Cosgrove, Pierre Coffin, Kristen Wiig', 'Âu Mỹ', 2024, 'P', 'Gru phải đối mặt với kẻ thù mới là Maxime Le Mal và Valentina đang lên kế hoạch trả thù anh, buộc gia đình anh phải lẩn trốn đi nơi khác. Bên cạnh việc đấu tranh bảo vệ gia đình, Gru đồng thời còn phải tìm ra điểm chung với thành viên mới nhất trong nhà đó là Gru Jr.', 3, '2025-03-28 22:22:00', 3, '2025-03-28 22:22:00', 1),
(115, 'Deadpool 3: Deadpool & Wolverine', 'deadpool-3:-deadpool-&-wolverine', 128, 'film_67e6bef064f7c.jpg', 'film_67e6bef064f7c-2024.jpeg', 'https://youtu.be/lW4-A3ZQnVQ', 'Shawn Levy', 'Ryan Reynolds, Hugh Jackman, Emma Corrin, Matthew MacFadyen, Dafne Keen', 'Âu Mỹ', 2024, 'T18', 'Wolverine hợp sức với Deadpool để đánh bại kẻ thù chung.', 3, '2025-03-28 22:23:28', 3, '2025-03-28 22:23:28', 1),
(116, 'Vây Hãm Trên Không', 'vay-ham-tren-khong', 100, 'film_67e6bf51df0f6.jpg', 'film_67e6bf51df0f6-2024.jpg', 'https://youtu.be/1Umr4h5dn5I', 'Kim Sung-han', 'Ha Jung-Woo, Yeo Jin-goo, Sung Dong-il, Chae Soo-bin, Moon You-kang', 'Hàn Quốc', 2024, 'T16', '\"Từ giờ trở đi, chiếc máy bay này sẽ tới Triều Tiên!”. Bộ phim hành động ly kỳ dựa trên sự kiện có thật với sự tham gia của Ha Jung Woo, Yeo Jin Goo và Sung Dong Il được dựa trên một sự kiện có thật năm 1971, khi một thanh niên Hàn Quốc định cướp một chiếc máy bay chở khách khởi hành từ thành phố cảnh phía đông Sokcho bay tới Seoul. Mọi người trên chuyến bay này đều đang đặt cược mạng sống của mình!', 3, '2025-03-28 22:25:05', 3, '2025-03-28 22:25:05', 1),
(117, 'Phim Điện Ảnh Conan 27: Ngôi Sao 5 Cánh 1 Triệu Đô', 'phim-dien-anh-conan-27:-ngoi-sao-5-canh-1-trieu-do', 111, 'film_67e6c03313ef8.jpg', 'film_67e6c03313ef8-2024.jpg', 'https://youtu.be/x_gGMJOppAo', 'Tomoka Nagaoka', 'Minami Takayama, Wakana Yamazaki, Rikiya Koyama, Ryou Horikawa, Yûko Miyamura', 'Nhật Bản', 2024, 'T13', 'Trong khi đến Hakodate tham gia một giải kiếm đạo, Conan và Heiji đụng độ siêu trộm Kaito Kid - khi hắn đang nhắm tới một thanh kiếm Nhật được cất giấu trong nhà kho của một gia đình tài phiệt. Thi thể một tay buôn vũ khí khét tiếng được phát hiện với vết chém hình chữ thập, và trùng hợp thay, \"kho báu\" mà gã truy lùng dường như cũng có liên quan mật thiết đến thanh kiếm cổ mà Kid đang nhắm tới.', 3, '2025-03-28 22:28:51', 3, '2025-03-28 22:28:51', 1),
(118, 'Mộ Đom Đóm', 'mo-dom-dom', 89, 'film_67e6c0c6154e6.jpg', 'film_67e6c0c6154e6-2024.jpg', 'https://youtu.be/CpcQcKIDYFs', 'Isao Takahata', 'Tsutomu Tatsumi, Ayano Shiraishi, Yoshiko Shinohara, Akemi Yamaguchi', 'Nhật Bản', 2024, 'P', 'Bộ phim được đặt trong bối cảnh giai đoạn cuối chiến tranh thế giới thứ 2 ở Nhật, kể về câu chuyện cảm động về tình anh em của hai đứa trẻ mồ côi là Seita và Setsuko. Hai anh em mất mẹ trong một trận bom dữ dội của không quân Mỹ khi cha của chúng đang chiến đấu cho Hải quân Nhật. Hai đứa bé phải vật lộn giữa nạn đói, giữa sự thờ ơ của những người xung quanh (trong đó có cả người cô họ của mình)... Bi kịch thấm đẫm nước mắt.', 3, '2025-03-28 22:31:18', 3, '2025-03-28 22:31:18', 1),
(119, 'Nhím Sonic 3', 'nhim-sonic-3', 110, 'film_67e6c2df09c1d.jpg', 'film_67e6c2df09c1d-2024.jpg', 'https://youtu.be/9ZQMzTr0K4I', 'Jeff Fowler', 'Melody Nosipho Niemann, Adam Pally, Natasha Rothwell, Tom Butler, Shemar Moore', 'Âu Mỹ', 2024, 'P', 'Sonic the Hedgehog 3 (Nhím Sonic 3) xảy ra khi Sonic, Knuckles và Tails phải đối mặt với một kẻ thù mới cức kì mạnh mẽ là Shadow - một nhân vật phản diện bí ẩn với sức mạnh không giống bất kỳ đối thủ nào họ từng đối mặt trước đây. Bị áp đảo về năng lực, Sonic phải lên đường thành lập một liên minh to lớn hơn.', 3, '2025-03-28 22:40:15', 3, '2025-03-28 22:40:15', 1),
(120, 'Aquaman 2 Và Vương Quốc Thất Lạc', 'aquaman-2-va-vuong-quoc-that-lac', 124, 'film_67e6c362d82a3.jpg', 'film_67e6c362d82a3-2023.jpg', 'https://youtu.be/LtE4ACvFiv4', 'James Wan', 'Jason Momoa, Patrick Wilson, Amber Heard, Yahya Abdul-Mateen II, Nicole Kidman', 'Âu Mỹ', 2023, 'T13', 'Từng là cứu tinh cho cả vũ trụ DC mở rộng khi đạt doanh thu vượt mốc tỷ đô vào năm 2018, nay vị vua biển khơi Aquaman tiếp tục đảm nhận trọng trách lớn hơn – gánh vác việc lấy lại thanh danh cho DCEU nói riêng và cả dòng phim siêu anh hùng nói chung sau một năm thành công thì ít mà thất bại thì nhiều.\r\nCầm trịch dự án Aquaman And The Lost Kingdom vẫn là James Wan - cái tên mà công chúng đặt trọn niềm tin. Từ bộ phim đầu tay Saw (2004) - chỉ mất 1,2 triệu $ chi phí sản xuất và càn quét gần 104 triệu $ tại các rạp chiếu phim toàn cầu, James Wan trở thành “phù thủy của những nỗi sợ”, “ông hoàng phim kinh dị”… Hầu hết tác phẩm James Wan nhúng tay đều hốt bạc phòng vé. Đáng chú ý, lúc lấn sân thực hiện phim hành động, James Wan cũng khiến cả Hollywood thán phục, chỉ đạo thành công Fast & Furious 7 đạt doanh thu hơn 1,5 tỷ $. Tiếp nhận chỉ đạo Aquaman bất chấp nhiều nghi ngại xoay quanh vũ trụ DC mở rộng lẫn độ hấp dẫn của Arthur Curry, James Wan tiếp tục làm cả thế giới sửng sốt bởi Aquaman phá mốc tỉ đô.\r\nGiờ đây, Arthur Curry ngày nào đã trở thành ông bố bỉm sữa ngày ngày chăm con kiêm cai quản cả vùng Atlantis rộng lớn. Thế nhưng, kẻ thù cũ đời nào để cho nhà vua biển cả yên ổn. Nhờ sự trợ giúp của công nghệ, Black Manta lần nữa trỗi dậy với sức mạnh kinh khủng hơn xưa. Không thể chiến đấu một mình, Arthur đành phải nhờ sự trợ giúp của một kẻ thù khác - đứa em cùng mẹ khác cha Orm.\r\n', 3, '2025-03-28 22:42:26', 3, '2025-03-28 22:42:26', 1),
(121, 'Biệt Đội Marvel', 'biet-doi-marvel', 105, 'film_67e6c40ddb348.jpg', 'film_67e6c40ddb348-2023.jpg', 'https://youtu.be/8pW1P8ddqOo', 'Nia DaCosta', 'Brie Larson, Teyonah Parris, Iman Vellani, Zawe Ashton, Park Seo-jun', 'Âu Mỹ', 2023, 'T13', 'Biệt Đội Marvel là phần phim tiếp theo của Captain Marvel (2019) và miniseries Ms. Marvel (2022). Biệt Đội Marvel tập trung vào ba nhân vật Carol Danvers/Captain Marvel, Monica Rambeau và Kamala Khan/Ms. Marvel. Một mối liên kết kỳ lạ khiến cả ba gặp rắc rối khi làm sức mạnh của họ hoán đổi cho nhau và trở nên hỗn loạn. Để giải quyết vấn đề, họ phải đào sâu nguồn gốc, khám phá sức mạnh bản thân đang sở hữu.', 3, '2025-03-28 22:45:17', 3, '2025-03-28 22:45:17', 1),
(122, 'Đất Rừng Phương Nam', 'dat-rung-phuong-nam', 110, 'film_67e6c475287dc.jpg', 'film_67e6c475287dc-2023.jpg', 'https://youtu.be/DHa4MSOzPXw', 'Nguyễn Quang Dũng', 'Hồng Ánh, Hạo Khang, Mai Tài Phến, NSUT Công Ninh, Hứa Vĩ Văn', 'Việt Nam', 2023, 'P', 'Đất Rừng Phương Nam phiên bản điện ảnh được kế thừa và phát triển từ tiểu thuyết cùng tên của nhà văn Đoàn Giỏi và tác phẩm truyền hình nổi tiếng “Đất Phương Nam” của đạo diễn Nguyễn Vinh Sơn. Bộ phim kể về hành trình phiêu lưu của An - một cậu bé chẳng may mất mẹ trên đường đi tìm cha. Cùng với An, khán giả sẽ trải nghiệm sự trù phú của thiên nhiên và nét đẹp văn hoá đặc sắc của vùng đất Nam Kì Lục Tỉnh, sự hào hiệp của những người nông dân bám đất bám rừng và tinh thần yêu nước kháng Pháp đầu thế kỉ 20. Bên cạnh đó, tình cảm gia đình, tình bạn, tình người, tình thầy trò, tình yêu nước là những cung bậc cảm xúc sâu sắc sẽ đọng lại qua mỗi bước chân của An và đồng bạn.', 3, '2025-03-28 22:47:01', 3, '2025-03-28 22:47:01', 1),
(123, 'Địa Đàng Sụp Đổ', 'dia-dang-sup-do', 129, 'film_67e6c4d98c8bd.jpg', 'film_67e6c4d98c8bd-2023.jpg', 'https://youtu.be/-b1sTXyGyq0', 'Um Tae-hwa', 'Lee Byung-Hun, Park Seo-jun, Park Bo-young, Kim Sun-young, Park Ji-hu', 'Hàn Quốc', 2023, 'T16', 'Địa Đàng Sụp Đổ xoay quanh cơn đại địa chấn san bằng Seoul thành bình địa và hành trình sinh tồn của những người sống sót.', 3, '2025-03-28 22:48:41', 3, '2025-03-28 22:48:41', 1),
(124, 'Thanh Tra Sát Nhân', 'thanh-tra-sat-nhan', 102, 'film_67e6c566459ff.jpg', 'film_67e6c566459ff-2023.jpg', 'https://youtu.be/2PQmkoVYjFA', 'Kim Jae-hoon', 'Jang Dong-yoon, Oh Dae-hwan, Jang Jae-ho, Choi Gwi-hwa, Son Jong-hak', 'Hàn Quốc', 2023, 'T18', 'Phim điện ảnh Thanh Tra Sát Nhân (Devils) của đạo diễn Kim Jae-hoon xoay quanh màn tráo đổi thân phận bí ẩn, ly kỳ của thanh tra Jae-hwan (Oh Dae-hwan thủ vai) và tên giết người hàng loạt Jin-hyuk (Jang Dong-yoon thủ vai). Kẻ phản diện sống cuộc đời chính nghĩa, người lương thiện lại bất đắc dĩ trở thành sát nhân, những tình tiết không tưởng liên tục xảy ra khiến người xem không thể rời mắt khỏi cuộc truy đuổi nghẹt thở giữa hai nhân vật.', 3, '2025-03-28 22:51:02', 3, '2025-03-28 22:51:02', 1),
(125, 'Vây Hãm Không Lối Thoát', 'vay-ham-khong-loi-thoat', 105, 'film_67e6c5b84cc88.jpg', 'film_67e6c5b84cc88-2023.jpg', 'https://youtu.be/ze0YBIE0ZkA', 'Lee Sang-yong', 'Ma Dong-seok, Lee Jun-hyuk, Munetaka Aoki, Lee Beom-Soo, Kim Min-Jae', 'Hàn Quốc', 2023, 'T18', 'Lịch chiếu Vây Hãm Không Lối Thoát và review Vây Hãm Không Lối Thoát tại Moveek. Quái vật cơ bắp Seok-do (Ma Dong Seok) dẫn đầu đội hình sự truy lùng đường dây buôn chất cấm của thiếu gia Joo Seong Cheol. Cuộc truy đuổi càng thêm gay cấn khi cú đấm công lý \"chú Ma\" chạm trán thanh kiếm lừng lẫy chốn giang hồ Nhật Bản.', 3, '2025-03-28 22:52:24', 3, '2025-03-28 22:52:24', 1),
(126, 'Transformers: Quái Thú Trỗi Dậy', 'transformers:-quai-thu-troi-day', 127, 'film_67e6c616d111e.jpg', 'film_67e6c616d111e-2023.jpg', 'https://youtu.be/VV_Mjc8ttrg', 'Steven Caple Jr.', 'Anthony Ramos, Dominique Fishback, Tobe Nwigwe, Peter Cullen, Ron Perlman', 'Âu Mỹ', 2023, 'T13', 'Lịch chiếu Transformers: Quái Thú Trỗi Dậy và review Transformers: Quái Thú Trỗi Dậy tại Moveek. Bộ phim dựa trên sự kiện Beast Wars trong loạt phim hoạt hình \"Transformers\", nơi mà các robot có khả năng biến thành động vật khổng lồ cùng chiến đấu chống lại một mối đe dọa tiềm tàng.', 3, '2025-03-28 22:53:58', 3, '2025-03-28 22:53:58', 1),
(127, 'Xứ Sở Các Nguyên Tố', 'xu-so-cac-nguyen-to', 109, 'film_67e6c675cfeac.jpg', 'film_67e6c675cfeac-2023.jpg', 'https://youtu.be/j2DD_MlAnoA', 'Denise Ream', 'Mamoudou Athie, Leah Lewis', 'Âu Mỹ', 2023, 'P', 'Lịch chiếu Xứ Sở Các Nguyên Tố và review phim Xứ Sở Các Nguyên Tố. Xứ Sở Các Nguyên Tố từ Disney và Pixar lấy bối cảnh tại thành phố các nguyên tố, nơi lửa, nước, đất và không khí cùng chung sống với nhau. Câu chuyện xoay quanh nhân vật Ember, một cô nàng cá tính, thông minh, mạnh mẽ và đầy sức hút. Tuy nhiên, mối quan hệ của cô với Wade - một anh chàng hài hước, luôn thuận thế đẩy dòng - khiến Ember cảm thấy ngờ vực với thế giới này.', 3, '2025-03-28 22:55:33', 3, '2025-03-28 22:55:33', 1),
(128, 'Vệ Binh Dải Ngân Hà 3', 've-binh-dai-ngan-ha-3', 149, 'film_67e6c6d5e6afc.jpg', 'film_67e6c6d5e6afc-2023.jpg', 'https://youtu.be/cfbKqpbdrYg', 'James Gunn', 'Chris Pratt, Zoe Saldana, Dave Bautista, Karen Gillan, Pom Klementieff', 'Âu Mỹ', 2023, 'T13', 'Review Vệ Binh Dải Ngân Hà 3 và lịch chiếu Vệ Binh Dải Ngân Hà 3 tại Moveek. Cho dù vũ trụ này có bao la đến đâu, các Vệ Binh của chúng ta cũng không thể trốn chạy mãi mãi.', 3, '2025-03-28 22:57:09', 3, '2025-03-28 22:57:09', 1),
(129, 'Fast & Furious 10', 'fast-&-furious-10', 141, 'film_67e6c7216408d.jpg', 'film_67e6c7216408d-2023.jpg', 'https://youtu.be/jTHpOm6L2FQ', 'Louis Leterrier', 'Vin Diesel, Michelle Rodriguez, Tyrese Gibson, Ludacris, Jason Momoa', 'Âu Mỹ', 2023, 'T16', 'Review Fast & Furious 10 và lịch chiếu Fast & Furious 10 xem tại Moveek. Dom Toretto và gia đình của anh ấy bị trở thành mục tiêu của người con trai đầy thù hận của ông trùm ma túy Hernan Reyes.', 3, '2025-03-28 22:58:25', 3, '2025-03-28 22:58:25', 1),
(130, 'Anh Em Super Mario', 'anh-em-super-mario', 93, 'film_67e6c78bb7327.jpg', 'film_67e6c78bb7327-2024.jpg', 'https://youtu.be/QcinmCfoh8E', 'Michael Jelenic, Aaron Horvath', 'Chris Pratt, Anya Taylor-Joy, Charlie Day, Jack Black, Keegan-Michael Key', 'Âu Mỹ', 2024, 'P', 'Cuộc phiêu lưu đến Vương quốc Nấm của anh chàng thợ sửa ống nước Mario và quá trình anh vươn lên trở thành một huyền thoại. Xem lịch chiếu, review phim và mua vé xem phim dễ dàng hơn tại Moveek', 3, '2025-03-28 23:00:11', 3, '2025-03-28 23:00:11', 1),
(131, 'Khế Ước', 'khe-uoc', 123, 'film_67e6c7e96ce55.jpg', 'film_67e6c7e96ce55-2023.jpg', 'https://youtu.be/JwjjIoTiv5k', 'Guy Ritchie', 'Jake Gyllenhaal, Dar Salim, Antony Starr, Alexander Ludwig, Emily Beecham', 'Âu Mỹ', 2023, 'T18', 'Review Khế Ước và lịch chiếu Khế Ước tại Moveek. Trong nhiệm vụ cuối cùng ở Afghanistan, Trung sĩ John Kinley cùng đội với phiên dịch viên bản địa Ahmed. Khi đơn vị của họ bị phục kích, Kinley và Ahmed là 2 người sống sót duy nhất. Bị kẻ địch truy đuổi, Ahmed liều mạng đưa Kinley đang bị thương băng qua nhiều dặm đường địa hình khắc nghiệt đến nơi an toàn. Trở về Mỹ, Kinley biết rằng Ahmed và gia đình không dc cấp giấy thông hành tới Mỹ như đã hứa. Quyết tâm bảo vệ bạn mình và đền ơn cứu mạng, Kinley trở lại chiến trường để giúp Ahmed và gia đình trước khi lực lượng phiến quân phát hiện ra họ.', 3, '2025-03-28 23:01:45', 3, '2025-03-28 23:01:45', 1),
(132, 'Thanh Gươm Diệt Quỷ Đường Đến Làng Rèn Gươm', 'thanh-guom-diet-quy-duong-den-lang-ren-guom', 110, 'film_67e6c84e8b4c4.jpg', 'film_67e6c84e8b4c4-2023.jpg', 'https://youtu.be/yvUoQ4wE1mg', 'Haruo Sotozaki', 'Natsuki Hanae, Akari Kitō, Yoshitsugu Matsuoka, Hiro Shimono, Katsuyuki Konishi', 'Nhật Bản', 2023, 'T13', 'Gươm Diệt Quỷ Đường Đến Làng Rèn Gươm tại Moveek. Sau trận chiến với Thượng Huyền Lục, thanh gươm của Tanjiro cũng bị hư hỏng nặng và lúc này, cậu cần một thanh gươm mới để tiếp tục lên đường làm nhiệm vụ. Cậu được đưa đến Làng Rèn Gươm, nơi phụ trách rèn vũ khí cho các kiếm sĩ của Đội Diệt Quỷ và chuẩn bị cho trận chiến mới với các thành viên mạnh nhất trong hàng Thượng Huyền của Thập Nhị Quỷ Nguyệt.', 3, '2025-03-28 23:03:26', 3, '2025-03-28 23:03:26', 1),
(133, 'Babylon', 'babylon', 188, 'film_67e6c8cfb3b00.jpg', 'film_67e6c8cfb3b00-2023.jpg', 'https://youtu.be/5muQK7CuFtY', 'Damien Chazelle', 'Brad Pitt, Margot Robbie, Katherine Waterston, Samara Weaving, Max Minghella', 'Âu Mỹ', 2023, 'T18', 'Từ đạo diễn Damien Chazelle, BABYLON là bộ phim lấy bối cảnh Los Angeles vào những năm 1920, do Brad Pitt, Margot Robbie và Diego Calva đóng chính, cùng dàn diễn viên bao gồm Jovan Adepo, Li Jun Li và Jean Smart. Một câu chuyện về sự tham vọng và xa hoa thái quá, cùng với đó là sự thăng trầm của nhiều nhân vật trong thời đại suy đồi và sa đọa không thể kiềm chế ở Hollywood thời sơ khai. Xem lịch chiếu, review phim và mua vé xem phim dễ dàng hơn tại Moveek', 3, '2025-03-28 23:05:35', 3, '2025-03-28 23:05:35', 1),
(134, 'Captain America: Thế Giới Mới', 'captain-america:-the-gioi-moi', 118, 'film_67e92aa5ebb2e.jpg', 'film_67e92aa5ebb2e-2025.png', 'https://youtu.be/Y3h6Noj_pEw', 'Julius Onah', 'Anthony Mackie, Danny Ramirez, Shira Haas, Carl Lumbly', 'Âu Mỹ', 2025, 'T13', 'Captain America: Thế Giới Mới Captain America: Brave New World 2025 Sau khi Thaddeus Ross được bầu làm Tổng thống Hoa Kỳ, Sam Wilson (do Anthony Mackie thủ vai) – Captain America mới, sẽ phải đối mặt với một thảm họa địa cầu và nỗ lực ngăn chặn những kẻ chủ mưu thực sự đứng sau.', 3, '2025-03-30 18:27:33', 3, '2025-03-30 18:27:33', 1),
(135, 'Hành Trình Của Moana 2', 'hanh-trinh-cua-moana-2', 99, 'film_67e92b1359809.jpg', 'film_67e92b1359809-2024.jpg', 'https://youtu.be/POIGX4BX6AI', 'Dave Derrick Jr', 'Auli*i Cravalho, Dwayne Johnson, Hualalai Chung', 'Âu Mỹ', 2024, 'P', 'Hành Trình Của Moana 2 Moana 2 2024 phần hai tiếp theo của bộ phim Moana ra mắt năm 2016. Phim được đạo diễn bởi David Derrick Jr., Jason Hand và Dana Ledoux Miller, với sự tham gia lồng tiếng của Auliʻi Cravalho, Dwayne Johnson, cùng các diễn viên mới như Hualālai Chung và Rose Matafeo. \r\nBa năm sau các sự kiện của phần đầu, Moana giờ đây là một \"wayfinder\" tự tin, nhận được lời kêu gọi từ tổ tiên để khám phá những vùng biển chưa được biết đến ở châu Đại Dương. Cô cùng với á thần Maui và một nhóm thủy thủ lên đường tìm kiếm hòn đảo bị mất tích Motufetu nhằm kết nối các cộng đồng và phá bỏ lời nguyền cổ xưa.', 3, '2025-03-30 18:29:23', 3, '2025-03-30 18:29:23', 1),
(136, 'Vùng Đất Câm Lặng: Ngày Một', 'vung-dat-cam-lang:-ngay-mot', 99, 'film_67e92bdad4407.jpg', 'film_67e92bdad4407-2024.jpg', 'https://youtu.be/eD1O0wVwW7o', 'Michael Sarnoski', 'Lupita Nyong*o, Joseph Quinn, Alex Wolff, Djimon Hounsou', 'Âu Mỹ', 2024, 'T18', 'Vùng Đất Câm Lặng: Ngày Một A Quiet Place: Day One 2024 là phần tiền truyện của loạt phim A Quiet Place do Michael Sarnoski đạo diễn. Bộ phim kể về sự xâm lăng ban đầu của những sinh vật ngoài hành tinh có khả năng nghe cực kỳ nhạy bén, tập trung vào cuộc đấu tranh sinh tồn của một người phụ nữ tại thành phố New York. Lupita Nyong\'o đóng vai Sam, một người phụ nữ bị bệnh nan y, phải đối mặt với sự hỗn loạn, cùng với các diễn viên Joseph Quinn, Alex Wolff và Djimon Hounsou (người trở lại với vai Henri từ \"A Quiet Place Part II\")​', 3, '2025-03-30 18:32:42', 3, '2025-03-30 18:32:42', 1),
(137, 'Vây Hãm: Kẻ Trừng Phạt', 'vay-ham:-ke-trung-phat', 109, 'film_67e92c4ce995e.jpg', 'film_67e92c4ce995e-2024.jpg', 'https://youtu.be/h4okylxDB1Y', 'Heo Myung haeng', 'Ma Dong Seok, Kim Mu Yeol, Lee Joo Bin', 'Âu Mỹ', 2024, 'T18', 'Vây Hãm: Kẻ Trừng Phạt The Roundup: Punishment 2024 dự kiến khởi chiếu vào ngày 24 tháng 4 năm 2024, là phần thứ tư trong loạt phim hành động tội phạm nổi tiếng của Hàn Quốc. Phim do Heo Myung-haeng đạo diễn và có sự tham gia của Ma Dong-seok, Kim Mu-yeol, Lee Dong-hwi, và nhiều diễn viên khác.\r\nNội dung phim xoay quanh cuộc điều tra của \"Monster Cop\" Ma Seok Do và đội của anh ấy khi họ phát hiện mối liên hệ giữa nhà phát triển một ứng dụng mua bán ma túy đã bị sát hại ở Philippines và một tổ chức cá cược trực tuyến bất hợp pháp. Nhân vật chính là Baek Chang Ki, người đang kiểm soát thị trường cá cược trực tuyến bất hợp pháp của Hàn Quốc và gây ra bạo lực, bắt cóc và giết người. Jang Dong Cheol, một thiên tài IT, là đối tác của Baek và đang lên kế hoạch cho một âm mưu lớn hơn nữa tại Hàn Quốc. Để chấm dứt mối đe dọa ngày càng tăng, Ma Seok Do mở rộng hoạt động của mình bằng cách đề xuất một liên minh bất ngờ.', 3, '2025-03-30 18:34:36', 3, '2025-03-30 18:34:36', 1),
(138, 'Nhà Vịt Di Cư', 'nha-vit-di-cu', 83, 'film_67e92ceb7a408.jpg', 'film_67e92ceb7a408-2023.jpg', 'https://youtu.be/SRdCWLCPOrc', 'Benjamin Renner', 'Kumail Nanjiani, Elizabeth Banks, Caspar Jennings', 'Âu Mỹ', 2023, 'P', 'Nhà Vịt Di Cư Migration 2023 là một bộ phim hoạt hình phiêu lưu gia đình do Illumination sản xuất và Universal Pictures phân phối. Bộ phim được đạo diễn bởi Benjamin Renner và Guylo Homsy, với kịch bản viết bởi Mike White. Phim có sự tham gia lồng tiếng của các diễn viên nổi tiếng như Kumail Nanjiani, Elizabeth Banks, Keegan-Michael Key, Awkwafina và Danny DeVito.\r\nNội dung phim xoay quanh gia đình vịt Mallard, với người cha cẩn thận Mack (lồng tiếng bởi Kumail Nanjiani), người mẹ mạo hiểm Pam (Elizabeth Banks), cậu con trai thiếu niên Dax (Caspar Jennings), cô con gái vịt non Gwen (Tresi Gazal), và chú Dan (Danny DeVito) có tính cách cằn nhằn. Họ chưa bao giờ rời khỏi hồ nước ở New England, chủ yếu do lo lắng của Mack về những nguy hiểm có thể xảy ra ngoài thế giới rộng lớn. Tuy nhiên, khi một gia đình vịt di cư kể về những nơi xa xôi hấp dẫn, Pam thuyết phục Mack thực hiện chuyến đi đến Jamaica.\r\nTrong hành trình của mình, gia đình Mallard vô tình đi lạc và lên đường tới New York City, nơi họ gặp một băng nhóm chim bồ câu do Chump (Awkwafina) dẫn dắt. Họ cũng gặp Delroy (Keegan-Michael Key), một con vẹt người Jamaica bị giam cầm trong một nhà hàng thời thượng ở Manhattan. Gia đình Mallard giúp Delroy thoát khỏi nhà hàng và tiếp tục cuộc hành trình của mình. Dọc theo đường đi, họ trải qua nhiều tình huống kỳ quặc và xung đột nhẹ nhàng trong khi bị đuổi theo bởi đầu bếp ác ý, người sở hữu một chiếc trực thăng riêng để truy đuổi họ.', 3, '2025-03-30 18:37:15', 3, '2025-03-30 18:37:15', 1),
(139, 'Bão Trắng 3: Thiên Đàng Hay Địa Ngục', 'bao-trang-3:-thien-dang-hay-dia-nguc', 123, 'film_67e92daa3790b.jpg', 'film_67e92daa3790b-2023.jpg', 'https://youtu.be/UoRSxeHI3Vs', 'Khâu Lễ Đào', 'Cổ Thiên Lạc, Quách Phú Thành, Lưu Thanh Vân, La Gia Lương, Phương Trung Tín', 'Trung Quốc', 2023, 'T18', 'Bão Trắng 3: Thiên Đàng Hay Địa Ngục The White Storm 3: Heaven or Hell 2023 Xoay quanh hai cảnh sát chìm, Âu Chí Viễn và Trương Kiến Hành, đang hoạt động bên trong một tổ chức ma túy lớn do ông trùm Khang Tố Sai đứng đầu tại Hong Kong.\r\nTrong một tình huống, Trương Kiến Hành bị thương nặng và được cứu giúp bởi chính ông trùm ma túy Khang Tố Sai trên một con tàu đang vượt biên đến khu Tam Giác Vàng, nơi trở thành trung tâm sản xuất thuốc phiện. Sự cứu giúp này không chỉ giúp Trương thoát khỏi cái chết mà còn thay đổi hoàn toàn quan điểm của anh về phe đối lập. Trương Kiến Hành, trong tình trạng giằng xé vì lòng biết ơn, quyết định miễn cưỡng hợp tác và làm việc cho Khang Tố Sai, giúp ông trùm này sản xuất thuốc phiện.\r\nMặt khác, Âu Chí Viễn, không biết về sự thay đổi bên trong Trương, tiếp tục theo dấu vết của ông trùm ma túy. Anh cùng với lực lượng cảnh sát quốc tế khao khát truy nã Khang Tố Sai và triệt phá đường dây buôn bán ma túy lớn. Trong quá trình này, Âu phát hiện ra sự thật về Trương và đứng trước sự lựa chọn khó khăn giữa tình nghĩa đồng đội và trách nhiệm công việc.\r\nBão Trắng 3: Thiên Đàng Hay Địa Ngục kết thúc khi cả hai đối diện với nhau trong một cuộc đụng độ căng thẳng, đầy cảm xúc giữa lòng trung thành, tình nghĩa và trách nhiệm.', 3, '2025-03-30 18:40:26', 3, '2025-03-30 18:40:26', 1),
(140, 'Sát thủ John Wick Phần 4', 'sat-thu-john-wick-phan-4', 169, 'film_67e92e9d0ff93.jpg', 'film_67e92e9d0ff93-2023.jpg', 'https://youtu.be/qEVUtrk8_B4', 'Chad Stahelski', 'Keanu Reeves, Donnie Yen, Hiroyuki Sanada, Bill Skarsgård, Ian McShane', 'Âu Mỹ', 2023, 'T18', 'Sát thủ John Wick Phần 4 John Wick: Chapter 4 2023 Là phần tiếp theo của phần Chuẩn bị chiến tranh, đây là phần phim thứ tư trong loạt phim John Wick.Tìm ra một con đường để đánh bại The High Table. Nhưng trước khi anh ta có thể giành được sự tự do, Wick phải đối đầu với một kẻ thù mới có liên minh mạnh mẽ trên toàn cầu và các lực lượng biến những người bạn cũ thành kẻ thù.\r\nỞ New York City, John Wick chuẩn bị trả thù cho mình bằng cách ẩn nấp dưới lòng đất với Bowery King. Anh ta đi đến Morocco và giết Elder, người duy nhất ở trên High Table.\r\nDo đó, quản lý khách sạn New York Continental Hotel Winston Scott và phục vụ Charon của anh ta được triệu tập đến Marquis Vincent de Gramont, một thành viên cao cấp của High Table, người khiển trách Winston vì thất bại trong việc ám sát John. Để trừng phạt Winston, de Gramont tước anh ta vai trò quản lý, phá hủy khách sạn Continental và giết Charon. Sau đó, ông ta đi đến Paris và tuyển Caine, một sát thủ của High Table đã nghỉ hưu và là bạn cũ của John, để giết anh ta, đe dọa giết con gái của Caine nếu không tuân thủ.\r\nJohn tìm sự ẩn náu tại Osaka Continental, được điều hành bởi người bạn Shimazu Koji. Các sát thủ của de Gramont, do đối tác của ông ta Chidi lãnh đạo, đến cùng với Caine để giết John. Akira, con gái của Koji và phục vụ khách sạn, yêu cầu khách sạn được sơ tán và cùng với cha, John và nhân viên khách sạn chiến đấu chống lại sát thủ của High Table. Akira bị thương, trong khi Koji cho John biết cách để trốn thoát. Trên đường đi, John đánh bại một làn sóng sát thủ khác, theo sau là Caine. Họ bị gián đoạn bởi một kẻ theo dõi John vì một hợp đồng, được đặt biệt danh là \"Ông không ai\" bởi de Gramont, nhưng ông ta để John đi sau khi quyết định hợp đồng không đủ. Akira cũng thoát được, nhưng Koji bị Caine giết..... Theo dõi chi tiết bộ phim này trên phimmoi khi có bản chất lượng nhất.', 3, '2025-03-30 18:44:29', 3, '2025-03-30 18:44:29', 1),
(141, 'Lưu Lạc Địa Cầu 2', 'luu-lac-dia-cau-2', 173, 'film_67e92f63c80ff.jpg', 'film_67e92f63c80ff-2023.jpg', 'https://youtu.be/tvqqu_tG7wQ', 'Frant Gwo', 'Ngô Kinh, Lưu Đức Hoa, Vương Trí, Vạn Thiến, Li Xuejian', 'Trung Quốc', 2023, 'P', 'Lưu Lạc Địa Cầu 2 The Wandering Earth II 2023 Bộ phim lấy bối cảnh vào một thời đại đề xuất kế hoạch xây dựng mười nghìn động cơ hành tinh, và kể câu chuyện về cuộc \"khủng hoảng mặt trời\" sắp tới, đẩy thế giới vào tình trạng hoang mang. Trong khi mười nghìn động cơ hành tinh đang được xây dựng, nhân loại đối mặt với một thử thách kép về thảm họa tận thế và sự sống còn.\r\nTừ năm 2044 đến 2058, các nhà khoa học phát hiện ra rằng mặt trời đang bị lão hóa nhanh chóng và tiếp tục phình to, trong vài trăm năm tới sẽ nuốt chửng toàn bộ hệ Mặt Trời bao gồm cả Trái Đất. Đối mặt với thử thách kép về thảm họa tận thế và sự sống còn, một chính phủ liên minh được thành lập, trụ sở đặt tại New York, Mỹ. Tuy nhiên, tình hình chính trị thế giới đang rất bất ổn, con người cố gắng tự cứu nhưng vẫn tranh giành không ngừng. Các cuộc chiến lớn nhỏ liên tiếp xảy ra, cùng với sự mở rộng vô tội vạ của ngành công nghiệp nặng, thế giới trở nên hoang tàn. Công nghệ phát triển nhanh chóng dưới áp lực nặng nề, con người chuyển sang một xã hội kế hoạch hóa chủ yếu dựa trên công nghiệp hàng không vũ trụ, và toàn thế giới cùng đưa ra hàng trăm kế hoạch tự cứu.\r\n', 3, '2025-03-30 18:47:47', 3, '2025-03-30 18:47:47', 1),
(142, 'Avatar 2: Dòng Chảy Của Nước', 'avatar-2:-dong-chay-cua-nuoc', 192, 'film_67e92fc6e9e61.jpg', 'film_67e92fc6e9e61-2022.jpg', 'https://youtu.be/_CgHXISxU4E', 'James Cameron', 'Sam Worthington, Zoe Saldana, Sigourney Weaver, Stephen Lang', 'Âu Mỹ', 2022, 'T13', 'Avatar 2 Avatar 2: Dòng Chảy Của Nước 2022 sau avatar 1 Hai nhân vật chính, Jake Sully và Neytiri, giờ đã thành đôi, nguyện sẽ ở bên nhau. Tuy nhiên, cả hai buộc phải rời khỏi nhà và khám phá những miền đất mới trên mặt trăng Pandora, cũng chính là lúc những mối nguy cũ trở lại với họ. cùng phimmoi hóng bộ phim thế thân 2 Dòng Chảy Của Nước bom tấn này nge\r\nCốt truyện cho thấy Jake và gia đình của anh ấy là mục tiêu của những kẻ thực dân loài người, những người muốn biến Pandora thành ngôi nhà mới cho cư dân Trái đất, vì vậy họ chạy trốn khỏi ngôi nhà trong rừng của mình và tìm nơi ẩn náu với một cộng đồng Na\'vi lưỡng cư trên đại dương, được gọi là Metkayina. Điều này có nghĩa là phần lớn bộ phim diễn ra trong, dưới hoặc xung quanh nước, liên quan đến một mức độ hiểu biết mới về môi trường và công nghệ. Landau nói: “Ánh sáng di chuyển khác nhau dưới nước. \"Vì vậy, chúng tôi cần tạo ra một hệ thống chụp hoàn toàn khác để hoạt động với các điểm đánh dấu phản chiếu và một hệ thống khác trên mặt nước, đồng thời để chúng hoạt động cùng nhau.\"', 3, '2025-03-30 18:49:26', 3, '2025-03-30 18:49:26', 1),
(143, 'One Piece Film: Red', 'one-piece-film:-red', 115, 'film_67e9302d20205.jpg', 'film_67e9302d20205-2022.jpg', 'https://youtu.be/L-aFL-bX1ao', 'Gorō Taniguchi', 'Tanaka Mayumi, Nakai Kazuya, Okamura Akemi', 'Nhật Bản', 2022, 'T13', 'One Piece Film: Red One Piece Movie 15 2022 One Piece Film: Red là bộ phim hoạt hình anime của Nhật Bản thuộc thể loại kỳ ảo, hành động-phiêu lưu được sản xuất bởi Toei Animation. Đây là phần phim thứ mười lăm trong loạt phim điện ảnh của One Piece, dựa trên bộ truyện manga nổi tiếng cùng tên của tác giả Eiichiro Oda. Phim được công bố lần đầu tiên vào ngày 21 tháng 11, 2021 để kỷ niệm sự ra mắt của tập phim thứ 1000 của bộ anime One Piece và sau khi tập phim này được phát sóng, đoạn quảng cáo và áp phích chính thức của phim cũng chính thức được công bố. Phim dự kiến sẽ phát hành vào ngày 6 tháng 8 năm 2022. Bộ phim được giới thiệu sẽ là hành trình xoay quanh một nhân vật nữ mới cùng với Shanks \"Tóc Đỏ\".', 3, '2025-03-30 18:51:09', 3, '2025-03-30 18:51:09', 1),
(144, 'Quyết Tâm Cua Em', 'quyet-tam-cua-em', 125, 'film_67e930ba4081b.jpg', 'film_67e930ba4081b-2022.jpg', 'https://youtu.be/9U7fkTY6HRY', 'Thitipong Kerdtongtawee', 'Wongravee Nateetorn, Plearnpichaya Komalarajun, Pachara Chirathivat', 'Thái Lan', 2022, 'T16', 'Quyết Tâm Cua Em OMG! Oh My Girl 2022 Một câu chuyện tình yêu đầy nổi loạn của một người đàn ông và một người phụ nữ luôn yêu nhau, nhưng sai thời gian và sai địa điểm. Guy là một chàng trai vụng về trong tình trường hay nói cách khác là “ế nhờ thực lực”. Cậu đem lòng yêu đơn phương June, một hot girl bậc nhất của trường, nổi tiếng với lời đồn là “tráp gơ” - thuật ngữ giới trẻ dùng để chỉ những cô gái thích chơi đùa tình cảm người khác. Tuy nhiên, Guy lại mặc kệ lời cảnh tỉnh mà rơi vào lưới tình của June, nhưng số phận trớ trêu đã cản bước họ đi đến một mối quan hệ yêu đương ra trò. Trong khi Guy độc thân, June đang có bạn trai. Khi June vừa kết thúc mối quan hệ của mình, Guy lại đang “thử yêu” một cô gái khác. Khi Guy quyết định chia tay, June lại có bạn trai mới! Cứ thế, họ lựa chọn sẽ coi nhau như những người bạn mà không thể gặp nhau ở “giao điểm” tình yêu. Liệu sự quyết tâm “cuồng si” của Guy có đủ sức biến mối quan hệ này thành “đúng người, đúng thời điểm”?', 3, '2025-03-30 18:53:30', 3, '2025-03-30 18:53:30', 1),
(145, 'Bay Vào Tử Địa', 'bay-vao-tu-dia', 108, 'film_67e9312016795.jpg', 'film_67e9312016795-2023.jpg', 'https://youtu.be/LuSKvz3b0nU', 'Jean François Richet', 'Gerard Butler, Daniella Pineda, Mike Colter', 'Âu Mỹ', 2023, 'T16', 'Bay Vào Tử Địa Plane 2023 Vào đêm giao thừa, phi công lão luyện Brodie Torrance (Gerard Butler) thực hiện một cú hạ cánh mạo hiểm khi chiếc máy bay chở đầy hành khách của anh bị sét đánh. Bị lạc giữa một hòn đảo bị tàn phá bởi chiến tranh, Torrance sẽ nhận ra rằng sống sót sau chuyến bay chỉ là khởi đầu của một cuộc phiêu lưu khủng khiếp đầy nguy hiểm. Người phi công sẽ phải sử dụng tất cả sự khéo léo của mình để cố gắng đưa hành khách đến đích an toàn.', 3, '2025-03-30 18:55:12', 3, '2025-03-30 18:55:12', 1);
INSERT INTO `phim` (`MaPhim`, `TenPhim`, `TenRutGon`, `ThoiLuong`, `Anh`, `Banner`, `Trailer`, `DaoDien`, `DienVien`, `QuocGia`, `NamPhatHanh`, `PhanLoai`, `MoTa`, `NguoiTao`, `NgayTao`, `NguoiCapNhat`, `NgayCapNhat`, `TrangThai`) VALUES
(146, 'Mèo Đi Hia Điều Ước Cuối Cùng', 'meo-di-hia-dieu-uoc-cuoi-cung', 103, 'film_67e9316bdee5e.jpg', 'film_67e9316bdee5e-2022.jpg', 'https://youtu.be/fovTZDDPgAQ', 'Joel Crawford, Januel Mercado', 'Antonio Banderas, Salma Hayek, Harvey Guillén', 'Âu Mỹ', 2022, 'P', 'Mèo Đi Hia Điều Ước Cuối Cùng Puss in Boots: The Last Wish 2022 Mùa thu này, loài mèo yêu thích leche, thích lộng lẫy, bất chấp sợ hãi yêu thích của mọi người sẽ trở lại. Lần đầu tiên sau hơn một thập kỷ, DreamWorks Animation giới thiệu một cuộc phiêu lưu mới trong vũ trụ Shrek khi Puss in Boots táo bạo ngoài vòng pháp luật phát hiện ra rằng niềm đam mê với sự nguy hiểm và coi thường sự an toàn của mình đã gây ra hậu quả nghiêm trọng. Puss đã đốt cháy tám trong số chín mạng sống của mình, mặc dù anh ta đã mất đi số lượng trên đường đi. Lấy lại những mạng sống đó sẽ đưa Mèo đi hia vào nhiệm vụ vĩ đại nhất của nó. Người được đề cử Giải Oscar®, Antonio Banderas trở lại với vai trò lồng tiếng cho PiB khét tiếng khi anh bắt đầu cuộc hành trình hoành tráng vào Rừng Đen để tìm Ngôi sao Điều ước thần thoại và khôi phục lại những mạng sống đã mất của mình. Nhưng chỉ còn một mạng sống, Puss sẽ phải hạ mình và nhờ sự giúp đỡ từ người đồng đội cũ cũng như kẻ thù không đội trời chung của mình: Kitty Soft Paws (ứng cử viên Oscar® Salma Hayek) quyến rũ. Trong nhiệm vụ của mình, Puss và Kitty sẽ được hỗ trợ - trái ngược với khả năng phán đoán tốt hơn của chúng - bởi một con chó lầm lì, hay nói chuyện, không ngừng vui vẻ, Perro (Harvey Guillén, What We Do in the Shadows). Cùng với nhau, bộ ba anh hùng của chúng ta sẽ phải đi trước một bước so với Goldilocks (người được đề cử giải Oscar, Florence Pugh, Góa phụ đen) và Gia đình tội phạm Three Bears, \"Big\" Jack Horner (người chiến thắng giải Emmy John Mulaney, Big Mouth) và thợ săn tiền thưởng đáng sợ , Con sói xấu xa (Wagner Moura, Narcos).', 3, '2025-03-30 18:56:27', 3, '2025-03-30 18:56:27', 1),
(147, 'Black Adam', 'black-adam', 125, 'film_67e931c12b5bc.jpg', 'film_67e931c12b5bc-2022.jpg', 'https://youtu.be/XBH5bmXOyUc', 'Jaume Collet-Serra', 'Dwayne Johnson, Sarah Shahi, Pierce Brosnan', 'Âu Mỹ', 2022, 'T13', 'Black Adam Black Adam 2022 Phim kể về người đàn ông Black Adam đã bị giam cầm sau gần 5000 năm, giờ đây anh được các vị thần Ai Cập bang cho những sức mạnh đầy quyền năng, và từ đó anh đã thoát ra khỏi sự giam cầm. Từ đây, anh đã tận dụng sức mạnh này để bắt đầu một cuộc sống công lý độc nhất trên thế giới hiện đại hóa này. Không những thế anh còn phải đối mặt với những kẻ thù hung ác mới.\r\nBlack Adam là một bộ phim điện ảnh siêu anh hùng của Hoa Kỳ ra mắt năm 2022, dựa trên nhân vật cùng tên của DC Comics. Được sản xuất bởi New Line Cinema, DC Films, Seven Bucks Productions và Flynn Picture, đây là phần phim ngoại truyện của Shazam!, và là phim thứ 11 trong Vũ trụ Mở rộng DC.', 3, '2025-03-30 18:57:53', 3, '2025-03-30 18:57:53', 1),
(148, 'Chiến Binh Báo Đen: Wakanda Bất Diệt', 'chien-binh-bao-den:-wakanda-bat-diet', 161, 'film_67e9327629f1f.jpg', 'film_67e9327629f1f-2022.jpg', 'https://youtu.be/2Qcg6ZaSj8A', 'Ryan Coogler', 'Michael B. Jordan, Forest Whitaker, Martin Freeman, Andy Serkis, Chadwick Boseman, Daniel Kaluuya, Angela Bassett, Danai Gurira', 'Âu Mỹ', 2022, 'T13', 'Chiến Binh Báo Đen Black Panther 2018 T\'Challa (Báo Đen) là một hoàng tử, một nhà phát minh tài ba của đất nước Wakanda nằm ở Châu Phi, nơi có cội nguồn. kim loại cực hiếm: vibranium. Với nguồn tài nguyên phong phú và sự tiến bộ vượt bậc, Wakanda trở thành mục tiêu của nhiều quốc gia và đế chế trong vài thiên niên kỷ, mục đích của những kẻ xâm lược là thu được một lượng vũ khí và của cải khủng khiếp. ở đất nước giàu có này. Với tư cách là người đứng đầu đất nước, Hoàng tử T\'Challa sẽ phải bảo vệ người dân của mình khỏi những âm mưu của ngoại bang. Sở hữu khả năng chiến đấu nhanh, bộ giáp và móng vuốt làm từ vibranium, có thể nói Black Panther cũng là một siêu anh hùng trong thế giới Marvel.', 3, '2025-03-30 19:00:54', 3, '2025-03-30 19:00:54', 1),
(149, 'Đặc Vụ Xuyên Quốc Gia', 'dac-vu-xuyen-quoc-gia', 129, 'film_67e932c8bf9e0.jpg', 'film_67e932c8bf9e0-2022.jpg', 'https://youtu.be/t0ixlAp4BSU', 'Lee Seok Hoon', 'Hyun Bin, Yoo Hai Jin, Lim Yoon A, Daniel Henney, Jin Sun Kyu', 'Âu Mỹ', 2022, 'T16', 'Đặc Vụ Xuyên Quốc Gia Confidential Assignment 2: International 2022 Là bộ phim có doanh thu cao thứ ba tại Hàn Quốc, Nhiệm vụ bí mật chính thức được công chiếu với phần tiếp theo của nó. Bộ phim này quy tụ Hyun Bin , SNSD Yoona và Yoo Hae Jin trong một khung hình. Rất nhiều fan dòng phim hàn quốc đang mong chờ phần tiếp theo của bộ phim này.\r\nViệc phát hành bộ phim này cũng đánh dấu sự khai mạc của Liên hoan phim Hàn Quốc Indonesia 2022, có mặt tại một số cụm rạp trên cả nước, đặc biệt theo thông tin thì sẽ được vietsub bở subteam bỗng dưng trúng số làm mưa làm gió trong thời gian qua.', 3, '2025-03-30 19:02:16', 3, '2025-03-30 19:02:16', 1),
(150, 'Bỗng Dưng Trúng Số', 'bong-dung-trung-so', 113, 'film_67e93317f345f.jpg', 'film_67e93317f345f-2022.png', 'https://youtu.be/D3KbO3QF-lg', 'Park Gyu-tae', 'Ko Kyoung-pyo, Lee Yi-kyung, Eum Mun-suk, Park Se-wan, Kwak Dong-yeon, Lee Soon-won, Kim Min-ho', 'Hàn Quốc', 2022, 'T13', 'Bỗng Dưng Trúng Số 6/45 2022 May mắn nhặt được một tờ vé số trúng thưởng trị giá hàng triệu đô la, nhưng một người lính Hàn Quốc đã để chiếc vé bay qua biên giới và cuối cùng nó đã rơi vào tay một người lính Triều Tiên. Khi biết rằng mình là người chiến thắng lớn, Yong Ho đã thay mặt Chun Woo đến nhận giải thưởng. Yong Ho đã không thể đến Hàn Quốc nhận giải vì muốn lấy lại vé số. Khi đồng đội của hai anh chàng biết được sự việc và yêu cầu họ tham gia vào cuộc đàm phán về số phận của giải thưởng, mọi chuyện trở nên phức tạp. Sau nhiều lần thương lượng, hai bên đã thống nhất chia đôi giải thưởng.\r\nMột thỏa thuận được đưa ra là phía Triều Tiên sẽ trả lại tờ vé số và phía Hàn Quốc sẽ chịu trách nhiệm đổi. Hai bên sẽ đổi một người lính để lấy số tiền được trả lại sau đó. Hai người được chọn để làm nhiệm vụ này là Yong Ho và Chun Woo. Hai người lính phải thích nghi với môi trường quân đội mới mà không được tiết lộ danh tính thật là một trong những câu chuyện hài hước nhất của cuộc hoán đổi quốc tịch.', 3, '2025-03-30 19:03:35', 3, '2025-03-30 19:03:35', 1),
(151, 'Người Nhện: Không Còn Nhà', 'nguoi-nhen:-khong-con-nha', 157, 'film_67e93368400b4.jpg', 'film_67e93368400b4-2023.jpg', 'https://youtu.be/twOE43vLRAM', 'Jon Watts', 'Tom Holland, Zendaya, Benedict Cumberbatch, Jon Favreau, Jacob Batalon, Marisa Tomei', 'Âu Mỹ', 2023, 'T13', 'Người Nhện: Không Còn Nhà Spider-Man: No Way Home 2021 Khi trailer của Spider-Man: No Way Home ra mắt vào ngày 16 tháng 11, nó đã chiếm lĩnh xu hướng toàn thế giới của Twitter khi những người hâm mộ mắt đại bàng đã tìm thấy teaser cho mỗi quả trứng phục sinh mà họ tìm thấy. Những người hâm mộ Marvel đã thất vọng khi cựu Spider-Men Tobey Maguire và Andrew Garfield không có trong trailer, đặc biệt là kể từ khi những phản diện mà họ đánh bại được thiết lập để trở lại trong bộ phim sắp tới. Nhưng không phải tất cả hy vọng cho một cuộc crossover Spidey đa vũ trụ đều bị mất . Với danh tính của Người Nhện giờ đã được tiết lộ, Peter nhờ Doctor Strange giúp đỡ. Khi một câu thần chú bị sai, những kẻ thù nguy hiểm từ các thế giới khác bắt đầu xuất hiện, buộc Peter phải khám phá ra ý nghĩa thực sự của việc trở thành Người Nhện.', 3, '2025-03-30 19:04:56', 3, '2025-03-30 19:04:56', 1),
(152, 'Sát Thủ Đối Đầu', 'sat-thu-doi-dau', 126, 'film_67e933f73ee43.jpg', 'film_67e933f73ee43-2022.jpg', 'https://youtu.be/fiEG-Y9vB00', 'David Leitch', 'Brad Pitt, Joey King, Andrew Koji, Aaron Taylor Johnson, Brian Tyree Henry, Zazie Beetz', 'Âu Mỹ', 2022, 'T18', 'Sát Thủ Đối Đầu Bullet Train 2022 Trong bộ phim này Brad Pitt đóng vai Ladybug, một sát thủ xui xẻo quyết tâm thực hiện công việc của mình một cách hòa bình sau khi có quá nhiều hợp đồng biểu diễn không đạt yêu cầu. Tuy nhiên, số phận có thể có những kế hoạch khác, vì nhiệm vụ mới nhất của Ladybug đưa anh ta vào một khóa học va chạm với những kẻ thù nguy hiểm từ khắp nơi trên thế giới - tất cả đều có các mục tiêu được kết nối, nhưng xung đột - trên chuyến tàu nhanh nhất thế giới. Từ đạo diễn của Deadpool 2, David Leitch, đoạn kết chỉ là khởi đầu trong một chuyến đi hoang dã, không ngừng nghỉ qua Nhật Bản thời hiện đại.', 3, '2025-03-30 19:07:19', 3, '2025-03-30 19:07:19', 1),
(153, 'Jujutsu Kaisen 0: Chú Thuật Hồi Chiến', 'jujutsu-kaisen-0:-chu-thuat-hoi-chien', 105, 'film_67e9347c223f2.jpg', 'film_67e9347c223f2-2022.jpeg', 'https://youtu.be/uLKg1Yksi3c', 'Park Seong Ho', 'Yuuichi, Kouki, Mikako', 'Nhật Bản', 2022, 'T13', 'Jujutsu Kaisen 0: Chú Thuật Hồi Chiến Jujutsu Kaisen 0: The Movie 2021 Những bất hạnh bạo lực thường xuyên xảy ra xung quanh Yuuta Okkotsu, 16 tuổi, một nạn nhân nhút nhát của nạn bắt nạt ở trường trung học. Yuuta bị đeo một lời nguyền quái dị, một sức mạnh có thể gây ra sự trả thù tàn bạo chống lại những kẻ bắt nạt mình. Rika Orimoto, lời nguyền của Yuuta, là cái bóng từ thời thơ ấu đầy bi kịch của anh và là mối đe dọa có thể gây chết người cho bất cứ ai dám sai anh ta.\r\nTình huống độc đáo của Yuuta thu hút sự chú ý của Satoru Gojou, một pháp sư quyền năng đang giảng dạy tại trường Trung học Jujutsu Tokyo. Gojou nhìn thấy tiềm năng to lớn ở Yuuta, và ông hy vọng sẽ giúp cậu bé chuyển gánh nặng chết chóc của mình thành một lực lượng tốt. Tuy nhiên, Yuuta phải vật lộn để tìm được vị trí của mình trong số những người bạn học tài năng của mình: Toge Inumaki bị câm có chọn lọc, chuyên gia vũ khí Maki Zenin và Panda.\r\nYuuta sử dụng Rika một cách vụng về trong các nhiệm vụ với các học sinh năm nhất khác, nhưng hậu quả khủng khiếp của màn thể hiện sức mạnh khủng khiếp của Rika đã thu hút sự quan tâm của người sử dụng lời nguyền tính toán Suguru Getou. Khi Getou cố gắng yêu cầu sức mạnh của Rika và sử dụng nó để loại bỏ tất cả những người không sử dụng thuật thuật trên thế giới, Yuuta chiến đấu cùng với bạn bè của mình để ngăn chặn âm mưu diệt chủng.', 3, '2025-03-30 19:09:32', 3, '2025-03-30 19:09:32', 1),
(154, 'Hạ Cánh Khẩn Cấp', 'ha-canh-khan-cap', 141, 'film_67e934d85620e.jpg', 'film_67e934d85620e-2022.jpg', 'https://youtu.be/CaIYD369OJI', 'Han Jae-rim', 'Song Kang-ho, Lee Byung-hun, Jeon Do-yeon, Kim Nam-Gil và Yim Si-wan, Park Hae-Joon', 'Hàn Quốc', 2022, 'T16', 'Hạ Cánh Khẩn Cấp Emergency Declaration 2022 là một bộ phim truyền hình kinh dị hồi hộp từ đầu đến cuối. Mang chủ đề xoay quanh một loại virus đe dọa, tác phẩm của đạo diễn kiêm biên kịch Han Jae-rim chứa đầy thông điệp đạo đức về tình người và gia đình.\r\nJae-hyuk (Lee Byung-hun) là một cựu phi công muốn đưa con trai của mình, So-min) đến Hawaii để điều trị bệnh chàm của mình. Vợ của thám tử In-ho (Song Kang-ho) cũng vậy, người đi nghỉ cùng bạn bè của anh ta.Khi ở trong nhà vệ sinh, So-min phát hiện ra rằng Jin-seok (Yim Si-wan) đã đặt một thứ gì đó vào nách của mình. Jin-seok biết điều này cũng theo So-min, bao gồm cả việc bay đến Hawaii.\r\nMặt khác, In-ho phát hiện ra Jin-seok là một kẻ tâm thần, người đã tải lên một đoạn video, tiết lộ kế hoạch thực hiện một hành động khủng bố trên máy bay. Nhưng anh ấy phát hiện ra rằng Jin-seok đã đáp chuyến bay K1501 mà vợ anh ấy cũng đang đi.\r\nChuyến bay đáng sợ\r\nKhông nói thêm gì, bộ phim mở đầu bằng sân bay Seoul nhộn nhịp, Jae-hyuk bí ẩn, đồng thời giới thiệu các nhân vật chính và xuất thân của họ để khiến anh gắn bó hơn với khán giả. \r\nCốt truyện được đóng gói với sự hồi hộp từ đầu đến cuối. Thời lượng hai giờ cảm thấy phù hợp khi xem xét số lượng nhân vật và độ phức tạp của cốt truyện được kể. Mọi thứ ngày càng dày đặc hơn với những bí ẩn liên tục hiện ra từ hàng loạt nhân vật có sức hút riêng.\r\nQuy mô lớn phim hạ cánh khẩn cấp có thể được nhìn thấy từ hàng loạt tên tuổi lớn tham gia như Lee Byung-hun, Jeon Do-yeon, và chưa kể đến Song Kang-ho, người cũng đóng vai chính trong bộ phim hài Broker (2022) đã phát sóng cách đây vài tháng.\r\nGây chú ý nhất dĩ nhiên là cựu thần tượng Yim Si-wan, người ngày càng nổi tiếng sau khi bước chân vào thế giới diễn xuất với vai chính trong bộ phim truyền hình Moon Embracing the Sun (2012). Anh ấy thể hiện nhân vật Jae-hyuk, người có vai trò lớn trong việc thể hiện ấn tượng hấp dẫn trong câu chuyện.', 3, '2025-03-30 19:11:04', 3, '2025-03-30 19:11:04', 1),
(155, 'Thần Sấm 4: Tình Yêu Và Sấm Sét', 'than-sam-4:-tinh-yeu-va-sam-set', 118, 'film_67e9354a4c1c3.jpg', 'film_67e9354a4c1c3-2022.jpg', 'https://youtu.be/PEo2LzBi4_o', 'Taika Waititi', 'Natalie Portman, Christian Bale, Karen Gillan', 'Âu Mỹ', 2022, 'T13', 'Thần Sấm 4: Tình Yêu Và Sấm Sét Thor 4: Love and Thunder 2022 Thor 4: Love and Thunder câu chuyện xoay quanh cô nàng tình cũ của anh chàng Thor là Jane Foster, cô là người phàm trần và hiện đang phát hiện bản thân mắc phải căn bệnh ung thư. Thor vì để cứu Jane Foster nên đã truyền sức mạnh của mình qua cho cô và từ đó Jane Foster dần sứng đáng và có thể cầm được cây búa, còn Thor thì mất hết sức mạnh và truyền lại danh hiệu thần sấm cho Jane Foster. Sau một vài lần sử dụng sức mạnh thần sấm đã giúp cho Jane Foster chữa trị được căn bệnh của mình.\r\nGorr , người cuối cùng trong dân tộc của anh ta, dành cả ngày phấn đấu để tồn tại trên một sa mạc cằn cỗi cùng với con gái của mình . Anh cầu nguyện thần Rapu của mình để được giúp đỡ, nhưng con gái anh sớm chết vì đói. Ngay khi bắt đầu nghe thấy một giọng nói gọi mình ở phía xa, Gorr phát hiện ra một ốc đảo, nơi anh ta tìm thấy Rapu, người đã giết người sử dụng vũ khí cổ đại mới nhất được gọi là All-Black the Necrosword . Rapu chế giễu Gorr vì sự bất lực của anh ta và từ chối hỗ trợ. Cảm thấy bị phản bội, Gorr tuyên bố thanh kiếm Necrosword và chặt đầu anh ta, đồng thời thề sẽ loại bỏ tất cả các vị thần.', 3, '2025-03-30 19:12:58', 3, '2025-03-30 19:12:58', 1),
(156, 'Thủy Chiến Đảo Hansan: Rồng Trỗi Dậy', 'thuy-chien-dao-hansan:-rong-troi-day', 129, 'film_67e9359fd8b75.jpg', 'film_67e9359fd8b75-2022.jpg', 'https://youtu.be/fF9QVa5rEHw', 'Kim Han min', 'Park Haeil, Byun YoHan, Ahn SungKi, Son HyunJoo, Kim SungKyu, Kim SungKyun, Kim HyangGi, Ok TaecYeon, Gong Myoung, Park JiHwan', 'Hàn Quốc', 2022, 'T16', 'Thủy Chiến Đảo Hansan: Rồng Trỗi Dậy Hansan: Rising Dragon 2022 là một sử thi chiến tranh lịch sử mô tả Trận chiến đảo Hansan ngoài khơi bờ biển phía nam Hàn Quốc vào tháng 7 năm 1592, nơi Đô đốc Yi Sun-sin đánh bại lực lượng lớn hơn của Nhật Bản thông qua các chiến thuật thông minh và việc sử dụng chiến hạm rùa đặc trưng của ông “Geobukseon” .\r\nPhim kể về trận đại chiến giữa Hàn Quốc và Nhật Bản tại Vịnh Hansan. Chỉ với 66 chiến thuyền, quân của Yi Sun Sin đã thành công trong việc đẩy lùi quân Nhật. Trên thực tế, quân của Yi Sun Sin không có thương vong, trong khi Nhật Bản phải mất 66 tàu chiến.\r\nTướng Yi Sun Sin là một nhân vật anh hùng của Hàn Quốc trong Chiến tranh Imjin chống Nhật Bản. Tổng cộng, đã có ít nhất 23 cuộc hải chiến mà Yi Sun Sin đã phải đối mặt. Nhân vật Yi Sun Sin do Park Hae-il thủ vai.\r\nBộ phim thủy chiến đảo hansan: rồng trỗi dậy này nối tiếp thành công của The Admiral: Roaring Current được rất nhiều người xem. Hansan: Rising Dragon đã thu về 6 triệu lượt xem kể từ khi công chiếu tại Hàn Quốc vào ngày 27/7. Đây là con số khá tuyệt vời khi chỉ trong 26 ngày phát sóng.', 3, '2025-03-30 19:14:23', 3, '2025-03-30 19:14:23', 1),
(157, 'Phi Công Siêu Đẳng Maverick', 'phi-cong-sieu-dang-maverick', 130, 'film_67e9367b5e79b.jpg', 'film_67e9367b5e79b-2022.jpg', 'https://youtu.be/WBtgo0zEuXk', 'Joseph Kosinski', 'Tom Cruise, Jennifer Connelly, Miles Teller', 'Âu Mỹ', 2022, 'T13', 'Phi Công Siêu Đẳng Maverick Top Gun: Maverick 2022 Một người đàn ông với hơn ba mươi năm phục vụ trong quân đội đang được kể về. Anh ấy là một phi công rất dũng cảm. Anh ta tìm cách tránh sự thăng tiến, vì nó khiến anh ta cảm thấy bị bó buộc và không thể trở lại là chính mình. Sau khi nói đùa với Trung úy Bradley Bradshaw, con trai của người bạn thân quá cố của mình, Maverick chuẩn bị bắt tay vào một nhiệm vụ nguy hiểm.\r\nPhi công siêu đẳng máy bay chiến đấu \"không tuổi\" được yêu thích của rạp chiếu phim trở lại với tất cả các động tác hàng không cắn đinh và những cú đấm đầy cảm xúc đã làm cho bản gốc trở thành một hit nổi tiếng của thập niên 80. Trọn vẹn 36 năm (bao gồm cả một số lần trì hoãn đường băng liên quan đến Covid) sau khi quảng cáo tuyển dụng phi công hải quân Mỹ trên màn ảnh rộng của Tony Scott trở thành một tác phẩm điện ảnh nổi tiếng trong thời đại, Tom Cruise đã trở lại làm những gì anh ấy làm tốt nhất - nở nụ cười siêu sao dễ thương / điên rồ của anh ấy và uốn nắn cơ thể già nua kỳ lạ của anh ấy trong một bộ phim bom tấn mãn nhãn mà đối với tất cả những đường nét nam nhi tuyệt vời của nó, vẫn khiến bạn phải nín thở.\r\nTừ những cảnh quay mở màn chói sáng của những chiếc máy bay lao ra khỏi tàu sân bay cho đến những cảnh quay trong Vùng nguy hiểm của Kenny Loggins , có rất ít thay đổi trong thế giới của Top Gun: Maverick - ít nhất là trên Cruise. Maverick có thể đang thử nghiệm máy bay phản lực trên sa mạc Mojave, nhưng anh ấy vẫn có áo khoác, (các) chiếc xe đạp, kính phi công và (quan trọng nhất) \"nhu cầu về tốc độ\" đã khiến anh ấy trở thành một cú hit vào năm 1986', 3, '2025-03-30 19:18:03', 3, '2025-03-30 19:18:03', 1),
(158, 'Điều Ước Cuối Của Tù Nhân 2037', 'dieu-uoc-cuoi-cua-tu-nhan-2037', 111, 'film_67e936da6a072.jpg', 'film_67e936da6a072-2022.jpeg', 'https://youtu.be/B9wYFIlMuBk', 'Mo Hong jin', 'Hong Ye ji, Kim Ji young, Kim Mi hwa, Hwang Seok jeong', 'Hàn Quốc', 2022, 'T16', '', 3, '2025-03-30 19:19:38', 3, '2025-03-30 19:19:38', 1),
(159, 'Sát Thủ Nhân Tạo (Phần 2)', 'sat-thu-nhan-tao-(phan-2)', 138, 'film_67e9373fee9a6.jpg', 'film_67e9373fee9a6-2022.jpg', 'https://youtu.be/2j_g0bmlgoQ', 'Park Hoon Jung', 'Park Eun Bi, Jo Min Soo, Kim Da Mi, Lee Jong Suk, Jin Goo', 'Hàn Quốc', 2022, 'T18', 'Sát Thủ Nhân Tạo (Phần 2) The Witch: Part 2 The Other One 2022 là một bộ phim Hàn Quốc được phát hành vào ngày 15 tháng 6 năm 2022.Bộ phim này có sự tham gia của một số diễn viên nổi tiếng như Shin Si-ah, Kim Da-mi, Jo Min-su, Lee Jong-suk và Park Eun-bin.Được biết, nữ diễn viên Shin Shi-A đã được chọn vào vai nữ chính sau khi trải qua buổi thử giọng với 1.408 người tham gia.\r\nSát Thủ Nhân Tạo Phần 2 Mẫu Vật Còn Lại Kể về câu chuyện của một cô gái tỉnh dậy trong một phòng thí nghiệm bí mật khổng lồ.Khi cô gái trốn thoát khỏi phòng thí nghiệm, cô thấy Kyung Hee đang cố gắng bảo vệ ngôi nhà của mình khỏi các băng nhóm tội phạm.Khi cô gái phải đối mặt với một tổ chức tội phạm tiếp cận nhà của Kyung Hee, cô gái đã áp đảo chúng với sức mạnh áp đảo.Trong khi đó, họ bắt đầu truy đuổi anh ta trong một phòng thí nghiệm bí mật.', 3, '2025-03-30 19:21:19', 3, '2025-03-30 19:21:19', 1),
(160, 'Lightyear', 'lightyear', 105, 'film_67e937ac3e3bf.jpg', 'film_67e937ac3e3bf-2022.jpg', 'https://youtu.be/dIsvndy9I_k', 'Angus MacLane', 'Chris Evans, Keke Palmer, Taika Waititi', 'Âu Mỹ', 2022, 'P', 'Cảnh Sát Vũ Trụ Lightyear 2022 Viết tiếp loạt series câu chuyện đồ chơi cũng có thể nói đây là phần phim Toy Story 5. Phim có diễn biến: Trong khi dành nhiều năm cố gắng trở về nhà, Space Ranger Buzz Lightyear đầy ma mãnh chạm trán với một đội quân robot tàn nhẫn do Zurg chỉ huy đang cố gắng ăn cắp nguồn nhiên liệu của anh ta.', 3, '2025-03-30 19:23:08', 3, '2025-03-30 19:23:08', 1),
(161, 'Thế Giới Khủng Long 3: Lãnh Địa', 'the-gioi-khung-long-3:-lanh-dia', 147, 'film_67e937fcd8c9c.jpg', 'film_67e937fcd8c9c-2022.jpg', 'https://youtu.be/X0Peh-AClUM', 'Colin Trevorrow', 'Laura Dern, Sam Neill, Jeff Goldblum, Chris Pratt, Bryce Dallas Howard', 'Âu Mỹ', 2022, 'T13', 'Thế Giới Khủng Long 3: Lãnh Địa Jurassic World: Dominion 2022 là bộ phim thứ ba sắp tới trong bộ ba Jurassic World và là phần tiếp theo trực tiếp của bộ phim năm 2018 Thế giới khủng long 2 vương quốc sụp đổ . Đây là bộ phim thứ sáu trong loạt phim Công viên kỷ Jura và sẽ là phần kết chotoàn bộ câu chuyện về \"Thế giới kỷ Jura\" .\r\nJurassic World: Dominion có sự góp mặt của một nhóm các diễn viên tái hiện các vai diễn của họ từ các bộ phim Jurassic Park và Jurassic World trước đó .\r\nDominion diễn ra 4 năm sau khi Isla Nublar bị tiêu diệt . Khủng long hiện đang sống — và săn — cùng với con người trên khắp thế giới. Sự cân bằng mong manh này sẽ định hình lại tương lai và xác định, một lần và mãi mãi, liệu con người có còn là kẻ săn mồi đỉnh cao trên hành tinh mà họ đang chia sẻ với những sinh vật đáng sợ nhất trong lịch sử hay không.', 3, '2025-03-30 19:24:28', 3, '2025-03-30 19:24:28', 1),
(162, 'Phù Thủy Tối Thượng Trong Đa Vũ Trụ Hỗn Loạn', 'phu-thuy-toi-thuong-trong-da-vu-tru-hon-loan', 126, 'film_67e93846eb561.jpg', 'film_67e93846eb561-2022.jpg', 'https://youtu.be/ijQGIHy88JM', 'Sam Raimi', 'Benedict Cumberbatch, Elizabeth Olsen, Rachel McAdams', 'Âu Mỹ', 2022, 'T13', 'Phù Thủy Tối Thượng Trong Đa Vũ Trụ Hỗn Loạn Doctor Strange in the Multiverse of Madness 2022 Để khôi phục một thế giới nơi mọi thứ đang thay đổi, Strange tìm kiếm sự giúp đỡ từ đồng minh của mình là Wong , Sorcerer Supreme và Scarlet Wanda, Wanda mạnh mẽ nhất của Avengers . Nhưng một mối đe dọa khủng khiếp rình rập nhân loại và toàn bộ vũ trụ mà không còn có thể được thực hiện bằng sức mạnh của riêng họ. Đáng ngạc nhiên hơn nữa, mối đe dọa lớn nhất trong vũ trụ trông giống hệt như Doctor Strange.\r\nTrong Gap Junction , một máy bay giữa các vũ trụ, America Chavez và Doctor Strange chạy đua tới Sách của Vishanti trong khi cố gắng trốn tránh một Sinh vật có dải băng . Những nỗ lực của Strange để ngăn chặn con quái vật vô ích, dẫn đến việc anh ta cố gắng đánh cắp sức mạnh du hành đa vũ trụ của Chavez, trong khi biết rằng quá trình này sẽ giết chết cô. Tuy nhiên, con quỷ đã giết Strange trong quá trình này, và Chavez, trong nỗi sợ hãi, đã vô tình mở ra một cánh cổng dẫn đến Earth-616 mà xác chết của cô và Strange rơi xuống.\r\nDoctor Strange tỉnh dậy, tin rằng tầm nhìn này là một cơn ác mộng và tiếp tục về ngày của anh ta. Anh ấy mặc trang phục để tham dự đám cưới của Christine Palmer , ở đó anh ấy hồi tưởng về khoảng thời gian họ đã ở bên nhau trước đây, nhưng Palmer khẳng định rằng mối quan hệ sẽ không thành công. Trong lễ kỷ niệm, một thực thể vô hình bắt đầu khủng bố các đường phố của New York . Strange buộc phải trả lời và tiết lộ thực thể là Gargantos , một con quái vật có xúc tu khổng lồ. Có mặt cũng là Chavez, người mà Strange nhận ra từ \"cơn ác mộng\" của mình và giải cứu cô. Wong đến hiện trường từ Kamar-Taj, và họ cùng nhau giết Gargantos bằng cách khoét mắt nó ra. Strange và Wong đặt câu hỏi cho Chavez, và cô ấy giải thích rằng những con quỷ đang săn lùng cô ấy để lấy sức mạnh của mình. Để làm bằng chứng cho những tuyên bố của mình, cô ấy đưa họ đến chỗ xác chết của Strange để chứng minh rằng \"cơn ác mộng\" của Strange thực sự là một cái nhìn của đối tác của anh ấy trên Đa vũ trụ .\r\nDoctor Strange in the Multiverse of Madness Trong Doctor Strange của Marvel Studios trong Đa vũ trụ điên rồ , MCU mở khóa Đa vũ trụ và đẩy ranh giới của nó ra xa hơn bao giờ hết. Hành trình vào thế giới vô danh với Doctor Strange , người, với sự giúp đỡ của các đồng minh thần bí cả cũ và mới, vượt qua những thực tại thay thế nguy hiểm và đáng sợ của Đa vũ trụ để đối đầu với một kẻ thù mới bí ẩn.', 3, '2025-03-30 19:25:42', 3, '2025-03-30 19:25:42', 1),
(163, 'Những Kẻ Xấu Xa', 'nhung-ke-xau-xa', 100, 'film_67e938db138d7.jpg', 'film_67e938db138d7-2022.jpg', 'https://youtu.be/STzy5Y408To', 'Pierre Perifel', 'Sam Rockwell, Craig Robinson, Richard Ayoade, Awkwafina, Marc Maron', 'Âu Mỹ', 2022, 'P', 'Những Kẻ Xấu Xa The Bad Guys 2022 The Bad Guys bao gồm thủ lĩnh Sói độc ác và các đồng đội của hắn: Cô Nhện, Ông Cá Mập, Ông Hổ và Ông Rắn. Trong quá khứ, năm người này đã từng đối mặt với những tên tội phạm chuyên trộm cắp trong thành phố. Nhiệm vụ mới mà họ thực hiện lần này sẽ khác hoàn toàn so với những lần trước, một thách thức được cho là \"quay đầu về bờ\" - trở thành công dân gương mẫu.', 3, '2025-03-30 19:28:11', 3, '2025-03-30 19:28:11', 1),
(164, 'Xe Cấp Cứu', 'xe-cap-cuu', 137, 'film_67e9392607a9a.jpg', 'film_67e9392607a9a-2022.jpg', 'https://youtu.be/hOfqZiuDhxo', 'Michael Bay', 'Jake Gyllenhaal, Eiza González, Yahya Abdul‑Mateen II, Kayli Tran', 'Âu Mỹ', 2022, 'T18', 'Xe Cấp Cứu Ambulance 2022 Michael Bay là đạo diễn và nhà sản xuất của bộ phim Ambulance. Thành phố Los Angeles là địa điểm thực hiện bối cảnh của bộ phim. Cựu chiến binh Will Sharp (do Yahya Abdul-Mateen II thủ vai) thấy mình đang ở trong một tình huống khó khăn và tìm đến người mà anh biết rằng anh không nên nhờ vả - người anh nuôi Danny Sharp. Will được Danny đề nghị tham gia cùng anh ta trong vụ cướp ngân hàng lớn nhất trong lịch sử Los Angeles. Đối diện với hoàn cảnh của gia đình, Will không thể nói không. Kịch tính càng tăng thêm khi hai anh em chạy thoát thân bằng xe cấp cứu chở một bệnh nhân bị thương nặng. Trong khi bị truy đuổi bởi cả thành phố, cố gắng cứu sống viên cảnh sát và ngăn cản ý định bỏ trốn của cô y tá, nhiều tình huống nghẹt thở, thót tim sẽ diễn ra chỉ trong một không gian.', 3, '2025-03-30 19:29:26', 3, '2025-03-30 19:29:26', 1),
(165, 'Người Dơi', 'nguoi-doi', 175, 'film_67e939b74d3ae.jpg', 'film_67e939b74d3ae-2022.jpg', 'https://youtu.be/a8oWMQzXYWA', 'Matt Reeves', 'Robert Pattinson, Zoë Kravitz, Colin Farrell, Paul Dano Riddler', 'Âu Mỹ', 2022, 'T16', 'Người Dơi The Batman 2022 Trong năm thứ hai chiến đấu với tội phạm, Batman phát hiện ra tham nhũng ở thành phố Gotham , nơi kết nối với gia đình của chính anh ta trong khi đối mặt với một kẻ giết người hàng loạt được gọi là Riddler .', 3, '2025-03-30 19:31:51', 3, '2025-03-30 19:31:51', 1),
(166, 'Trăng Rơi', 'trang-roi', 130, 'film_67e93a0d577b2.jpg', 'film_67e93a0d577b2-2022.jpg', 'https://youtu.be/grjSTCfYLG8', 'Roland Emmerich', 'Halle Berry, Patrick Wilson, John Bradley', 'Âu Mỹ', 2022, 'T13', 'Trăng Rơi Moonfall 2022 Đạo diễn \"Moonfall\" được mệnh danh là \"vua thảm họa\" vì những tác phẩm khơi gợi nỗi sợ hãi của con người trước những biến cố khó lường của thiên nhiên và vũ trụ. Từ Ngày Độc lập đến Ngày Sau Ngày mai, nhà sản xuất phim người Đức sản xuất nhiều bộ phim quy mô không chỉ dừng lại ở những sự kiện trên hành tinh chúng ta đang sống, mà mối nguy hiểm đến từ không gian.\r\nPhim Trăng rơi Thế giới đang trên bờ vực diệt vong khi một thế lực bí ẩn đánh bật mặt trăng ra khỏi quỹ đạo của nó và khiến nó bay về phía Trái đất. Giám đốc điều hành NASA Jocinda \"Jo\" Fowler hợp tác với một người đàn ông trong quá khứ của cô và một nhà lý thuyết âm mưu cho một sứ mệnh bất khả thi vào không gian để cứu nhân loại, chỉ vài tuần trước khi va chạm.', 3, '2025-03-30 19:33:17', 3, '2025-03-30 19:33:17', 1),
(167, 'Pokémon: Thám Tử Pikachu', 'pokemon:-tham-tu-pikachu', 98, 'film_67e93a7daec41.jpg', 'film_67e93a7daec41-2019.jpg', 'https://youtu.be/2B34Ojmkx0s', 'Rob Letterman', 'Ryan Reynolds, Kathryn Newton, Justice Smith, Ken Watanabe, Karan Soni, Priyanga Burford, Omar Chaparro, Ikue Ôtani, Emily Ng, Suki Waterhouse, Bill Nighy, Rita Ora, Chris Geere, Ruth Horrocks, Kadiff Kirwan,', 'Âu Mỹ', 2019, 'T13', 'Pokémon: Thám Tử Pikachu Pokémon: Detective Pikachu 2019 Pokemon: Detective Pikachu xoay quay hành trình truy tìm manh mối phá án về cái chết của Harry Goodman – thám tử mẫn cán ở thành phố Ryme của Tim Goodman và người bạn đồng hành siêu đáng yêu Pikachu. Là người duy nhất nghe được giọng nói thực của của Pikachu thay vì tiếng “Pika Pika” quen thuộc, Tim và Pikachu nhanh chóng trở thành bạn thân và cùng dấn thân vào cuộc điều tra những vụ mất tích bí ẩn trong thành phố.', 3, '2025-03-30 19:35:09', 3, '2025-03-30 19:35:09', 1),
(168, 'Gấu Đỏ Biến Hình', 'gau-do-bien-hinh', 99, 'film_67e93ae6190b5.jpg', 'film_67e93ae6190b5-2024.jpg', 'https://youtu.be/eXeEM2rVIZk', 'Domee Shi', 'Rosalie Chiang, Sandra Oh, Ava Morse', 'Âu Mỹ', 2024, 'P', 'Gấu Đỏ Biến Hình Turning Red 2022 Meilin \"Mei\" Lee là một thần đồng 13 tuổi, học sinh Canada gốc Hoa, sống ở Toronto . Miriam, Priya và Abby là những người bạn thân nhất của cô ấy và là người hâm mộ của nhóm nhạc nam 4 * Town. Ming, mẹ của Mei, luôn mong đợi sự hoàn hảo từ con gái và không chấp nhận những sở thích cá nhân của cô, họ dành cả ngày để chăm sóc ngôi đền Trung Quốc của gia đình.\r\nMột đêm sau khi gặp ác mộng, Mei đột nhiên tỉnh dậy và phát hiện ra rằng cô đã biến thành một con gấu trúc đỏ khổng lồ . Sau khi trốn cha mẹ, Mei phát hiện ra rằng cô chỉ biến đổi khi có áp lực cảm xúc cao. Sau đó, Ming phát hiện ra khi cô ấy vô tình làm cô ấy xấu hổ khi đánh nhau với một nhân viên bảo vệ trước lớp của cô ấy. Mei rời trường học và chạy đến nhà cô ấy.\r\nCha của Ming và Mei, Jin giải thích rằng mọi thành viên nữ trong gia đình họ đều được ban phép biến hình vì tổ tiên, và linh hồn gấu trúc đỏ chỉ có thể được phong ấn trong một lá bùa bằng một nghi lễ vào đêm Trăng đỏ. Bạn bè của cô ấy vô tình phát hiện ra và thích nó và thấy rằng việc tập trung vào bạn bè của cô ấy sẽ giúp không thay đổi.\r\n4 * Town sẽ đến Toronto và tổ chức một buổi hòa nhạc, tuy nhiên, Ming từ chối để Mei tham gia buổi hòa nhạc. Sử dụng sức mạnh của Mei, cô và những người bạn của cô bắt đầu quyên góp số tiền cần thiết để mua vé. Tyler, kẻ bắt nạt Mei, yêu cầu cô giải trí vào sinh nhật của anh ta. Đột nhiên, Mei phát hiện ra rằng buổi hòa nhạc sẽ diễn ra vào đêm nghi lễ. Cô ấy tức giận và giảm giá cho Tyler khi anh ta xúc phạm cô ấy, khiến lũ trẻ hoảng sợ.\r\nBà và dì của Mei đã đến để hỗ trợ nghi lễ, nhưng khi hình dạng gấu trúc đỏ của cô sắp bị phong ấn, cô quyết định giữ sức mạnh của mình và từ bỏ nghi lễ để tham gia buổi hòa nhạc tại Skydome . Thật không may, Mei đã vô tình làm vỡ lá bùa của mẹ cô trong quá trình cố gắng trốn thoát, và Ming đã biến thành một con gấu trúc đỏ khổng lồ và phá vỡ buổi hòa nhạc với ý định trừng phạt Mei. Trong khi khán giả di tản, Mei ở lại, và cô ấy và mẹ của cô ấy kết thúc cuộc chiến về việc Mei từ chối nghi lễ, kết thúc bằng việc Mei đánh mẹ cô ấy ra ngoài. Những người phụ nữ của gia đình Lee đi cùng trong hình dạng gấu trúc đỏ của họ và tiến hành giúp thiết lập một nghi lễ mới đưa Mei, Ming và những người phụ nữ khác lên máy bay trung gian. Mei tìm cách hòa giải với mẹ và quyết định giữ lại con gấu trúc đỏ của mình.', 3, '2025-03-30 19:36:54', 3, '2025-03-30 19:36:54', 1),
(169, 'Hải Tặc 2: Kho Báu Hoàng Gia Cuối Cùng', 'hai-tac-2:-kho-bau-hoang-gia-cuoi-cung', 126, 'film_67e93b5d4ef48.jpg', 'film_67e93b5d4ef48-2022.jpg', 'https://youtu.be/HgwAq98cChw', 'Kim Jeong Hoon', 'Kang Ha neul, Han Hyo joo, Lee Kwang soo', 'Hàn Quốc', 2022, 'P', 'Hải Tặc 2: Kho Báu Hoàng Gia Cuối Cùng The Pirates 2: The Last Royal Treasure 2022 2022 Một thủy thủ đoàn dũng cảm gồm những tên cướp biển và cướp biển Joseon chiến đấu với vùng nước bão tố, những manh mối khó hiểu và các đối thủ dân quân để tìm kiếm vàng của hoàng gia bị mất trên biển.', 3, '2025-03-30 19:38:53', 3, '2025-03-30 19:38:53', 1),
(170, 'Chủng Tộc Bất Tử', 'chung-toc-bat-tu', 155, 'film_67e93bc590d16.jpg', 'film_67e93bc590d16-2022.jpg', 'https://youtu.be/vHuAu8sJPY4', 'Chloé Zhao', 'Gemma Chan, Angelina Jolie, Salma Hayek, Richard Madden, Kit Harington, Barry Keoghan', 'Âu Mỹ', 2022, 'T16', 'Chủng Tộc Bất Tử Eternals 2021 \"Khi bạn yêu một thứ gì đó, bạn sẽ bảo vệ nó.\" Xem đoạn giới thiệu hoàn toàn mới cho \"Eternals\" của Marvel Studios. Phim sẽ ra rạp ngày 3/12 tại Việt Nam, sau đó bạn sẽ được trải nghiệm bộ phim trên hệ thống phimmoi ngay sau đó.\r\nTrong 5000 BC , mười superpowered Eternals - Ajak , Sersi , Ikaris , Kingo , Sprite , Phastos , Makkari , Druig , Gilgamesh , và Thena -là gửi bởi Celestial Arishem về Trái đất trên của họ phi thuyền , các Domo , để tiêu diệt các xâm lấn Deviants. Người cuối cùng trong số các Deviant bị giết vào năm 1521, và ý kiến ​​của nhóm khác nhau về trách nhiệm tiếp tục của họ và mối quan hệ của họ với loài người. Trong hơn năm trăm năm tiếp theo, họ hầu như sống xa nhau, chờ đợi sự trở lại của Arishem.\r\nHiện tại, Sersi và Sprite sống cùng nhau ở London. Sau khi Sersi bị người bạn đời Ikaris bỏ rơi nhiều thế kỷ trước, cô ấy đang có mối quan hệ với con người Dane Whitman , người làm việc tại Bảo tàng Lịch sử Tự nhiên . Bộ ba bị tấn công bởi Deviant Kro , với Ikaris đến và đuổi sinh vật đi. Nhận ra các Deviant đã trở lại, họ đi đến Nam Dakota để đoàn tụ với thủ lĩnh của họ, Ajak, chỉ để biết rằng cô đã bị giết bởi Kro.\r\nSau khi Sersi được Ajak chọn làm người kế vị, cho cô khả năng giao tiếp với Arishem, người tiết lộ rằng nhiệm vụ của Eternals không phải là chiến đấu với Deviants mà là chuẩn bị cho Trái đất cho \"Sự xuất hiện\". Arishem giải thích rằng trong hàng triệu năm, người Celestials đã gieo hạt giống của họ trên các hành tinh đông dân cư để những người Celestials mới được sinh ra, với những Deviant được họ cử đến để tiêu diệt những kẻ săn mồi trên đỉnh của mỗi hành tinh để đảm bảo sự phát triển của cuộc sống thông minh. Tuy nhiên, khi các Deviant tiến hóa và bắt đầu săn lùng các quần thể bản địa của hành tinh, người Celestials đã tạo ra các Eternals để tiêu diệt chúng. Với sự đảo ngược của Blip , [N 1] Trái đất đã đạt đến dân số cần thiết cho sự ra đời của Celestial Tiamut, điều này sẽ dẫn đến sự hủy diệt của Trái đất .\r\nSau khi học cách yêu thương nhân loại, các Eternals tập hợp lại và quyết định ngăn chặn Sự xuất hiện. Họ kết nối lại với Kingo, Thena và Gilgamesh trước khi đến nơi ở của Druig trong rừng nhiệt đới Amazon , nơi họ bị tấn công bởi Kro và Deviants. Cả nhóm tiêu diệt thành công hầu hết bọn chúng, chỉ để Kro giết Gilgamesh trước khi chạy trốn. Sau khi hỏa táng anh ta, họ đến thăm Phastos, người đã đề xuất Druig đưa Tiamut vào giấc ngủ bằng cách khuếch đại sức mạnh kiểm soát tâm trí của anh ta với Uni-Mind , một kết nối giữa tất cả các Eternals. Nhóm cũng tìm thấy Makkari, người đã sống ở Domo. Ikaris tiết lộ rằng anh đã được Ajak thông báo về Sự xuất hiện từ nhiều thế kỷ trước và, lựa chọn trung thành với Arishem, đã cho Ajak ăn Deviants sáu ngày trước để ngăn cô ngăn chặn nó, trước khi gieo xác cô trở lại nhà của mình để giả vờ là không biết. Sprite tham gia cùng Ikaris khi anh bỏ trốn vì tình yêu đơn phương của cô dành cho anh, trong khi Kingo cũng rời nhóm vì anh không muốn đối mặt với Arishem hay chiến đấu với đồng đội của mình.\r\nMakkari xác định vị trí của Sự xuất hiện dưới chân một ngọn núi lửa đang hoạt động ở Ấn Độ Dương , và trận chiến Eternals giữa Ikaris và Sprite trước khi bị tấn công bởi Kro, người sau đó bị giết bởi Thena. Druig hạ gục Sprite sau khi cô ta cố gắng giết Sersi, và các Eternals còn lại hợp tác với nhau để', 3, '2025-03-30 19:40:37', 3, '2025-03-30 19:40:37', 1),
(171, 'Encanto: Vùng Đất Thần Kỳ', 'encanto:-vung-dat-than-ky', 109, 'film_67e93c0baa3b4.jpg', 'film_67e93c0baa3b4-2022.jpg', 'https://youtu.be/Ua0s23bbOSg', 'Byron Howard, Jared Bush', 'Angie Cepeda, Diane Guerrero, Jessica Darrow, John Leguizamo, María Cecilia Botero, Stephanie Beatriz', 'Âu Mỹ', 2022, 'P', 'Encanto: Vùng Đất Thần Kỳ Encanto 2021 Trong khi trốn khỏi nhà khỏi cuộc xung đột vũ trang, một phụ nữ trẻ tên Alma Madrigal mất chồng là Pedro nhưng đã cứu được ba đứa con thơ Julieta , Pepa và Bruno . Thông qua một phép màu, một ngọn nến mà Alma nắm giữ đã được thấm nhuần phép thuật và tạo ra một \" Casita \" có tri giác cho người Madrigals sinh sống, đồng thời cung cấp nơi trú ẩn an toàn cho những người tị nạn, những người tiến hành xây dựng một thị trấn có tên là Encanto .', 3, '2025-03-30 19:41:47', 3, '2025-03-30 19:41:47', 1),
(172, 'Đấu Trường Âm Nhạc 2', 'dau-truong-am-nhac-2', 110, 'film_67e93c53e343b.jpg', 'film_67e93c53e343b-2022.jpg', 'https://youtu.be/s7shIOOV5iQ', 'Garth Jennings', 'Bobby Cannavale, Matthew McConaughey, Reese Witherspoon, Scarlett Johansson, Taron Egerton, Tori Kelly', 'Âu Mỹ', 2022, 'P', 'Đấu Trường Âm Nhạc 2 Sing 2 2021 Buster Moon và những người bạn của anh ấy phải thuyết phục ngôi sao nhạc rock ẩn dật Clay Calloway tham gia cùng họ để mở màn một buổi biểu diễn mới.', 3, '2025-03-30 19:42:59', 3, '2025-03-30 19:42:59', 1),
(173, 'Ma Trận 4: Hồi Sinh', 'ma-tran-4:-hoi-sinh', 148, 'film_67e93cb46cc2e.jpg', 'film_67e93cb46cc2e-2021.jpeg', 'https://youtu.be/jDF3H9KQJHw', 'Lana Wachowski', 'Keanu Reeves, Carrie Anne Moss, Priyanka Chopra, Jessica Henwick', 'Âu Mỹ', 2021, 'T18', 'Ma Trận 4: Hồi Sinh The Matrix Resurrections 2021 The Matrix Resurrections là phim điện ảnh  phần thứ tư trong loạt phim cùng tên, tiếp nối Ma Trận 3 The Matrix Revolutions, từ năm 2003. Để tìm hiểu xem thực tế của anh ta là một cấu tạo thể chất hay tinh thần, ông Anderson, hay còn gọi là Neo, sẽ phải chọn theo dõi con thỏ trắng một lần nữa. Nếu anh ta học được bất cứ điều gì, đó là lựa chọn, trong khi ảo tưởng, vẫn là lối thoát duy nhất để - hoặc vào - Ma trận. Neo đã biết mình phải làm gì, nhưng điều anh chưa biết là Ma trận mạnh hơn, an toàn hơn và nguy hiểm hơn bao giờ hết.', 3, '2025-03-30 19:44:36', 3, '2025-03-30 19:44:36', 1),
(174, 'Venom 2 : Đối mặt tử thù', 'venom-2-:-doi-mat-tu-thu', 97, 'film_67e93d00dac7b.jpg', 'film_67e93d00dac7b-2021.jpg', 'https://youtu.be/j2dqpq8MBBM', 'Andy Serkis', 'Tom Hardy, Michelle Williams, Naomie Harris, Reid Scott, Stephen Graham, Tom Hardy Michelle Williams Naomie Harris Reid Scott Stephen Graham Woody Harrelson', 'Âu Mỹ', 2021, 'T13', 'Venom 2 : Đối mặt tử thù Venom: Let There Be Carnage 2021 Hơn một năm sau khi các sự kiện của Venom 1 (2018), nhà báo điều tra Eddie Brock phải đấu tranh để thích nghi với cuộc sống như các máy chủ của người ngoài hành tinh symbiote Venom , mà cấp ông khả năng siêu phàm để có một vigilante gây chết người. Nỗ lực Brock để tiếp cận sự nghiệp của mình bằng cách phỏng vấn giết người hàng loạt Cletus Kasady , ai sẽ trở thành chủ nhà của symbiote Carnage và thoát tù sau khi một thi thất bại.', 3, '2025-03-30 19:45:52', 3, '2025-03-30 19:45:52', 1),
(175, 'Không Phải Lúc Chết', 'khong-phai-luc-chet', 164, 'film_67e93d8cd6428.jpg', 'film_67e93d8cd6428-2021.jpg', 'https://youtu.be/PUREfnWag9o', 'Cary Joji Fukunaga', 'Daniel Craig, Ana De Armas, Christoph Waltz, Ralph Fiennes, Léa Seydoux', 'Âu Mỹ', 2021, 'T16', 'Không Phải Lúc Chết No Time to Die 2021 Điệp Viên 007: Không Phải Lúc Chết Trong \"No Time To Die\", Bond không còn hoạt động tình báo mà đang tận hưởng cuộc sống yên bình ở Jamaica. Tuy nhiên, quãng thời gian nghỉ ngơi của anh không kéo dài được lâu khi người bạn cũ Felix Leiter từ CIA xuất hiện, cầu xin sự giúp đỡ. Bond sẽ thực hiện nhiệm vụ giải cứu nhà khoa học bị bắt cóc, và từ đó dẫn anh đến với tên ác nhân sở hữu một loại công nghệ nguy hiểm.', 3, '2025-03-30 19:48:12', 3, '2025-03-30 19:48:12', 1),
(176, 'Shang-Chi và huyền thoại Thập Luân', 'shang-chi-va-huyen-thoai-thap-luan', 132, 'film_67e93e14c1f7c.jpg', 'film_67e93e14c1f7c-2021.png', 'https://youtu.be/ccQjdsbZJ0U', 'Destin Daniel Cretton', 'Lưu Tư Mộ, Awkwafina, Lương Triều Vỹ, Trần Pháp Lai', 'Âu Mỹ', 2021, 'T13', 'Shang-Chi và huyền thoại Thập Luân Shang Chi and the Legend of the Ten Rings 2021  là bộ phim thuộc giai đoạn 4 của Vũ trụ điện ảnh Marvel. Nhân vật này được biết đến như một bậc thầy Kung Fu, tinh thông võ thuật. Sức mạnh của Shang-Chi đến từ hàng ngàn giờ luyện tập miệt mài và sự kỷ luật cao độ với bản thân. Siêu anh hùng võ thuật này được chính bố dạy dỗ để trở thành một sát thủ chuyên nghiệp và kế thừa tập đoàn tội ác của ông.', 3, '2025-03-30 19:50:28', 3, '2025-03-30 19:50:28', 1),
(177, 'Thoát khỏi Mogadishu', 'thoat-khoi-mogadishu', 121, 'film_67e93e7fd583a.jpg', 'film_67e93e7fd583a-2022.jpg', 'https://youtu.be/yz5XSicbWvQ', 'Ryoo Seung-Wan', 'Jo In sung, Koo Kyo hwan, Kim Yoon seok, Kim So jin', 'Hàn Quốc', 2022, 'T16', 'Thoát khỏi Mogadishu Escape from Mogadishu 2021 Khi Mogadishu , thành phố thủ đô của Somalia , bị nội chiến tàn phá vào năm 1991, các nhân viên và gia đình của đại sứ quán Hàn Quốc bị mắc kẹt không có phương tiện liên lạc. Đi ra ngoài đồng nghĩa với việc phải đối mặt với một trận mưa đạn và đạn pháo. Trong tình huống như vậy vào một đêm, nhân viên từ đại sứ quán Triều Tiên đã đến gặp họ để nhờ giúp đỡ. Với mục tiêu chung là trốn khỏi Mogadishu, những người từ cả hai đại sứ quán đã thực hiện một nỗ lực táo bạo để đến sân bay trong điều kiện hỗn loạn.', 3, '2025-03-30 19:52:15', 3, '2025-03-30 19:52:15', 1),
(178, 'Kong: Đảo Đầu Lâu', 'kong:-dao-dau-lau', 119, 'film_67e93f1199e46.jpg', 'film_67e93f1199e46-2017.jpg', 'https://youtu.be/WfjvbkdQ2zQ', 'Jordan Vogt-Roberts', 'Tom Hiddleston, John Goodman, Brie Larson, Cảnh Điềm, Samuel L. Jackson, Toby Kebbell, Jason Mitchell', 'Âu Mỹ', 2017, 'T16', 'Kong: Đảo Đầu Lâu Kong: Skull Island 2017 Kong: Skull Island, Kong: Skull Island (2017) Kong: Skull Island kể về con quái vật huyền thoại của Hollywood kể từ King Kong (2005). Bối cảnh phim chủ yếu ở Đảo Đầu Lâu, quê hương của vua khỉ. Kong: Skull Islands được quay ngoại cảnh tại Tràng An, Vân Long, Tam Cốc, Vịnh Hạ Long, Động Phong Nha-Kẻ Bàng và các địa điểm khác. tên quốc tế như Hawaii, Australia ...', 3, '2025-03-30 19:54:41', 3, '2025-03-30 19:54:41', 1),
(179, 'Natra Ma Đồng Giáng Thế', 'natra-ma-dong-giang-the', 111, 'film_67e93f7e37ae2.jpg', 'film_67e93f7e37ae2-2019.jpg', 'https://youtu.be/ElWKU1jei9M', 'Yu Yang', 'Yanting Lü, Joseph, Mo Han', 'Âu Mỹ', 2019, 'P', 'Natra Ma Đồng Giáng Thế Nezha Zhi Motong Jiangshi 2019 Natra Ma Đồng Giáng Thế xây dựng tạo hình Na Tra là 1 cậu bé có đôi mắt gấu trúc, miệng rộng. Vì một sự cố hoán đổi Linh Châu và Ma Viên mà từ nhỏ Na Tra đã bị họ hàng và bạn bè xa lánh. Nhưng rồi Na Tra gặp được Ngao Bính (Tam Thái Tử của Long Tộc) người duy nhất chịu lắng nghe hắn, cùng hắn chơi đùa, không ghét bỏ và hai người đã thực sự trở thành bạn của nhau. Tuy nhiên giường như số phận đã định, Na Tra sinh ra bị coi như một ma đồng, còn Ngao Bính lại là người phải tiêu diệt ma đồng đó. Bộ phim hoạt hình còn cải biên các tình tiết kinh điển như cuộc đại chiến với Ngao Bính, róc xương trả cha, róc thịt trả mẹ.', 3, '2025-03-30 19:56:30', 3, '2025-03-30 19:56:30', 1),
(180, 'Liên Minh Công Lý: Phiên bản của Zack Snyder', 'lien-minh-cong-ly:-phien-ban-cua-zack-snyder', 121, 'film_67e93ffc821c9.jpg', 'film_67e93ffc821c9-2017.jpg', 'https://youtu.be/yMiPpwfD3cU', 'Zack Snyder', 'Jared Leto, Henry Cavill, Ray Porter, Sergi Constance', 'Âu Mỹ', 2017, 'T13', 'Liên Minh Công Lý: Phiên bản của Zack Snyder Zack Snyder*s Justice League 2021 Năm nghìn năm trước, Darkseid và đội quân Parademon của anh ta cố gắng chinh phục Trái đất bằng cách sử dụng ba Hộp Mẹ . Họ bị đánh bại bởi một liên minh của Các vị thần già , Amazons , người Atlantis , con người và Green Lantern , để lại những Hộp Mẹ, được giấu riêng biệt. Hiện tại, cái chết của Superman [b] đã kích hoạt lại Boxes, thu hút Steppenwolf , trung úy thất sủng của Darkseid. Steppenwolf đặt mục tiêu giành lại sự ưu ái của Darkseid bằng cách thu thập các hộp để tạo thành \"The Unity\", biến Trái đất thành một bản sao của Apokolips, quê hương của họ.\r\nSteppenwolf chiến đấu với quân Amazons trên Themyscira và lấy Mother Box do chúng canh giữ. Diana Prince nhận được một cảnh báo từ Amazons, sau đó biết về cuộc tấn công của Darkseid trên Trái đất và Steppenwolf, thông báo cho Bruce Wayne . Cả hai tìm cách thành lập một đội metahumans để bảo vệ Trái đất. Trước đó đã thất bại trong việc chiêu mộ Arthur Curry , Bruce tìm Barry Allen , trong khi Diana tìm Victor Stone . Barry tham gia trong khi Victor từ chối cho đến khi cha anh ấy là Silas và các STAR Labs kháccác nhân viên bị bắt cóc bởi Parademons đang tìm kiếm Mother Box mà con người đã giấu. Steppenwolf bắt cóc và giết các Vệ binh Atlantean đang trông coi Hộp mẹ của họ và lấy đi nó chỉ còn lại Mera và Arthur miễn cưỡng canh giữ nó.\r\nMặc dù đội giải cứu các nhân viên bị bắt cóc, nhưng cơ sở bị ngập nước, bẫy họ cho đến khi Arthur giúp họ trốn thoát. Victor lấy lại Hộp Mẹ cuối cùng mà anh ta đã giấu. Anh tiết lộ rằng nó đã được sử dụng để xây dựng lại cơ thể của anh sau một vụ tai nạn xe hơi, giải thích rằng các Hộp có thể sắp xếp lại vật chất theo ý muốn của chủ nhân. Cả nhóm nhận ra rằng họ có thể sử dụng Chiếc hộp để hồi sinh Superman, mặc dù Steppenwolf chắc chắn sẽ phát hiện ra điều đó. Trong khi đó, Steppenwolf nhận được tầm nhìn về Phương trình Chống Sự sống , một sức mạnh bí mật được Darkseid tìm kiếm, và anh ta thông báo cho chủ nhân của mình. Một người mất trí nhớ Clark Kent được hồi sinh, nhưng lại tấn công cả nhóm. Trước khi anh ta có thể giết Bruce, Lois Lane đến và làm cho Clark bình tĩnh lại, và họ về nhà gia đình anh ta ởSmallville , nơi anh lấy lại ký ức của mình.\r\nSteppenwolf lấy được Hộp Mẹ cuối cùng, nhưng không phải trước khi Silas hy sinh bản thân để phóng nó bằng nhiệt laze, cho phép Victor theo dõi nó. Không có Superman, năm anh hùng du hành đến một thành phố bỏ hoang của Nga, nơi Steppenwolf nhắm đến việc thành lập Unity. Họ chiến đấu theo cách của họ thông qua các Parademons và Superman đến và khuất phục Steppenwolf, nhưng Victor không tách được các hộp. The Unity được hình thành, phá hủy hành tinh. Barry gia nhập Lực lượng Tốc độ trước khi sóng xung kích truyền đến anh ta, đảo ngược thời gian để cung cấp cho Victor khoản phí cần thiết cho phép anh ta và Superman tách các Hộp ra. Nhóm giết Steppenwolf, ném xác anh ta vào chân Darkseid trở lại Apokolips thông qua một cánh cổng. Darkseid thề sẽ quay trở lại Trái đất để hoàn thành nhiệm vụ của mình cho Phương trình phản sự sống.\r\nSau trận chiến, Bruce, Diana và Alfred Pennyworth đồng ý thành lập đại bản doanh của đội tại Wayne Manor . Barry nhận được một công việc trong sở cảnh sát của Thành phố Trung tâm , Victor được truyền cảm hứng bởi một tin nhắn âm thanh do Silas để lại để sử dụng khả năng của mình cho mục đích', 3, '2025-03-30 19:58:36', 3, '2025-03-30 19:58:36', 1),
(181, 'G. I. Joe 3: Xà nhãn báo thù', 'g.-i.-joe-3:-xa-nhan-bao-thu', 120, 'film_67e94084bd398.jpg', 'film_67e94084bd398-2021.jpg', 'https://youtu.be/erwq6yJUibo', 'Robert Schwentke', 'Henry Golding, Úrsula Corberó, Samara Weaving, Andrew Koji', 'Âu Mỹ', 2021, 'T18', 'G. I. Joe 3: Xà nhãn báo thù Snake Eyes: G.I. Joe Origins 2021 Một cậu bé mồ côi khi cha cậu bị sát hại. Nhiều năm sau, cậu bé đã trở thành một võ sĩ võ thuật tài năng và chết người, được thúc đẩy bởi mong muốn trả thù cho cha mình. Để che giấu danh tính thực sự của mình, anh ta tự gọi mình là \" Snake Eyes \", một cái tên được lấy cảm hứng từ việc chứng kiến ​​kẻ giết cha mình buộc anh ta phải tung một cặp xúc xắc có trọng lượng để xác định số phận của mình, giết anh ta khi anh ta lăn hai con.\r\nĐược phát hiện trong một mạch chiến đấu ngầm ở Los Angeles, một ông trùm Yakuza giàu có , Kenta, đề nghị tìm ra kẻ giết cha mình nếu Snake Eyes sẽ làm việc cho anh ta. Khi Snake Eyes được yêu cầu chứng minh lòng trung thành của mình bằng cách bắn một người đàn ông đã phản bội lòng tin của Kenta, Snake Eyes đã từ chối và thay vào đó giúp kẻ phản bội trốn thoát. Kẻ phản bội là Tommy , em họ của Kenta . Tommy và Kenta đều phù hợp để lãnh đạo gia tộc Arashikage, một xã hội ninja cổ đại dành cho việc giữ gìn trật tự và chống lại cái ác. Kenta tìm cách giết anh họ của mình, nhưng không thành công và bị trục xuất.\r\nBiết ơn Snake Eyes, Tommy đưa anh ta đến võ đường ninja của mình ở Nhật Bản và yêu cầu anh ta được nhập môn với tư cách là một thành viên. Trưởng tộc hiện tại, Sen, bà của Tommy, đồng ý để Snake Eyes trải qua ba thử thách để xác định xem anh ta có xứng đáng hay không. Người đứng đầu bộ phận an ninh của gia tộc, Akiko, ban đầu không tin tưởng Snake Eyes, nhưng anh ấy đã giành được sự tin tưởng của cô ấy bằng cách tiết lộ vụ giết cha mình và giải thích đó là lý do tại sao không có lịch sử ghi chép về anh ấy. Không hề quen biết với bất kỳ ai, Snake Eyes lên kế hoạch phản bội các đồng minh mới của mình. Âm mưu giết người và trốn thoát của Tommy được cho là do Kenta dàn dựng nhằm đưa Mắt rắn đến đủ gần để đánh cắp kho báu thiêng liêng nhất của gia tộc, \"Viên ngọc của Mặt trời\", có sức mạnh ma thuật.\r\nSnake Eyes nhận thấy bản thân ngày càng bị giằng xé giữa cảm giác tội lỗi vì đã phản bội Tommy và gia tộc của anh ta, và mong muốn trả thù quá lớn của anh ta. Anh ta vượt qua hai thử thách đầu tiên với tài năng đặc biệt của mình, nhưng thử thách thứ ba và thử thách cuối cùng đòi hỏi tinh thần của anh ta phải được kiểm tra bởi các anacondas thiêng liêng, người có thể cảm nhận được liệu anh ta có thực sự thuần khiết trong trái tim hay không. Do bí mật của Snake Eyes, những con rắn đã tấn công anh ta, nhưng Akiko đã cứu anh ta khỏi bị giết. Đối mặt với gia tộc, Snake Eyes thừa nhận rằng anh ta không hoàn toàn trung thực, nhưng cố gắng che giấu lý do thực sự mà anh ta ở đó. Kết quả là anh ta bị đuổi học.', 3, '2025-03-30 20:00:52', 3, '2025-03-30 20:00:52', 1),
(182, 'Doraemon : Tân Chú Khủng Long Của Nobita', 'doraemon-:-tan-chu-khung-long-cua-nobita', 110, 'film_67e940fd26021.jpg', 'film_67e940fd26021-2020.png', 'https://youtu.be/2vdLzk15Z0w', 'Kazuaki Imai', 'Kakazu Yumi, Subaru Kimura, Tomokazu Seki, Megumi Oohara, Wasabi Mizuta', 'Nhật Bản', 2020, 'P', 'Doraemon : Tân Chú Khủng Long Của Nobita Doraemon the 40th Movie : Nobitas New Dinosaur / Nobita no Shin Kyouryuu 2019 Năm 2020 là kỷ niệm 50 năm của Doraemon. Để kỷ niệm điều đó, chúng tôi sẽ ra mắt bộ phim Doraemon - Tân Chú khủng long của Nobita.Nobita đã gặp được một cặp song sinh khủng long đầy đáng yêu là Myuu và Kyuu.\r\nMùa xuân năm 2020- Doraemon, một bộ phim đầy phát triển trong tương lai. Câu chuyện về Tân Chú khủng long của Nobita bắt đầu từ đây.', 3, '2025-03-30 20:02:53', 3, '2025-03-30 20:02:53', 1);
INSERT INTO `phim` (`MaPhim`, `TenPhim`, `TenRutGon`, `ThoiLuong`, `Anh`, `Banner`, `Trailer`, `DaoDien`, `DienVien`, `QuocGia`, `NamPhatHanh`, `PhanLoai`, `MoTa`, `NguoiTao`, `NgayTao`, `NguoiCapNhat`, `NgayCapNhat`, `TrangThai`) VALUES
(183, 'Suicide Squad: Biệt Đội Cảm Tử 2', 'suicide-squad:-biet-doi-cam-tu-2', 132, 'film_67e9419d383c1.jpg', 'film_67e9419d383c1-2021.jpg', 'https://youtu.be/tokZfMdQDKQ', 'James Gunn', 'John Cena, Margot Robbie, Pete Davidson, Idris Elba', 'Âu Mỹ', 2021, 'T16', 'Suicide Squad: Biệt Đội Cảm Tử 2 The Suicide Squad 2 2021 Theo lệnh của sĩ quan tình báo Amanda Waller , mười ba tù nhân từ trại giam Belle Reve — cựu bác sĩ tâm thần Harley Quinn ; Nanaue lai ăn thịt người ; Thuyền trưởng tên trộm người Úc Boomerang ; sát thủ Bloodsport ; Nhà tạo hòa bình cực đoan bạo lực ; metahumans TDK . và Polka-Dot Man ; hacker máy tính Savant ; lính đánh thuê Blackguard ; cựu vận động viên Olympic Javelin ; chiến binh ngoài hành tinh Mongal ; tên cướp điều khiển chuột Ratcher 2 ; và Chồn hình người ăn thịt đồng loại—Được \"tuyển dụng\" làm Lực lượng Đặc nhiệm X để tiêu diệt Jötunheim, một nhà tù và phòng thí nghiệm cấp bậc của Đức Quốc xã ở đảo quốc Corto Maltese ở Nam Mỹ , nơi giam giữ các tù nhân chính trị và một địa điểm cho các thí nghiệm bí mật. Nhóm nghiên cứu có các thiết bị nổ trong hộp sọ của họ, có thể phát nổ bất cứ lúc nào nếu họ không tuân theo lệnh của Waller.\r\nSuicide Squad: Biệt Đội Cảm Tử 2 Được dẫn dắt bởi cấp dưới của Waller, Đại tá Rick Flag , Harley, Boomerang, TDK, Mongal, Javelin, Blackguard, Weasel và Savant được triển khai trên một bãi biển Corto Maltese để xâm nhập vào phòng thí nghiệm. Chồn dường như bị chết đuối, trong khi Blackguard cố gắng phản bội đội cho quân đội Corto Maltese nhưng bị bắn chết. Mongal bị thiêu sống khi cô đâm trực thăng, còn Boomerang chết khi bị các mảnh vỡ từ trực thăng rơi trúng. TDK và Javelin cũng bị bắn chết; Waller kích nổ thiết bị nổ của Savant khi anh ta cố gắng chạy trốn trong cơn hoảng loạn. Harley và Flag là những người sống sót duy nhất.', 3, '2025-03-30 20:04:45', 3, '2025-03-30 20:05:33', 1),
(184, 'Quá Nhanh Quá Nguy Hiểm 9', 'qua-nhanh-qua-nguy-hiem-9', 143, 'film_67e941ebd1afc.jpg', 'film_67e941ebd1afc-2022.jpeg', 'https://youtu.be/Ufhj6hGn3h4', 'Justin Lin', 'Charlize Theron, John Cena, Vin Diesel, Helen Mirren, Michelle Rodriguez, Lucas Black, Jordana Brewster, Nathalie Emmanuel, Michael Rooker, Tyrese Gibson, Sung Kang, Jim Parrack, Finn Cole, Anna Sawai, Cardi B', 'Âu Mỹ', 2022, 'T16', 'Quá Nhanh Quá Nguy Hiểm 9 Fast & Furious 9 2020 Quá Nhanh Quá Nguy Hiểm 9 Sau các sự kiện của The Fate of the Furious (2017), Dominic Toretto và gia đình phải đối mặt với Jakob, em trai của Dominic, một sát thủ chết người, người đang hợp tác với kẻ thù cũ của họ là Cipher, đồng thời là người có mối quan hệ cá nhân chống lại Dominic.\r\nFast & Furious 9 tiếp tục những gì còn dang dở ở Fast & Furious 8 khi ả hacker Cipher (Charlize Theron) kịp trốn thoát và nay tiếp tục nhắm đến gia đình Dominic Toretto (Vin Diesel) nhằm trả thù.Giữa lúc gia đình của Dominic Toretto hay còn gọi là Dom (Vin Diesel) đang sống hạnh phúc, người em trai ruột Jacob (John Cena thủ vai) của anh tái xuất, trở thành phản diện chính của phim bên cạnh Cipher.', 3, '2025-03-30 20:06:51', 3, '2025-03-30 20:06:51', 1),
(185, 'Quá Nhanh Quá Nguy Hiểm 8', 'qua-nhanh-qua-nguy-hiem-8', 136, 'film_67e94238cbe94.jpg', 'film_67e94238cbe94-2017.jpg', 'https://youtu.be/_7tF-Uf7IZY', 'F. Gary Gray', 'Vin Diesel, Dwayne Johnson, Jason Statham, Kurt Russell, Scott Eastwood, Lucas Black, Charlize Theron, Jordana Brewster, Elsa Pataky, Nathalie Emmanuel', 'Âu Mỹ', 2017, 'T16', 'Quá Nhanh Quá Nguy Hiểm 8 Fast & Furious 8 The Fate of the Furious 2017 Phim Quá Nhanh Quá Nguy Hiểm 8: Cipher - kẻ phản diện chính sẽ bắt cóc cả gia đình Mia Toretto và Bian O\'Conner, đồng thời buộc Dom phải phản bội anh ta anh em. Lần này, \"cựu phản diện\" Deckard Shaw (do Jason Statham thủ vai) cũng bất ngờ đứng về phe phải. Sở hữu kỹ năng chiến đấu tay đôi tàn bạo và đầu óc xảo quyệt, liệu đây sẽ là dấu chấm hết cho tình thế “huynh đệ tương tàn” hiện tại của nhóm hay là con dao hai lưỡi khi đối mặt với hàng loạt hiểm nguy đang chờ đón?', 3, '2025-03-30 20:08:08', 3, '2025-03-30 20:08:08', 1),
(186, 'Nhiệm Vụ Bất Khả Thi: Sụp Đổ', 'nhiem-vu-bat-kha-thi:-sup-do', 147, 'film_67e942993ddfb.jpg', 'film_67e942993ddfb-2018.jpeg', 'https://youtu.be/R2RBVsiFXmc', 'Christopher McQuarrie', 'Tom Cruise, Vanessa Kirby, Rebecca Ferguson', 'Âu Mỹ', 2018, 'T16', 'Nhiệm Vụ Bất Khả Thi: Sụp Đổ Mission: Impossible - Fallout 2018 Mission: Impossible: Fallout, Mission: Impossible - Fallout 2018 Phim Mission: Impossible: Fallout Ba năm sau Mission: Impossible - Rogue Nation, chàng điệp viên điển trai và hào hoa nhất màn ảnh rộng Ethan Hunt sẽ trở lại màn bạc vào mùa hè năm 2018. Trailer đầu tiên của Mission: Impossible: Fallout (Tựa gốc: Mission: Impossible - Fallout) vừa được nhà phát hành Paramount tung ra, ngay lập tức trở thành tâm điểm của dư luận. bởi sự trở lại của ngôi sao hành động hàng đầu thế giới Tom Cruise và những pha hành động nghẹt thở đến từ những pha hành động đặc sắc của cá nhân anh.', 3, '2025-03-30 20:09:45', 3, '2025-03-30 20:09:45', 1),
(187, 'Mật Vụ Kingsman 2: Tổ Chức Hoàng Kim', 'mat-vu-kingsman-2:-to-chuc-hoang-kim', 140, 'film_67e942ed60cca.jpg', 'film_67e942ed60cca-2017.jpg', 'https://youtu.be/UNFUYIueheI', 'Matthew Vaughn', 'Julianne Moore, Jeff Bridges, Halle Berry, Colin Firth, Channing Tatum, Mark Strong, Taron Egerton, Pedro Pascal', 'Âu Mỹ', 2017, 'T18', 'Mật Vụ Kingsman 2: Tổ Chức Hoàng Kim Kingsman: The Golden Circle 2017 Kingsman 2, Kingsman: The Golden Circle 2017 Kingsman 2: The Golden Circle 2017- Kingsman: The Golden Circle là phần tiếp theo của Kingsman: The Secret Service, Kingsman: The Golden Circle tiếp tục xoay quanh anh. Eggsy cứng đầu. Câu chuyện gốc diễn ra ở Anh, nhưng phần phim mới diễn ra ở Mỹ. Taron Egerton cũng như Mark Strong trở lại với hai vai diễn quen thuộc là Eggsy và Merlin. Người đẹp Halle Berry vào vai người đứng đầu CIA, trong khi nữ diễn viên Julianne Moore đóng vai phản diện trung tâm của phim.', 3, '2025-03-30 20:11:09', 3, '2025-03-30 20:11:09', 1),
(188, 'Robot Đại Chiến 5: Chiến Binh Cuối Cùng', 'robot-dai-chien-5:-chién-binh-cuói-cùng', 148, 'film_67e9434bed1be.jpg', 'film_67e9434bed1be-2017.jpg', 'https://youtu.be/ux21drPm_6E', 'Michael Bay', 'Mark Wahlberg, Isabela Moner, Peter Cullen', 'Âu Mỹ', 2017, 'T18', 'Robot Đại Chiến 5: Chiến Binh Cuối Cùng Transformers 5: The Last Knight 2017 Robot đại chiến 5, Transformers 5: The Last Knight (2017) Phim Transformers 5 (2017): Phần tiếp theo của robot biến hình bán chạy nhất. \"The Last Soldier\" phá vỡ những huyền thoại cốt lõi của loạt phim Transformers và xác định lại ý nghĩa của việc trở thành một anh hùng. Con người và Transformers chiến tranh, Optimus Prime ra đi. Chìa khóa để cứu tương lai của chúng ta bị chôn vùi trong những bí mật của quá khứ, trong lịch sử ẩn giấu của Transformers trên Trái đất. Trách nhiệm giải cứu thế giới đặt lên vai một đồng minh đặc biệt: Cade Yeager, người máy Bumblebee, một quý tộc người Anh, và một Giáo sư Đại học Oxford Có một khoảnh khắc trong cuộc đời mỗi người khi chúng ta được chọn để tạo ra sự khác biệt. tách rời. Trong Transformers: The Last Warrior, kẻ phản diện trở thành anh hùng. Anh hùng trở thành nhân vật phản diện. Chỉ có một thế giới có thể tồn tại: của họ, hoặc của chúng ta.', 3, '2025-03-30 20:12:43', 3, '2025-03-30 20:12:43', 1),
(189, 'Avengers: Cuộc Chiến Vô Cực', 'avengers:-cuoc-chien-vo-cuc', 150, 'film_67e943fcdc994.jpg', 'film_67e943fcdc994-2018.jpg', 'https://youtu.be/O4XbKp6kN2k', 'Anthony Russo, Joe Russo', 'Dave Bautista, Karen Gillan, Tom Holland', 'Âu Mỹ', 2018, 'T16', 'Sau chuyến hành trình độc nhất vô nhị không ngừng mở rộng và phát triển vụ trũ điện ảnh Marvel, bộ phim Avengers: Cuộc Chiến Vô Cực sẽ mang đến màn ảnh trận chiến cuối cùng khốc liệt nhất mọi thời đại. Biệt đội Avengers và các đồng minh siêu anh hùng của họ phải chấp nhận hy sinh tất cả để có thể chống lại kẻ thù hùng mạnh Thanos trước tham vọng hủy diệt toàn bộ vũ trụ của hắn', 3, '2025-03-30 20:15:40', 3, '2025-03-30 20:15:40', 1),
(190, 'Đặc Vụ Áo Đen 4: Sứ Mệnh Toàn Cầu', 'dac-vu-ao-den-4:-su-menh-toan-cau', 115, 'film_67e944ba6341d.jpg', 'film_67e944ba6341d-2019.jpg', 'https://youtu.be/BU7LV7tQMHs', 'F. Gary Gray', 'Chris Hemswort, Rebecca Fergus, Tessa Thompso...', 'Âu Mỹ', 2019, 'T13', 'Đặc Vụ Áo Đen 4: Sứ Mệnh Toàn Cầu Men in Black: International 2019 Đặc Vụ Áo Đen 4: Sứ Mệnh Toàn Cầu (Men in Black: International )\r\n\r\nBấy lâu nay, Đặc vụ Áo Đen luôn là những người hùng thầm lặng “ngầu” nhất, bảo vệ Trái Đất khỏi những hiểm họa xấu xa ngoài hành tinh. Trong cuộc phiêu lưu mới này, họ phải đối mặt với mối đe dọa mang tính toàn cầu lớn nhất từ trước đến giờ: truy tìm điệp viên hai mang ẩn mình trong tổ chức Men In Black.', 3, '2025-03-30 20:18:50', 3, '2025-03-30 20:18:50', 1),
(191, 'Pokemon Movie 19: Volkenion và Magiana Siêu Máy Móc', 'pokemon-movie-19:-volkenion-va-magiana-sieu-may-moc', 112, 'film_67e94560ab970.jpg', 'film_67e94560ab970-2016.jpg', 'https://youtu.be/0UdmviQ_6RI', 'Kunihiko Yuyama', 'Ikue Ootani, Rica Matsumoto, Mayuki Makiguchi, Yuki Kaji, Mariya Ise, Yuka Terasaki, Shinichiro Miki, Megumi Hayashibara, Inuko Inuyama', 'Nhật Bản', 2016, 'P', 'Pokemon Movie 19: Volkenion và Magiana Siêu Máy Móc Pokémon the Movie: Volcanion and the Mechanical Marvel 2016 Một Pokémon thần bí tên là Volcanion phải chấp nhận sự giúp đỡ của Ash để giải cứu Vương quốc Azoth.', 3, '2025-03-30 20:21:36', 3, '2025-03-30 20:21:36', 1),
(192, 'Điệp Viên Ẩn Danh', 'diep-vien-an-danh', 101, 'film_67e945fd8bcfa.jpg', 'film_67e945fd8bcfa-2019.jpg', 'https://youtu.be/vx7WNU_lVgg', 'Nick Bruno, Troy Quane', 'Rachel Brosnahan, Toru Uchikado, Will Smith, Mark Ronson, Masi Oka, Toshiya Agata, Ben Mendelsohn, Karen Gillan, Tom Holland, Jarrett Bruno, Claire Crosby, Hisato Masuyama, Reba Mcentire, Michi Yamato, Hiroshi Otaguro, Carla Jimenez, Tawny Newsome, R', 'Âu Mỹ', 2019, 'P', 'Điệp Viên Ẩn Danh Spies in Disguise 2019 Lance Sterling, một mật vụ tự mãn của HTUV (Honor, Trust, Unity and Valor), được cử đi để thu hồi một máy bay không người lái tấn công từ tay buôn vũ khí Katsu Kimura ở Nhật Bản . Ngay sau khi người mua, tên khủng bố được tăng cường điều khiển từ tính Killian, đến nơi, Sterling đột nhập theo lệnh của giám đốc HTUV Joy Jenkins, đánh bại Kimura và băng nhóm của hắn, rồi trốn thoát với chiếc cặp chứa máy bay không người lái. Sterling quay trở lại trụ sở HTUV để đối đầu với Walter Beckett, một sinh viên tốt nghiệp MIT và nhà khoa học trẻ bị ruồng bỏ xã hội, vì đã trang bị vũ khí phi sát thương vào bộ đồ của mình. Walter cố gắng thuyết phục Sterling rằng có một cách hòa bình hơn để cứu thế giới nhưng Sterling đã sa thải anh ta trước khi anh ta có thể giải thích phát minh mới nhất của mình: \"che giấu sinh học\".', 3, '2025-03-30 20:24:13', 3, '2025-03-30 20:24:13', 1),
(193, 'Đại Thảm Họa Núi Baekdu', 'dai-tham-hoa-nui-baekdu', 130, 'film_67e9465e21635.jpg', 'film_67e9465e21635-2019.jpeg', 'https://youtu.be/kuZ2KWEj4mI', 'Lee Hae Jun, Kim Byung Seo,', 'Lee Byung Hun, Ha Jung Woo, Ma Dong Seok, Jeon Hye Jin, Bae Suzy, Lee Sang Won, Ok Ja Yeon, Han Soo Hyun, Kang Shin Chul, Kim Shi A', 'Âu Mỹ', 2019, 'T13', 'Đại Thảm Họa Núi Baekdu Ashfall - Baekdu Mountain 2019 Núi Paektu , một ngọn núi lửa đang hoạt động nằm giữa biên giới Trung Quốc - Bắc Triều Tiên , bất ngờ phun trào, gây ra những trận động đất nghiêm trọng ở cả Bắc và Hàn Quốc . Đại dịch xảy ra trên bán đảo Triều Tiên , với nhiều vụ phun trào hơn được dự đoán trong khu vực. Để ngăn chặn thảm họa khác, Jeon Yoo-kyung ( Jeon Hye-jin ) lập kế hoạch hoạt động dựa trên lý thuyết của Giáo sư Kang Bong-rae ( Ma Dong-seok ), người đã nghiên cứu núi Baekdu và những vụ phun trào có thể xảy ra trong tương lai của nó.', 3, '2025-03-30 20:25:50', 3, '2025-03-30 20:25:50', 1),
(194, 'Biệt Đội Siêu Anh Hùng 4: Hồi Kết', 'biet-doi-sieu-anh-hung-4:-hoi-ket', 182, 'film_67e946ebc44f5.jpg', 'film_67e946ebc44f5-2019.jpg', 'https://youtu.be/q6UDgv5TGWA', 'Joe Russo, Anthony Russo', 'Robert Downey Jr., Chris Evans, Mark Ruffalo, Chris Hemsworth, Scarlett Johansson, Jeremy Renner, Don Cheadle, Paul Rudd, Benedict Cumberbatch, Chadwick Boseman, Brie Larson, Tom Holland, Karen Gillan, Zoe Saldana, Evangeline Lilly, Tessa Thompson, L', 'Âu Mỹ', 2019, 'T13', 'Biệt Đội Siêu Anh Hùng 4: Hồi Kết Avengers: Endgame 2019 Năm năm sau, vào năm 2023, Scott Lang trốn thoát khỏi Vương quốc lượng tử . [N 2] Đến được Avengers Compound , anh ấy giải thích rằng anh ấy chỉ trải qua năm giờ khi bị mắc kẹt. Theo giả thuyết Vương quốc lượng tử cho phép du hành thời gian , họ yêu cầu Stark giúp họ lấy lại các Viên đá từ quá khứ để đảo ngược hành động của Thanos trong hiện tại. Stark, Rocket và Banner, những người đã hợp nhất trí thông minh của mình với sức mạnh của Hulk, tạo ra một cỗ máy thời gian. Banner lưu ý rằng việc thay đổi quá khứ không ảnh hưởng đến hiện tại của họ; bất kỳ thay đổi nào tạo ra thực tế thay thế . Banner và Rocket đi đến Na Uy , nơi họ đến thăm khu định cư của những người tị nạn AsgardiaAsgard mới và chiêu mộ một Thor thừa cân và chán nản. Tại Tokyo, Romanoff tuyển dụng Clint Barton , người đã trở thành người cảnh giác sau cái chết của gia đình anh ta.', 3, '2025-03-30 20:28:11', 3, '2025-03-30 20:28:11', 1),
(195, 'Chiến Tranh Các Vì Sao 9: Sự Trỗi Dậy Của Skywalker', 'chien-tranh-cac-vi-sao-9:-su-troi-day-cua-skywalker', 142, 'film_67e947576bc4a.jpg', 'film_67e947576bc4a-2020.jpg', 'https://youtu.be/b-6zWzVaOz4', 'J.J. Abrams', 'Carrie Fisher, Mark Hamill, Adam Driver, Daisy Ridley, John Boyega, Oscar Isaac, Anthony Daniels, Naomi Ackie, Domhnall Gleeson, Richard E. Grant, Lupita Nyong*o, Keri Russell, Joonas Suotamo, Kelly Marie Tran, Ian McDiarmid', 'Âu Mỹ', 2020, 'T13', 'Chiến Tranh Các Vì Sao 9: Sự Trỗi Dậy Của Skywalker Star Wars: Episode IX - The Rise of Skywalker 2019 Trong một thiên hà rất xa, rất xa ... vì vậy hãy bắt đầu một vài giờ miêu tả thực sự kém cỏi về khoa học cấp trung học cơ sở hoặc thực sự là miêu tả hay về khoa học thất bại. Trong tương lai xa, con người chúng ta, nếu chúng ta vẫn ở đây, sẽ khám phá những ngôi sao lân cận với người máy chứ chưa nói đến 100 tỷ ngôi sao trong thiên hà của chúng ta và xa hơn nữa là một số thiên hà khác. Và, chúng ta sẽ không ăn mặc, nói chuyện, cư xử như những người Mỹ đầu thế kỷ 20. Bộ phim này có hiệu ứng đặc biệt CGI có thể dự đoán được giống như chúng ta đã thấy trong nhiều thập kỷ. Cùng một cuộc sống Trái đất cũ được biến đổi một cách hài hước thành cuộc sống ngoài hành tinh.', 3, '2025-03-30 20:29:59', 3, '2025-03-30 20:29:59', 1),
(196, 'Kẻ Kiến Tạo', 'ke-kien-tao', 133, 'film_67e947e961ec4.jpg', 'film_67e947e961ec4-2023.jpg', 'https://youtu.be/MLUcZfI6dbU', 'Gareth Edwards', 'John David Washington, Gemma Chan, Watanabe Ken', 'Âu Mỹ', 2023, 'T13', '(John David Washington) - 1 cựu đặc vụ lì lợm, được thuê để giết “The Creator” - kẻ được xem là đầu não của AI và đã tạo ra 1 loại vũ khí bí ẩn đủ mạnh để kết thúc cuộc chiến và quét sạch nhân loại.', 3, '2025-03-30 20:32:25', 3, '2025-03-30 20:32:25', 1),
(197, 'Nhóc Trùm', 'nhoc-trum', 100, 'film_67e9489d96f56.jpg', 'film_67e9489d96f56-2017.jpg', 'https://youtu.be/3L1zVw5fefU', 'Hendel Butoy', 'Alec Baldwin, Lisa Kudrow, Steve Buscemi, Tobey Maguire, Jimmy Kimmel', 'Âu Mỹ', 2017, 'P', 'Chuyện gì sẽ xảy ra khi một em bé tuổi đang mang tã lại mặc bộ quần áo công sở và hợp tác cùng “anh trai hờ” 7 tuổi của nhóc trong việc chống lại những âm mưu bẩn thỉu của giám đốc điều hành tập đoàn thú cưng? The Boss Baby là bộ phim hài hước dành cho gia đình với cốt truyện chưa-từng-có sẽ ra mắt tại các rạp chiếu phim toàn cầu vào 31.03.2017.', 3, '2025-03-30 20:35:25', 3, '2025-03-30 20:35:25', 1),
(198, 'Alita: Thiên Thần Chiến Binh', 'alita:-thien-than-chien-binh', 122, 'film_67e948f559d46.png', 'film_67e948f559d46-2019.jpg', 'https://youtu.be/hHarnYNDgD0', 'Robert Rodriguez', 'Christoph Waltz, Rosa Salazar, Jennifer Connelly, Mahershala Ali, Ed Skrein...', 'Âu Mỹ', 2019, 'T16', 'Alita: Thiên Thần Chiến Binh Alita: Battle Angel 2019 Alita được ví như một thần chết đến từ địa ngục vì những khả năng vượt qua mọi giới hạn mà cô sở hữu. Cô được tìm thấy bởi Tiến sĩ Ido và không thể nhớ mình là ai hay từ đâu tới. Để có thể tìm ra sự thật, Atila phải dấn thân vào những cuộc chiến đấu nảy lửa.', 3, '2025-03-30 20:36:53', 3, '2025-03-30 20:36:53', 1);

-- --------------------------------------------------------

--
-- Table structure for table `phong`
--

CREATE TABLE `phong` (
  `MaPhong` int(11) NOT NULL,
  `TenPhong` varchar(255) NOT NULL,
  `NguoiTao` int(11) NOT NULL,
  `NgayTao` datetime NOT NULL,
  `NguoiCapNhat` int(11) DEFAULT NULL,
  `NgayCapNhat` datetime DEFAULT NULL,
  `TrangThai` tinyint(1) DEFAULT NULL
) ENGINE=InnoDB DEFAULT CHARSET=utf8 COLLATE=utf8_general_ci;

--
-- Dumping data for table `phong`
--

INSERT INTO `phong` (`MaPhong`, `TenPhong`, `NguoiTao`, `NgayTao`, `NguoiCapNhat`, `NgayCapNhat`, `TrangThai`) VALUES
(2, 'Rạp Đơn', 3, '2024-11-10 09:22:49', 3, '2025-03-25 16:53:46', 1),
(3, 'Rạp Đôi', 3, '2024-11-10 09:22:53', 3, '2025-03-25 16:53:53', 1),
(4, 'Rạp VIP', 3, '2024-11-10 09:22:58', 3, '2025-03-25 16:54:01', 1),
(6, 'Rạp Silver', 3, '2024-11-21 16:18:18', 3, '2025-03-25 16:54:11', 1),
(7, 'Rạp Gold', 3, '2025-03-25 16:54:21', 3, '2025-03-25 16:54:21', 1),
(8, 'Rạp Platinum', 3, '2025-03-25 16:54:29', 3, '2025-03-25 16:54:29', 1);

-- --------------------------------------------------------

--
-- Table structure for table `rapchieuphim`
--

CREATE TABLE `rapchieuphim` (
  `MaRap` int(11) NOT NULL,
  `MaKhuVuc` int(11) NOT NULL,
  `TenRap` varchar(255) NOT NULL,
  `DiaChi` varchar(255) NOT NULL,
  `MoTa` text DEFAULT NULL,
  `NguoiTao` int(11) NOT NULL,
  `NgayTao` datetime NOT NULL,
  `NguoiCapNhat` int(11) DEFAULT NULL,
  `NgayCapNhat` datetime DEFAULT NULL,
  `TrangThai` tinyint(1) DEFAULT 1
) ENGINE=InnoDB DEFAULT CHARSET=utf8 COLLATE=utf8_general_ci;

--
-- Dumping data for table `rapchieuphim`
--

INSERT INTO `rapchieuphim` (`MaRap`, `MaKhuVuc`, `TenRap`, `DiaChi`, `MoTa`, `NguoiTao`, `NgayTao`, `NguoiCapNhat`, `NgayCapNhat`, `TrangThai`) VALUES
(1, 1, 'CGV Hùng Vương Plaza', '126 Hùng Vương, Quận 5, TP. Hồ Chí Minh', 'Rạp CGV tại Hùng Vương Plaza', 3, '2025-03-19 10:00:00', NULL, NULL, 1),
(2, 1, 'Galaxy Nguyễn Du', '116 Nguyễn Du, Quận 1, TP. Hồ Chí Minh', 'Rạp Galaxy tại Nguyễn Du', 3, '2025-03-19 10:00:00', NULL, NULL, 1),
(3, 1, 'Cinestar Quốc Thanh (TPHCM)', '271 Nguyễn Trãi, Quận 1, TP. Hồ Chí Minh', 'Rạp Cinestar tại Quốc Thanh', 3, '2025-03-19 10:00:00', NULL, NULL, 1),
(4, 1, 'Lotte Cinema Nam Sài Gòn', '469 Nguyễn Hữu Thọ, Quận 7, TP. Hồ Chí Minh', NULL, 3, '0000-00-00 00:00:00', NULL, NULL, 1),
(5, 1, 'BHD Star Cineplex 3/2', '3C Đường 3/2, Quận 10, TP. Hồ Chí Minh', NULL, 3, '0000-00-00 00:00:00', NULL, NULL, 1),
(6, 2, 'CGV Vincom Nguyễn Chí Thanh', '54A Nguyễn Chí Thanh, Đống Đa, Hà Nội', NULL, 3, '0000-00-00 00:00:00', NULL, NULL, 1),
(7, 2, 'Lotte Cinema Landmark', 'Keangnam Landmark, Phạm Hùng, Nam Từ Liêm, Hà Nội', NULL, 3, '0000-00-00 00:00:00', NULL, NULL, 1),
(8, 2, 'BHD Star Vincom Phạm Ngọc Thạch', '2 Phạm Ngọc Thạch, Đống Đa, Hà Nội', NULL, 3, '0000-00-00 00:00:00', NULL, NULL, 1),
(9, 2, 'Beta Cinemas Thanh Xuân', '2 Lê Văn Thiêm, Thanh Xuân, Hà Nội', NULL, 3, '0000-00-00 00:00:00', NULL, NULL, 1),
(18, 5, 'CGV Sense City Cần Thơ', '1 Đại lộ Hòa Bình, Ninh Kiều, Cần Thơ', NULL, 3, '0000-00-00 00:00:00', NULL, NULL, 1),
(19, 5, 'Lotte Cinema Cần Thơ', '209 30/4, Ninh Kiều, Cần Thơ', NULL, 3, '0000-00-00 00:00:00', NULL, NULL, 1),
(20, 5, 'Galaxy Cần Thơ', '1 Nguyễn Trãi, Ninh Kiều, Cần Thơ', NULL, 3, '0000-00-00 00:00:00', NULL, NULL, 1),
(21, 5, 'Beta Cinemas Cần Thơ', '100 Trần Hưng Đạo, Ninh Kiều, Cần Thơ', NULL, 3, '0000-00-00 00:00:00', NULL, NULL, 1),
(22, 6, 'CGV Aeon Mall Bình Dương', 'Số 1 Đại Lộ Bình Dương, Thuận An', NULL, 3, '0000-00-00 00:00:00', NULL, NULL, 1),
(23, 6, 'Lotte Cinema Bình Dương', 'TTTM Bình Dương Square, Thủ Dầu Một', NULL, 3, '0000-00-00 00:00:00', NULL, NULL, 1),
(24, 6, 'Beta Cinemas Bình Dương', 'Đại lộ Bình Dương, Thủ Dầu Một', NULL, 3, '0000-00-00 00:00:00', NULL, NULL, 1),
(25, 6, 'Galaxy Bình Dương', 'Vincom Plaza Bình Dương', NULL, 3, '0000-00-00 00:00:00', NULL, NULL, 1),
(26, 7, 'CGV Biên Hòa', 'Vincom Biên Hòa, Đồng Nai', NULL, 3, '0000-00-00 00:00:00', NULL, NULL, 1),
(27, 7, 'Lotte Cinema Biên Hòa', 'TTTM Pegasus Plaza, Biên Hòa', NULL, 3, '0000-00-00 00:00:00', NULL, NULL, 1),
(28, 7, 'Beta Cinemas Đồng Nai', 'Nguyễn Ái Quốc, Biên Hòa', NULL, 3, '0000-00-00 00:00:00', NULL, NULL, 1),
(29, 7, 'Galaxy Biên Hòa', 'Big C Đồng Nai', NULL, 3, '0000-00-00 00:00:00', NULL, NULL, 1),
(30, 8, 'CGV Nha Trang Center', '20 Trần Phú, Nha Trang, Khánh Hòa', NULL, 3, '0000-00-00 00:00:00', NULL, NULL, 1),
(31, 8, 'Beta Cinemas Nha Trang', '5 Lê Thánh Tôn, Nha Trang', NULL, 3, '0000-00-00 00:00:00', NULL, NULL, 1),
(32, 8, 'Galaxy Nha Trang', 'Tầng 3, CoopMart, Nha Trang', NULL, 3, '0000-00-00 00:00:00', NULL, NULL, 1),
(33, 8, 'Lotte Cinema Nha Trang', 'Vinhomes Nha Trang, Khánh Hòa', NULL, 3, '0000-00-00 00:00:00', NULL, NULL, 1),
(34, 9, 'Lotte Cinema Vũng Tàu', '9 Lê Lợi, Vũng Tàu', NULL, 3, '0000-00-00 00:00:00', NULL, NULL, 1),
(35, 9, 'CGV Vũng Tàu', '33A đường 30/4, Vũng Tàu', NULL, 3, '0000-00-00 00:00:00', NULL, NULL, 1),
(36, 9, 'Galaxy Vũng Tàu', 'Tầng 3, Vincom Plaza, Vũng Tàu', NULL, 3, '0000-00-00 00:00:00', NULL, NULL, 1),
(37, 9, 'Beta Cinemas Vũng Tàu', '23 Trương Công Định, Vũng Tàu', NULL, 3, '0000-00-00 00:00:00', NULL, NULL, 1),
(38, 10, 'CGV Vincom Hạ Long', 'KĐT Hạ Long Marina, Hạ Long', NULL, 3, '0000-00-00 00:00:00', NULL, NULL, 1),
(39, 10, 'Lotte Cinema Hạ Long', 'Vincom Plaza Hạ Long', NULL, 3, '0000-00-00 00:00:00', NULL, NULL, 1),
(40, 10, 'Galaxy Quảng Ninh', 'Tầng 4, Big C Hạ Long', NULL, 3, '0000-00-00 00:00:00', NULL, NULL, 1),
(41, 10, 'Beta Cinemas Quảng Ninh', 'Đường 25/4, Hạ Long', NULL, 3, '0000-00-00 00:00:00', NULL, NULL, 1),
(42, 11, 'CGV Vincom Thanh Hóa', '27 Trần Phú, TP. Thanh Hóa', NULL, 3, '0000-00-00 00:00:00', NULL, NULL, 1),
(43, 11, 'Lotte Cinema Thanh Hóa', 'Big C Thanh Hóa', NULL, 3, '0000-00-00 00:00:00', NULL, NULL, 1),
(44, 11, 'Galaxy Thanh Hóa', 'Vincom Plaza Thanh Hóa', NULL, 3, '0000-00-00 00:00:00', NULL, NULL, 1),
(45, 11, 'Beta Cinemas Thanh Hóa', 'Đại lộ Lê Lợi, TP. Thanh Hóa', NULL, 3, '0000-00-00 00:00:00', NULL, NULL, 1),
(46, 12, 'CGV Vincom Vinh', '1 Lê Mao, TP. Vinh, Nghệ An', NULL, 3, '0000-00-00 00:00:00', NULL, NULL, 1),
(47, 12, 'Lotte Cinema Vinh', 'Big C Vinh, TP. Vinh', NULL, 3, '0000-00-00 00:00:00', NULL, NULL, 1),
(48, 12, 'Galaxy Nghệ An', 'Tầng 3, Vincom Plaza Vinh', NULL, 3, '0000-00-00 00:00:00', NULL, NULL, 1),
(49, 12, 'Beta Cinemas Nghệ An', 'Đường Nguyễn Thị Minh Khai, TP. Vinh', NULL, 3, '0000-00-00 00:00:00', NULL, NULL, 1),
(50, 13, 'CGV Vincom Huế', '50A Hùng Vương, TP. Huế', NULL, 3, '0000-00-00 00:00:00', NULL, NULL, 1),
(51, 13, 'Lotte Cinema Huế', 'Big C Huế, TP. Huế', NULL, 3, '0000-00-00 00:00:00', NULL, NULL, 1),
(52, 13, 'Galaxy Huế', 'Tầng 3, Vincom Plaza Huế', NULL, 3, '0000-00-00 00:00:00', NULL, NULL, 1),
(53, 13, 'Beta Cinemas Huế', '23 Nguyễn Tất Thành, TP. Huế', NULL, 3, '0000-00-00 00:00:00', NULL, NULL, 1),
(54, 14, 'CGV Vincom Rạch Giá', 'Lô A2, Khu phố 2, Rạch Giá, Kiên Giang', NULL, 3, '0000-00-00 00:00:00', NULL, NULL, 1),
(55, 14, 'Lotte Cinema Rạch Giá', 'Vincom Plaza Rạch Giá, Kiên Giang', NULL, 3, '0000-00-00 00:00:00', NULL, NULL, 1),
(56, 14, 'Galaxy Kiên Giang', 'Tầng 3, Big C Rạch Giá', NULL, 3, '0000-00-00 00:00:00', NULL, NULL, 1),
(57, 14, 'Beta Cinemas Kiên Giang', 'Đường 3/2, Rạch Giá', NULL, 3, '0000-00-00 00:00:00', NULL, NULL, 1),
(58, 15, 'CGV Vincom Đà Lạt', 'Tầng 3, Vincom Plaza Đà Lạt', NULL, 3, '0000-00-00 00:00:00', NULL, NULL, 1),
(59, 15, 'Lotte Cinema Đà Lạt', 'Big C Đà Lạt, Lâm Đồng', NULL, 3, '0000-00-00 00:00:00', NULL, NULL, 1),
(60, 15, 'Galaxy Đà Lạt', 'Đường 3/2, TP. Đà Lạt', NULL, 3, '0000-00-00 00:00:00', NULL, NULL, 1),
(61, 15, 'Beta Cinemas Đà Lạt', 'Đường Nguyễn Thị Minh Khai, TP. Đà Lạt', NULL, 3, '0000-00-00 00:00:00', NULL, NULL, 1);

-- --------------------------------------------------------

--
-- Table structure for table `slider`
--

CREATE TABLE `slider` (
  `Id` int(11) NOT NULL,
  `TenSlider` varchar(255) NOT NULL,
  `URL` varchar(255) DEFAULT NULL,
  `Anh` varchar(255) DEFAULT NULL,
  `SapXep` tinyint(4) DEFAULT NULL,
  `ViTri` varchar(255) NOT NULL,
  `MoTa` varchar(255) NOT NULL,
  `TuKhoa` varchar(255) NOT NULL,
  `TenChuDe` varchar(255) NOT NULL,
  `NguoiTao` int(11) NOT NULL,
  `NgayTao` datetime NOT NULL,
  `NguoiCapNhat` int(11) DEFAULT NULL,
  `NgayCapNhat` datetime DEFAULT NULL,
  `TrangThai` tinyint(1) DEFAULT NULL
) ENGINE=InnoDB DEFAULT CHARSET=utf8 COLLATE=utf8_general_ci;

--
-- Dumping data for table `slider`
--

INSERT INTO `slider` (`Id`, `TenSlider`, `URL`, `Anh`, `SapXep`, `ViTri`, `MoTa`, `TuKhoa`, `TenChuDe`, `NguoiTao`, `NgayTao`, `NguoiCapNhat`, `NgayCapNhat`, `TrangThai`) VALUES
(1, 'Trang chủ', '', 'slider_673089fbec828.jpg', 1, 'header', 'ádasdad', 'panda', 'venom', 0, '2024-11-06 15:34:48', 1, '2025-03-25 21:51:16', 0),
(2, 'ádasd', '', 'slider_67308a01c3db3.jpg', 2, 'header', 'sadasdasd', 'Thiên Đường Quả Báo', 'Thiên Đường Quả Báo', 0, '2024-11-06 15:35:08', 1, '2025-03-25 21:51:18', 0),
(5, 'Slide 1', '', 'slider_67d7016cb8a3a.jpg', 0, 'header', 'slide_quynhaptrang', 'quynhaptrang', 'Qủy nhập tràng', 3, '2025-03-16 23:24:22', 3, '2025-03-16 23:59:24', 1),
(6, 'Slide 2', '', 'slider_67d6feb1e147b.jpg', 3, 'header', 'slide_hoangthuylinh', 'hoangthuylinh', 'Hoàng Thùy Linh', 3, '2025-03-16 23:39:13', 3, '2025-04-05 16:07:18', 0),
(7, 'Slide 3', '', 'slider_67d70125dead1.jpg', 1, 'header', 'slide_satthuvocungcuc', 'satthuvocungcuc', 'Sát thủ vô cùng cực', 3, '2025-03-16 23:49:41', 3, '2025-03-16 23:59:31', 1),
(8, 'Slide 4', '', 'slider_67d7019d694df.jpg', 2, 'header', 'slide_mickey17', 'mickey17', 'Mickey17', 3, '2025-03-16 23:51:41', 3, '2025-03-16 23:59:42', 1),
(9, 'Slide 5', '', 'slider_67d701babd0b3.jpg', 3, 'header', 'slide_lactroi', 'lactroi', 'Lạc Trôi', 3, '2025-03-16 23:52:10', NULL, NULL, 1),
(10, 'Slide 6', '', 'slider_67d702f90d02a.jpg', 3, 'header', 'slide_trutaky', 'trutaky', 'Trừ Tà Ký', 3, '2025-03-16 23:57:29', 3, '2025-03-16 23:59:50', 1),
(11, 'Slide 7', '', 'slider_67e2c3285876c.jpg', 0, 'header', 'slide_diadao', 'diadao', 'Địa Đạo', 3, '2025-03-17 00:56:35', 3, '2025-03-25 21:52:24', 1),
(12, 'Slide 8', '', 'slider_67d715091547e.jpg', 1, 'header', 'slide_doisanquy', 'doisanquy', 'Đêm thánh đội săn quỷ', 3, '2025-03-17 01:14:33', 1, '2025-03-25 21:59:18', 0),
(13, 'Slide 9', '', 'slider_67d7177a81462.jpg', 0, 'header', 'slide_bikipluyenrong', 'bikipluyenrong', 'Bí kíp luyện rồng', 3, '2025-03-17 01:24:58', 1, '2025-03-17 01:26:05', 0),
(14, 'Slide 10', '', 'slider_67e2c4b0eaecb.jpg', 0, 'header', 'slide_nhagiatien', 'nhagiatien', 'Nhà gia tiên', 3, '2025-03-17 01:47:30', 1, '2025-03-25 21:59:08', 0),
(15, 'Slide 11', '', 'slider_67d78e07a415b.jpg', 0, 'header', 'slide_monkey', 'monkey', 'Monkey', 3, '2025-03-17 09:50:47', NULL, NULL, 1),
(16, 'Slide 12', '', 'slider_67d78e3eaabc1.jpg', 0, 'header', 'slide_doraemon', 'doraemon', 'Doraemon', 3, '2025-03-17 09:51:42', 1, '2025-03-25 21:59:22', 0),
(17, 'Slide 13', '', 'slider_67d78e7c0e503.jpg', 0, 'header', 'slide_thegioikhunglong', 'thegioikhunglong', 'Thế Giới Khủng Long', 3, '2025-03-17 09:52:44', 1, '2025-03-25 21:59:24', 0),
(18, 'Slide 14', '', 'slider_67da7a53476f4.jpg', 0, 'header', 'slide_nangbachtuyet', 'nangbachtuyet', 'Nàng bạch tuyết', 3, '2025-03-19 15:03:31', NULL, NULL, 1),
(19, 'Slide More', '', 'slider_67e2c365a4dd4.jpg', 1, 'header', 'amduonglo', 'amduonglo', 'Âm Dương Lộ', 3, '2025-03-25 21:53:25', NULL, NULL, 1),
(20, 'Silde More', '', 'slider_67e2c3880611a.jpg', 1, 'header', 'yeuvitiendienvitinh', 'yeuvitiendienvitinh', 'yeuvitiendienvitinh', 3, '2025-03-25 21:54:00', NULL, NULL, 1),
(22, 'Demo Slayer Final', '', 'slider_67e41a7c4f4d3.png', 1, 'header', 'Demo Slayer Final', 'Demo Slayer Final', 'Demo Slayer Final', 3, '2025-03-26 22:08:14', 1, '2025-03-28 22:43:03', 0),
(24, 'Aquaman 2', '', 'slider_67e6c37fb1744.jpg', 0, 'header', 'Aquaman 2', 'Aquaman 2', 'Aquaman 2', 3, '2025-03-28 22:42:55', NULL, NULL, 1),
(25, 'Bão Trắng 3: Thiên Đàng Hay Địa Ngục', '', 'slider_67e92dc3b8dd2.jpg', 0, 'header', 'Bão Trắng 3: Thiên Đàng Hay Địa Ngục', 'Bão Trắng 3: Thiên Đàng Hay Địa Ngục', 'Bão Trắng 3: Thiên Đàng Hay Địa Ngục', 3, '2025-03-30 18:40:51', NULL, NULL, 1),
(26, 'One Piece Film: Red', '', 'slider_67e93040aa87e.jpg', 0, 'header', 'One Piece Film: Red', 'One Piece Film: Red', 'One Piece Film: Red', 3, '2025-03-30 18:51:28', 1, '2025-03-30 18:51:41', 0),
(27, 'Black Adam', '', 'slider_67e931cfb2439.jpg', 0, 'header', 'Black Adam', 'Black Adam', 'Black Adam', 3, '2025-03-30 18:58:07', 1, '2025-03-30 18:58:20', 0),
(28, 'Người Nhện: Không Còn Nhà', '', 'slider_67e9337acea00.jpg', 0, 'header', 'Người Nhện: Không Còn Nhà', 'Người Nhện: Không Còn Nhà', 'Người Nhện: Không Còn Nhà', 3, '2025-03-30 19:05:14', 1, '2025-03-30 19:05:24', 0),
(29, 'Sát Thủ Đối Đầu', '', 'slider_67e933b47952e.jpg', 0, 'header', 'Sát Thủ Đối Đầu', 'Sát Thủ Đối Đầu', 'Sát Thủ Đối Đầu', 3, '2025-03-30 19:06:12', 1, '2025-03-30 19:06:32', 0),
(30, 'Thủy Chiến Đảo Hansan: Rồng Trỗi Dậy', '', 'slider_67e936158619d.jpg', 0, 'header', 'Thủy Chiến Đảo Hansan: Rồng Trỗi Dậy', 'Thủy Chiến Đảo Hansan: Rồng Trỗi Dậy', 'Thủy Chiến Đảo Hansan: Rồng Trỗi Dậy', 3, '2025-03-30 19:15:51', 1, '2025-03-30 19:16:31', 0),
(31, 'Phù Thủy Tối Thượng Trong Đa Vũ Trụ Hỗn Loạn', '', 'slider_67e93858bdf0c.jpg', 0, 'header', 'Phù Thủy Tối Thượng Trong Đa Vũ Trụ Hỗn Loạn', 'Phù Thủy Tối Thượng Trong Đa Vũ Trụ Hỗn Loạn', 'Phù Thủy Tối Thượng Trong Đa Vũ Trụ Hỗn Loạn', 3, '2025-03-30 19:26:00', NULL, NULL, 1),
(32, 'Gấu Đỏ Biến Hình', '', 'slider_67e93af26fec0.jpg', 0, 'header', 'Gấu Đỏ Biến Hình', 'Gấu Đỏ Biến Hình', 'Gấu Đỏ Biến Hình', 3, '2025-03-30 19:37:06', 1, '2025-03-30 19:37:13', 0),
(33, 'Venom 2 : Đối mặt tử thù', '', 'slider_67e93d0f25f57.jpg', 0, 'header', 'Venom 2 : Đối mặt tử thù', 'Venom 2 : Đối mặt tử thù', 'Venom 2 : Đối mặt tử thù', 3, '2025-03-30 19:46:07', 1, '2025-03-30 19:46:25', 0),
(34, 'Micaft', '', 'slider_67efbb5a7fcd9.jpg', 0, 'header', 'Micaft', 'Micaft', 'Micaft', 3, '2025-04-04 17:58:34', NULL, NULL, 1);

-- --------------------------------------------------------

--
-- Table structure for table `suatchieu`
--

CREATE TABLE `suatchieu` (
  `MaSuatChieu` int(11) NOT NULL,
  `MaPhim` int(11) NOT NULL,
  `MaPhong` int(11) NOT NULL,
  `GioChieu` datetime NOT NULL,
  `NguoiTao` int(11) NOT NULL,
  `NgayTao` datetime NOT NULL,
  `NguoiCapNhat` int(11) DEFAULT NULL,
  `NgayCapNhat` datetime DEFAULT NULL,
  `TrangThai` tinyint(1) DEFAULT NULL,
  `MaRap` int(11) NOT NULL
) ENGINE=InnoDB DEFAULT CHARSET=utf8 COLLATE=utf8_general_ci;

--
-- Dumping data for table `suatchieu`
--

INSERT INTO `suatchieu` (`MaSuatChieu`, `MaPhim`, `MaPhong`, `GioChieu`, `NguoiTao`, `NgayTao`, `NguoiCapNhat`, `NgayCapNhat`, `TrangThai`, `MaRap`) VALUES
(20, 29, 2, '2024-11-15 16:00:00', 3, '2024-11-10 09:28:11', 3, '2024-11-14 12:54:08', 1, 3),
(21, 28, 2, '2024-11-10 12:00:00', 3, '2024-11-10 09:28:31', 3, '2024-11-10 09:28:31', 1, 3),
(22, 30, 2, '2024-11-13 01:02:00', 3, '2024-11-10 09:28:42', 3, '2024-11-13 20:22:23', 1, 3),
(23, 31, 2, '2024-11-10 14:00:00', 3, '2024-11-10 09:28:50', 3, '2024-11-10 09:28:50', 1, 3),
(25, 29, 3, '2024-11-10 13:00:00', 3, '2024-11-10 10:11:20', 3, '2024-11-10 10:11:20', 1, 3),
(26, 29, 2, '2024-11-14 15:00:00', 3, '2024-11-14 13:58:06', 3, '2024-11-14 13:58:06', 1, 3),
(29, 29, 2, '2024-11-14 14:00:00', 3, '2024-11-14 13:59:11', 3, '2024-11-14 13:59:11', 1, 3),
(30, 28, 2, '2024-11-15 12:00:00', 3, '2024-11-15 10:29:53', 3, '2024-11-15 10:29:53', 1, 3),
(31, 29, 3, '2024-11-15 17:30:00', 3, '2024-11-15 10:30:24', 3, '2024-11-15 10:30:24', 1, 3),
(32, 30, 4, '2024-11-15 17:00:00', 3, '2024-11-15 10:31:02', 3, '2024-11-15 10:31:02', 1, 3),
(33, 28, 3, '2024-11-15 20:00:00', 3, '2024-11-15 10:31:42', 3, '2024-11-15 10:31:42', 1, 3),
(34, 29, 4, '2024-11-15 22:00:00', 3, '2024-11-15 10:32:48', 3, '2024-11-15 10:32:48', 1, 3),
(35, 28, 2, '2024-11-16 12:00:00', 3, '2024-11-15 10:47:06', 3, '2024-11-15 10:47:06', 1, 3),
(36, 28, 3, '2024-11-16 08:00:00', 3, '2024-11-15 10:47:23', 3, '2024-11-15 10:47:23', 1, 3),
(37, 28, 4, '2024-11-16 19:00:00', 3, '2024-11-15 10:47:44', 3, '2024-11-15 10:47:44', 1, 3),
(38, 28, 2, '2024-11-16 21:00:00', 3, '2024-11-15 10:48:02', 3, '2024-11-15 10:48:02', 1, 3),
(39, 28, 3, '2024-11-16 16:00:00', 3, '2024-11-15 10:48:18', 3, '2024-11-15 10:48:18', 1, 3),
(41, 29, 2, '2024-12-01 00:00:00', 3, '2024-11-30 23:15:33', 3, '2025-03-21 14:50:50', 1, 3),
(42, 39, 6, '2025-03-16 12:00:00', 3, '2025-03-16 17:48:50', 3, '2025-03-16 17:48:50', 1, 3),
(43, 46, 6, '2025-03-17 00:00:00', 3, '2025-03-17 08:59:23', 3, '2025-03-21 14:50:48', 1, 3),
(44, 46, 6, '2025-03-19 19:00:00', 3, '2025-03-19 15:55:17', 3, '2025-03-19 15:55:17', 1, 3),
(45, 49, 2, '2025-03-20 12:00:00', 3, '2025-03-20 14:35:04', 3, '2025-03-20 14:35:04', 1, 3),
(46, 51, 6, '2025-03-20 12:00:00', 3, '2025-03-20 15:07:59', 3, '2025-03-20 15:07:59', 1, 59),
(47, 42, 6, '2025-03-21 12:00:00', 3, '2025-03-21 14:57:56', 3, '2025-03-21 14:57:56', 1, 5),
(48, 42, 2, '2025-03-21 11:00:00', 3, '2025-03-21 17:52:35', 3, '2025-03-21 17:52:35', 1, 4),
(50, 61, 3, '2025-03-21 12:00:00', 3, '2025-03-21 22:52:52', 3, '2025-03-21 22:52:52', 1, 4),
(51, 61, 3, '2025-03-22 08:00:00', 3, '2025-03-21 22:53:19', 3, '2025-03-21 22:53:19', 1, 4),
(52, 42, 6, '2025-03-22 00:00:00', 3, '2025-03-22 00:20:15', 3, '2025-03-22 00:20:15', 1, 5),
(53, 42, 6, '2025-03-23 10:00:00', 3, '2025-03-22 22:44:22', 3, '2025-03-22 22:44:22', 1, 5),
(54, 42, 2, '2025-03-23 09:00:00', 3, '2025-03-22 22:47:08', 3, '2025-03-22 22:47:08', 1, 5),
(55, 54, 2, '2025-03-22 07:00:00', 3, '2025-03-22 22:52:09', 3, '2025-03-22 22:52:09', 1, 4),
(56, 54, 2, '2025-03-22 08:00:00', 3, '2025-03-22 22:52:33', 3, '2025-03-22 22:52:33', 1, 4),
(57, 54, 2, '2025-03-23 11:00:00', 3, '2025-03-22 22:56:28', 3, '2025-03-22 22:56:28', 1, 4),
(58, 42, 2, '2025-03-24 11:00:00', 3, '2025-03-24 10:05:20', 3, '2025-03-24 10:05:20', 1, 1),
(59, 42, 2, '2025-03-24 10:00:00', 3, '2025-03-24 10:05:33', 3, '2025-03-24 10:05:33', 1, 1),
(60, 42, 6, '2025-03-24 19:00:00', 3, '2025-03-24 10:09:43', 3, '2025-03-24 10:09:43', 1, 1),
(61, 42, 6, '2025-03-25 09:00:00', 3, '2025-03-24 10:18:10', 3, '2025-03-24 10:18:10', 1, 1),
(62, 46, 2, '2025-03-25 12:00:00', 3, '2025-03-25 14:13:02', 3, '2025-03-25 14:13:02', 1, 2),
(63, 42, 6, '2025-03-25 18:00:00', 3, '2025-03-25 14:34:03', 3, '2025-03-25 14:34:03', 1, 1),
(64, 46, 6, '2025-03-25 19:00:00', 3, '2025-03-25 14:35:29', 3, '2025-03-25 14:35:29', 1, 2),
(65, 42, 6, '2025-03-25 11:00:00', 3, '2025-03-25 14:49:56', 3, '2025-03-25 14:49:56', 1, 1),
(66, 42, 6, '2025-03-25 19:00:00', 3, '2025-03-25 14:50:15', 3, '2025-03-25 14:50:15', 1, 1),
(67, 42, 6, '2025-03-26 20:00:00', 3, '2025-03-25 14:50:51', 3, '2025-03-25 14:50:51', 1, 1),
(68, 41, 8, '2025-03-25 08:00:00', 3, '2025-03-25 22:12:28', 3, '2025-03-25 22:12:28', 1, 3),
(69, 41, 8, '2025-03-25 10:00:00', 3, '2025-03-25 22:12:28', 3, '2025-03-25 22:12:28', 1, 3),
(70, 41, 8, '2025-03-25 12:00:00', 3, '2025-03-25 22:12:28', 3, '2025-03-25 22:12:28', 1, 3),
(71, 41, 8, '2025-03-25 14:00:00', 3, '2025-03-25 22:12:28', 3, '2025-03-25 22:12:28', 1, 3),
(72, 41, 8, '2025-03-25 16:00:00', 3, '2025-03-25 22:12:28', 3, '2025-03-25 22:12:28', 1, 3),
(73, 41, 8, '2025-03-25 18:00:00', 3, '2025-03-25 22:12:28', 3, '2025-03-25 22:12:28', 1, 3),
(74, 41, 8, '2025-03-25 20:00:00', 3, '2025-03-25 22:12:28', 3, '2025-03-25 22:12:28', 1, 3),
(75, 41, 8, '2025-03-25 22:00:00', 3, '2025-03-25 22:12:28', 3, '2025-03-25 22:12:28', 1, 3),
(76, 41, 8, '2025-03-26 08:00:00', 3, '2025-03-25 22:12:28', 3, '2025-03-25 22:12:28', 1, 3),
(77, 41, 8, '2025-03-26 10:00:00', 3, '2025-03-25 22:12:28', 3, '2025-03-25 22:12:28', 1, 3),
(78, 41, 8, '2025-03-26 12:00:00', 3, '2025-03-25 22:12:28', 3, '2025-03-25 22:12:28', 1, 3),
(79, 41, 8, '2025-03-26 14:00:00', 3, '2025-03-25 22:12:28', 3, '2025-03-25 22:12:28', 1, 3),
(80, 41, 8, '2025-03-26 16:00:00', 3, '2025-03-25 22:12:28', 3, '2025-03-25 22:12:28', 1, 3),
(81, 41, 8, '2025-03-26 18:00:00', 3, '2025-03-25 22:12:28', 3, '2025-03-25 22:12:28', 1, 3),
(82, 41, 8, '2025-03-26 20:00:00', 3, '2025-03-25 22:12:28', 3, '2025-03-25 22:12:28', 1, 3),
(83, 41, 8, '2025-03-26 22:00:00', 3, '2025-03-25 22:12:28', 3, '2025-03-25 22:12:28', 1, 3),
(84, 41, 8, '2025-03-27 08:00:00', 3, '2025-03-25 22:12:28', 3, '2025-03-25 22:12:28', 1, 3),
(85, 41, 8, '2025-03-27 10:00:00', 3, '2025-03-25 22:12:28', 3, '2025-03-25 22:12:28', 1, 3),
(86, 41, 8, '2025-03-27 12:00:00', 3, '2025-03-25 22:12:28', 3, '2025-03-25 22:12:28', 1, 3),
(87, 41, 8, '2025-03-27 14:00:00', 3, '2025-03-25 22:12:28', 3, '2025-03-25 22:12:28', 1, 3),
(88, 41, 8, '2025-03-27 16:00:00', 3, '2025-03-25 22:12:28', 3, '2025-03-25 22:12:28', 1, 3),
(89, 41, 8, '2025-03-27 18:00:00', 3, '2025-03-25 22:12:28', 3, '2025-03-25 22:12:28', 1, 3),
(90, 41, 8, '2025-03-27 20:00:00', 3, '2025-03-25 22:12:28', 3, '2025-03-25 22:12:28', 1, 3),
(91, 41, 8, '2025-03-27 22:00:00', 3, '2025-03-25 22:12:28', 3, '2025-03-25 22:12:28', 1, 3),
(92, 41, 8, '2025-03-28 08:00:00', 3, '2025-03-25 22:12:28', 3, '2025-03-25 22:12:28', 1, 3),
(93, 41, 8, '2025-03-28 10:00:00', 3, '2025-03-25 22:12:28', 3, '2025-03-25 22:12:28', 1, 3),
(94, 41, 8, '2025-03-28 12:00:00', 3, '2025-03-25 22:12:28', 3, '2025-03-25 22:12:28', 1, 3),
(95, 41, 8, '2025-03-28 14:00:00', 3, '2025-03-25 22:12:28', 3, '2025-03-25 22:12:28', 1, 3),
(96, 41, 8, '2025-03-28 16:00:00', 3, '2025-03-25 22:12:28', 3, '2025-03-25 22:12:28', 1, 3),
(97, 41, 8, '2025-03-28 18:00:00', 3, '2025-03-25 22:12:28', 3, '2025-03-25 22:12:28', 1, 3),
(98, 41, 8, '2025-03-28 20:00:00', 3, '2025-03-25 22:12:28', 3, '2025-03-25 22:12:28', 1, 3),
(99, 41, 8, '2025-03-28 22:00:00', 3, '2025-03-25 22:12:28', 3, '2025-03-25 22:12:28', 1, 3),
(100, 41, 8, '2025-03-29 08:00:00', 3, '2025-03-25 22:12:28', 3, '2025-03-25 22:12:28', 1, 3),
(101, 41, 8, '2025-03-29 10:00:00', 3, '2025-03-25 22:12:28', 3, '2025-03-25 22:12:28', 1, 3),
(102, 41, 8, '2025-03-29 12:00:00', 3, '2025-03-25 22:12:28', 3, '2025-03-25 22:12:28', 1, 3),
(103, 41, 8, '2025-03-29 14:00:00', 3, '2025-03-25 22:12:28', 3, '2025-03-25 22:12:28', 1, 3),
(104, 41, 8, '2025-03-29 16:00:00', 3, '2025-03-25 22:12:28', 3, '2025-03-25 22:12:28', 1, 3),
(105, 41, 8, '2025-03-29 18:00:00', 3, '2025-03-25 22:12:28', 3, '2025-03-25 22:12:28', 1, 3),
(106, 41, 8, '2025-03-29 20:00:00', 3, '2025-03-25 22:12:28', 3, '2025-03-25 22:12:28', 1, 3),
(107, 41, 8, '2025-03-29 22:00:00', 3, '2025-03-25 22:12:28', 3, '2025-03-25 22:12:28', 1, 3),
(108, 41, 8, '2025-03-30 08:00:00', 3, '2025-03-25 22:12:28', 3, '2025-03-25 22:12:28', 1, 3),
(109, 41, 8, '2025-03-30 10:00:00', 3, '2025-03-25 22:12:28', 3, '2025-03-25 22:12:28', 1, 3),
(110, 41, 8, '2025-03-30 12:00:00', 3, '2025-03-25 22:12:28', 3, '2025-03-25 22:12:28', 1, 3),
(111, 41, 8, '2025-03-30 14:00:00', 3, '2025-03-25 22:12:28', 3, '2025-03-25 22:12:28', 1, 3),
(112, 41, 8, '2025-03-30 16:00:00', 3, '2025-03-25 22:12:28', 3, '2025-03-25 22:12:28', 1, 3),
(113, 41, 8, '2025-03-30 18:00:00', 3, '2025-03-25 22:12:28', 3, '2025-03-25 22:12:28', 1, 3),
(114, 41, 8, '2025-03-30 20:00:00', 3, '2025-03-25 22:12:28', 3, '2025-03-25 22:12:28', 1, 3),
(115, 41, 8, '2025-03-30 22:00:00', 3, '2025-03-25 22:12:28', 3, '2025-03-25 22:12:28', 1, 3),
(116, 41, 8, '2025-03-31 08:00:00', 3, '2025-03-25 22:12:28', 3, '2025-03-25 22:12:28', 1, 3),
(117, 41, 8, '2025-03-31 10:00:00', 3, '2025-03-25 22:12:28', 3, '2025-03-25 22:12:28', 1, 3),
(118, 41, 8, '2025-03-31 12:00:00', 3, '2025-03-25 22:12:28', 3, '2025-03-25 22:12:28', 1, 3),
(119, 41, 8, '2025-03-31 14:00:00', 3, '2025-03-25 22:12:28', 3, '2025-03-25 22:12:28', 1, 3),
(120, 41, 8, '2025-03-31 16:00:00', 3, '2025-03-25 22:12:28', 3, '2025-03-25 22:12:28', 1, 3),
(121, 41, 8, '2025-03-31 18:00:00', 3, '2025-03-25 22:12:28', 3, '2025-03-25 22:12:28', 1, 3),
(122, 41, 8, '2025-03-31 20:00:00', 3, '2025-03-25 22:12:28', 3, '2025-03-25 22:12:28', 1, 3),
(123, 41, 8, '2025-03-31 22:00:00', 3, '2025-03-25 22:12:28', 3, '2025-03-25 22:12:28', 1, 3),
(124, 41, 8, '2025-04-01 08:00:00', 3, '2025-03-25 22:12:28', 3, '2025-03-25 22:12:28', 1, 3),
(125, 41, 8, '2025-04-01 10:00:00', 3, '2025-03-25 22:12:28', 3, '2025-03-25 22:12:28', 1, 3),
(126, 41, 8, '2025-04-01 12:00:00', 3, '2025-03-25 22:12:28', 3, '2025-03-25 22:12:28', 1, 3),
(127, 41, 8, '2025-04-01 14:00:00', 3, '2025-03-25 22:12:28', 3, '2025-03-25 22:12:28', 1, 3),
(128, 41, 8, '2025-04-01 16:00:00', 3, '2025-03-25 22:12:28', 3, '2025-03-25 22:12:28', 1, 3),
(129, 41, 8, '2025-04-01 18:00:00', 3, '2025-03-25 22:12:28', 3, '2025-03-25 22:12:28', 1, 3),
(130, 41, 8, '2025-04-01 20:00:00', 3, '2025-03-25 22:12:28', 3, '2025-03-25 22:12:28', 1, 3),
(131, 41, 8, '2025-04-01 22:00:00', 3, '2025-03-25 22:12:28', 3, '2025-03-25 22:12:28', 1, 3),
(132, 41, 8, '2025-04-02 08:00:00', 3, '2025-03-25 22:12:28', 3, '2025-03-25 22:12:28', 1, 3),
(133, 41, 8, '2025-04-02 10:00:00', 3, '2025-03-25 22:12:28', 3, '2025-03-25 22:12:28', 1, 3),
(134, 41, 8, '2025-04-02 12:00:00', 3, '2025-03-25 22:12:28', 3, '2025-03-25 22:12:28', 1, 3),
(135, 41, 8, '2025-04-02 14:00:00', 3, '2025-03-25 22:12:28', 3, '2025-03-25 22:12:28', 1, 3),
(136, 41, 8, '2025-04-02 16:00:00', 3, '2025-03-25 22:12:28', 3, '2025-03-25 22:12:28', 1, 3),
(137, 41, 8, '2025-04-02 18:00:00', 3, '2025-03-25 22:12:28', 3, '2025-03-25 22:12:28', 1, 3),
(138, 41, 8, '2025-04-02 20:00:00', 3, '2025-03-25 22:12:28', 3, '2025-03-25 22:12:28', 1, 3),
(139, 41, 8, '2025-04-02 22:00:00', 3, '2025-03-25 22:12:28', 3, '2025-03-25 22:12:28', 1, 3),
(140, 41, 8, '2025-04-03 08:00:00', 3, '2025-03-25 22:12:28', 3, '2025-03-25 22:12:28', 1, 3),
(141, 41, 8, '2025-04-03 10:00:00', 3, '2025-03-25 22:12:28', 3, '2025-03-25 22:12:28', 1, 3),
(142, 41, 8, '2025-04-03 12:00:00', 3, '2025-03-25 22:12:28', 3, '2025-03-25 22:12:28', 1, 3),
(143, 41, 8, '2025-04-03 14:00:00', 3, '2025-03-25 22:12:28', 3, '2025-03-25 22:12:28', 1, 3),
(144, 41, 8, '2025-04-03 16:00:00', 3, '2025-03-25 22:12:28', 3, '2025-03-25 22:12:28', 1, 3),
(145, 41, 8, '2025-04-03 18:00:00', 3, '2025-03-25 22:12:28', 3, '2025-03-25 22:12:28', 1, 3),
(146, 41, 8, '2025-04-03 20:00:00', 3, '2025-03-25 22:12:28', 3, '2025-03-25 22:12:28', 1, 3),
(147, 41, 8, '2025-04-03 22:00:00', 3, '2025-03-25 22:12:28', 3, '2025-03-25 22:12:28', 1, 3),
(148, 41, 8, '2025-04-04 08:00:00', 3, '2025-03-25 22:12:28', 3, '2025-03-25 22:12:28', 1, 3),
(149, 41, 8, '2025-04-04 10:00:00', 3, '2025-03-25 22:12:28', 3, '2025-03-25 22:12:28', 1, 3),
(150, 41, 8, '2025-04-04 12:00:00', 3, '2025-03-25 22:12:28', 3, '2025-03-25 22:12:28', 1, 3),
(151, 41, 8, '2025-04-04 14:00:00', 3, '2025-03-25 22:12:28', 3, '2025-03-25 22:12:28', 1, 3),
(152, 41, 8, '2025-04-04 16:00:00', 3, '2025-03-25 22:12:28', 3, '2025-03-25 22:12:28', 1, 3),
(153, 41, 8, '2025-04-04 18:00:00', 3, '2025-03-25 22:12:28', 3, '2025-03-25 22:12:28', 1, 3),
(154, 41, 8, '2025-04-04 20:00:00', 3, '2025-03-25 22:12:28', 3, '2025-03-25 22:12:28', 1, 3),
(155, 41, 8, '2025-04-04 22:00:00', 3, '2025-03-25 22:12:28', 3, '2025-03-25 22:12:28', 1, 3),
(156, 41, 8, '2025-04-05 08:00:00', 3, '2025-03-25 22:12:28', 3, '2025-03-25 22:12:28', 1, 3),
(157, 41, 8, '2025-04-05 10:00:00', 3, '2025-03-25 22:12:28', 3, '2025-03-25 22:12:28', 1, 3),
(158, 41, 8, '2025-04-05 12:00:00', 3, '2025-03-25 22:12:28', 3, '2025-03-25 22:12:28', 1, 3),
(159, 41, 8, '2025-04-05 14:00:00', 3, '2025-03-25 22:12:28', 3, '2025-03-25 22:12:28', 1, 3),
(160, 41, 8, '2025-04-05 16:00:00', 3, '2025-03-25 22:12:28', 3, '2025-03-25 22:12:28', 1, 3),
(161, 41, 8, '2025-04-05 18:00:00', 3, '2025-03-25 22:12:28', 3, '2025-03-25 22:12:28', 1, 3),
(162, 41, 8, '2025-04-05 20:00:00', 3, '2025-03-25 22:12:28', 3, '2025-03-25 22:12:28', 1, 3),
(163, 41, 8, '2025-04-05 22:00:00', 3, '2025-03-25 22:12:28', 3, '2025-03-25 22:12:28', 1, 3),
(164, 41, 8, '2025-04-06 08:00:00', 3, '2025-03-25 22:12:28', 3, '2025-03-25 22:12:28', 1, 3),
(165, 41, 8, '2025-04-06 10:00:00', 3, '2025-03-25 22:12:28', 3, '2025-03-25 22:12:28', 1, 3),
(166, 41, 8, '2025-04-06 12:00:00', 3, '2025-03-25 22:12:28', 3, '2025-03-25 22:12:28', 1, 3),
(167, 41, 8, '2025-04-06 14:00:00', 3, '2025-03-25 22:12:28', 3, '2025-03-25 22:12:28', 1, 3),
(168, 41, 8, '2025-04-06 16:00:00', 3, '2025-03-25 22:12:28', 3, '2025-03-25 22:12:28', 1, 3),
(169, 41, 8, '2025-04-06 18:00:00', 3, '2025-03-25 22:12:28', 3, '2025-03-25 22:12:28', 1, 3),
(170, 41, 8, '2025-04-06 20:00:00', 3, '2025-03-25 22:12:28', 3, '2025-03-25 22:12:28', 1, 3),
(171, 41, 8, '2025-04-06 22:00:00', 3, '2025-03-25 22:12:28', 3, '2025-03-25 22:12:28', 1, 3),
(172, 41, 8, '2025-04-07 08:00:00', 3, '2025-03-25 22:12:28', 3, '2025-03-25 22:12:28', 1, 3),
(173, 41, 8, '2025-04-07 10:00:00', 3, '2025-03-25 22:12:28', 3, '2025-03-25 22:12:28', 1, 3),
(174, 41, 8, '2025-04-07 12:00:00', 3, '2025-03-25 22:12:28', 3, '2025-03-25 22:12:28', 1, 3),
(175, 41, 8, '2025-04-07 14:00:00', 3, '2025-03-25 22:12:28', 3, '2025-03-25 22:12:28', 1, 3),
(176, 41, 8, '2025-04-07 16:00:00', 3, '2025-03-25 22:12:28', 3, '2025-03-25 22:12:28', 1, 3),
(177, 41, 8, '2025-04-07 18:00:00', 3, '2025-03-25 22:12:28', 3, '2025-03-25 22:12:28', 1, 3),
(178, 41, 8, '2025-04-07 20:00:00', 3, '2025-03-25 22:12:28', 3, '2025-03-25 22:12:28', 1, 3),
(179, 41, 8, '2025-04-07 22:00:00', 3, '2025-03-25 22:12:28', 3, '2025-03-25 22:12:28', 1, 3),
(180, 41, 8, '2025-04-08 08:00:00', 3, '2025-03-25 22:12:28', 3, '2025-03-25 22:12:28', 1, 3),
(181, 41, 8, '2025-04-08 10:00:00', 3, '2025-03-25 22:12:28', 3, '2025-03-25 22:12:28', 1, 3),
(182, 41, 8, '2025-04-08 12:00:00', 3, '2025-03-25 22:12:28', 3, '2025-03-25 22:12:28', 1, 3),
(183, 41, 8, '2025-04-08 14:00:00', 3, '2025-03-25 22:12:28', 3, '2025-03-25 22:12:28', 1, 3),
(184, 41, 8, '2025-04-08 16:00:00', 3, '2025-03-25 22:12:28', 3, '2025-03-25 22:12:28', 1, 3),
(185, 41, 8, '2025-04-08 18:00:00', 3, '2025-03-25 22:12:28', 3, '2025-03-25 22:12:28', 1, 3),
(186, 41, 8, '2025-04-08 20:00:00', 3, '2025-03-25 22:12:28', 3, '2025-03-25 22:12:28', 1, 3),
(187, 41, 8, '2025-04-08 22:00:00', 3, '2025-03-25 22:12:28', 3, '2025-03-25 22:12:28', 1, 3),
(188, 41, 8, '2025-04-09 08:00:00', 3, '2025-03-25 22:12:28', 3, '2025-03-25 22:12:28', 1, 3),
(189, 41, 8, '2025-04-09 10:00:00', 3, '2025-03-25 22:12:28', 3, '2025-03-25 22:12:28', 1, 3),
(190, 41, 8, '2025-04-09 12:00:00', 3, '2025-03-25 22:12:28', 3, '2025-03-25 22:12:28', 1, 3),
(191, 41, 8, '2025-04-09 14:00:00', 3, '2025-03-25 22:12:28', 3, '2025-03-25 22:12:28', 1, 3),
(192, 41, 8, '2025-04-09 16:00:00', 3, '2025-03-25 22:12:28', 3, '2025-03-25 22:12:28', 1, 3),
(193, 41, 8, '2025-04-09 18:00:00', 3, '2025-03-25 22:12:28', 3, '2025-03-25 22:12:28', 1, 3),
(194, 41, 8, '2025-04-09 20:00:00', 3, '2025-03-25 22:12:28', 3, '2025-03-25 22:12:28', 1, 3),
(195, 41, 8, '2025-04-09 22:00:00', 3, '2025-03-25 22:12:28', 3, '2025-03-25 22:12:28', 1, 3),
(196, 41, 8, '2025-04-10 08:00:00', 3, '2025-03-25 22:12:28', 3, '2025-03-25 22:12:28', 1, 3),
(197, 41, 8, '2025-04-10 10:00:00', 3, '2025-03-25 22:12:28', 3, '2025-03-25 22:12:28', 1, 3),
(198, 41, 8, '2025-04-10 12:00:00', 3, '2025-03-25 22:12:28', 3, '2025-03-25 22:12:28', 1, 3),
(199, 41, 8, '2025-04-10 14:00:00', 3, '2025-03-25 22:12:28', 3, '2025-03-25 22:12:28', 1, 3),
(200, 41, 8, '2025-04-10 16:00:00', 3, '2025-03-25 22:12:28', 3, '2025-03-25 22:12:28', 1, 3),
(201, 41, 8, '2025-04-10 18:00:00', 3, '2025-03-25 22:12:28', 3, '2025-03-25 22:12:28', 1, 3),
(202, 41, 8, '2025-04-10 20:00:00', 3, '2025-03-25 22:12:28', 3, '2025-03-25 22:12:28', 1, 3),
(203, 41, 8, '2025-04-10 22:00:00', 3, '2025-03-25 22:12:28', 3, '2025-03-25 22:12:28', 1, 3),
(204, 41, 8, '2025-04-11 08:00:00', 3, '2025-03-25 22:12:28', 3, '2025-03-25 22:12:28', 1, 3),
(205, 41, 8, '2025-04-11 10:00:00', 3, '2025-03-25 22:12:28', 3, '2025-03-25 22:12:28', 1, 3),
(206, 41, 8, '2025-04-11 12:00:00', 3, '2025-03-25 22:12:28', 3, '2025-03-25 22:12:28', 1, 3),
(207, 41, 8, '2025-04-11 14:00:00', 3, '2025-03-25 22:12:28', 3, '2025-03-25 22:12:28', 1, 3),
(208, 41, 8, '2025-04-11 16:00:00', 3, '2025-03-25 22:12:28', 3, '2025-03-25 22:12:28', 1, 3),
(209, 41, 8, '2025-04-11 18:00:00', 3, '2025-03-25 22:12:28', 3, '2025-03-25 22:12:28', 1, 3),
(210, 41, 8, '2025-04-11 20:00:00', 3, '2025-03-25 22:12:28', 3, '2025-03-25 22:12:28', 1, 3),
(211, 41, 8, '2025-04-11 22:00:00', 3, '2025-03-25 22:12:28', 3, '2025-03-25 22:12:28', 1, 3),
(212, 41, 8, '2025-03-25 09:00:00', 3, '2025-03-25 22:38:36', 3, '2025-03-25 22:38:36', 1, 3),
(213, 41, 8, '2025-03-25 11:00:00', 3, '2025-03-25 22:38:36', 3, '2025-03-25 22:38:36', 1, 3),
(214, 41, 8, '2025-03-25 13:00:00', 3, '2025-03-25 22:38:36', 3, '2025-03-25 22:38:36', 1, 3),
(215, 41, 8, '2025-03-25 15:00:00', 3, '2025-03-25 22:38:36', 3, '2025-03-25 22:38:36', 1, 3),
(216, 41, 8, '2025-03-25 17:00:00', 3, '2025-03-25 22:38:36', 3, '2025-03-25 22:38:36', 1, 3),
(217, 41, 8, '2025-03-25 19:00:00', 3, '2025-03-25 22:38:36', 3, '2025-03-25 22:38:36', 1, 3),
(218, 41, 8, '2025-03-25 21:00:00', 3, '2025-03-25 22:38:36', 3, '2025-03-25 22:38:36', 1, 3),
(219, 41, 8, '2025-03-26 09:00:00', 3, '2025-03-25 22:38:36', 3, '2025-03-25 22:38:36', 1, 3),
(220, 41, 8, '2025-03-26 11:00:00', 3, '2025-03-25 22:38:36', 3, '2025-03-25 22:38:36', 1, 3),
(221, 41, 8, '2025-03-26 13:00:00', 3, '2025-03-25 22:38:36', 3, '2025-03-25 22:38:36', 1, 3),
(222, 41, 8, '2025-03-26 15:00:00', 3, '2025-03-25 22:38:36', 3, '2025-03-25 22:38:36', 1, 3),
(223, 41, 8, '2025-03-26 17:00:00', 3, '2025-03-25 22:38:36', 3, '2025-03-25 22:38:36', 1, 3),
(224, 41, 8, '2025-03-26 19:00:00', 3, '2025-03-25 22:38:36', 3, '2025-03-25 22:38:36', 1, 3),
(225, 41, 8, '2025-03-26 21:00:00', 3, '2025-03-25 22:38:36', 3, '2025-03-25 22:38:36', 1, 3),
(226, 41, 8, '2025-03-27 09:00:00', 3, '2025-03-25 22:38:36', 3, '2025-03-25 22:38:36', 1, 3),
(227, 41, 8, '2025-03-27 11:00:00', 3, '2025-03-25 22:38:36', 3, '2025-03-25 22:38:36', 1, 3),
(228, 41, 8, '2025-03-27 13:00:00', 3, '2025-03-25 22:38:36', 3, '2025-03-25 22:38:36', 1, 3),
(229, 41, 8, '2025-03-27 15:00:00', 3, '2025-03-25 22:38:36', 3, '2025-03-25 22:38:36', 1, 3),
(230, 41, 8, '2025-03-27 17:00:00', 3, '2025-03-25 22:38:36', 3, '2025-03-25 22:38:36', 1, 3),
(231, 41, 8, '2025-03-27 19:00:00', 3, '2025-03-25 22:38:36', 3, '2025-03-25 22:38:36', 1, 3),
(232, 41, 8, '2025-03-27 21:00:00', 3, '2025-03-25 22:38:36', 3, '2025-03-25 22:38:36', 1, 3),
(233, 41, 8, '2025-03-28 09:00:00', 3, '2025-03-25 22:38:36', 3, '2025-03-25 22:38:36', 1, 3),
(234, 41, 8, '2025-03-28 11:00:00', 3, '2025-03-25 22:38:36', 3, '2025-03-25 22:38:36', 1, 3),
(235, 41, 8, '2025-03-28 13:00:00', 3, '2025-03-25 22:38:36', 3, '2025-03-25 22:38:36', 1, 3),
(236, 41, 8, '2025-03-28 15:00:00', 3, '2025-03-25 22:38:36', 3, '2025-03-25 22:38:36', 1, 3),
(237, 41, 8, '2025-03-28 17:00:00', 3, '2025-03-25 22:38:36', 3, '2025-03-25 22:38:36', 1, 3),
(238, 41, 8, '2025-03-28 19:00:00', 3, '2025-03-25 22:38:36', 3, '2025-03-25 22:38:36', 1, 3),
(239, 41, 8, '2025-03-28 21:00:00', 3, '2025-03-25 22:38:36', 3, '2025-03-25 22:38:36', 1, 3),
(240, 41, 8, '2025-03-29 09:00:00', 3, '2025-03-25 22:38:36', 3, '2025-03-25 22:38:36', 1, 3),
(241, 41, 8, '2025-03-29 11:00:00', 3, '2025-03-25 22:38:36', 3, '2025-03-25 22:38:36', 1, 3),
(242, 41, 8, '2025-03-29 13:00:00', 3, '2025-03-25 22:38:36', 3, '2025-03-25 22:38:36', 1, 3),
(243, 41, 8, '2025-03-29 15:00:00', 3, '2025-03-25 22:38:36', 3, '2025-03-25 22:38:36', 1, 3),
(244, 41, 8, '2025-03-29 17:00:00', 3, '2025-03-25 22:38:36', 3, '2025-03-25 22:38:36', 1, 3),
(245, 41, 8, '2025-03-29 19:00:00', 3, '2025-03-25 22:38:36', 3, '2025-03-25 22:38:36', 1, 3),
(246, 41, 8, '2025-03-29 21:00:00', 3, '2025-03-25 22:38:36', 3, '2025-03-25 22:38:36', 1, 3),
(247, 41, 8, '2025-03-30 09:00:00', 3, '2025-03-25 22:38:36', 3, '2025-03-25 22:38:36', 1, 3),
(248, 41, 8, '2025-03-30 11:00:00', 3, '2025-03-25 22:38:36', 3, '2025-03-25 22:38:36', 1, 3),
(249, 41, 8, '2025-03-30 13:00:00', 3, '2025-03-25 22:38:36', 3, '2025-03-25 22:38:36', 1, 3),
(250, 41, 8, '2025-03-30 15:00:00', 3, '2025-03-25 22:38:36', 3, '2025-03-25 22:38:36', 1, 3),
(251, 41, 8, '2025-03-30 17:00:00', 3, '2025-03-25 22:38:36', 3, '2025-03-25 22:38:36', 1, 3),
(252, 41, 8, '2025-03-30 19:00:00', 3, '2025-03-25 22:38:36', 3, '2025-03-25 22:38:36', 1, 3),
(253, 41, 8, '2025-03-30 21:00:00', 3, '2025-03-25 22:38:36', 3, '2025-03-25 22:38:36', 1, 3),
(254, 41, 8, '2025-03-31 09:00:00', 3, '2025-03-25 22:38:36', 3, '2025-03-25 22:38:36', 1, 3),
(255, 41, 8, '2025-03-31 11:00:00', 3, '2025-03-25 22:38:36', 3, '2025-03-25 22:38:36', 1, 3),
(256, 41, 8, '2025-03-31 13:00:00', 3, '2025-03-25 22:38:36', 3, '2025-03-25 22:38:36', 1, 3),
(257, 41, 8, '2025-03-31 15:00:00', 3, '2025-03-25 22:38:36', 3, '2025-03-25 22:38:36', 1, 3),
(258, 41, 8, '2025-03-31 17:00:00', 3, '2025-03-25 22:38:36', 3, '2025-03-25 22:38:36', 1, 3),
(259, 41, 8, '2025-03-31 19:00:00', 3, '2025-03-25 22:38:36', 3, '2025-03-25 22:38:36', 1, 3),
(260, 41, 8, '2025-03-31 21:00:00', 3, '2025-03-25 22:38:36', 3, '2025-03-25 22:38:36', 1, 3),
(261, 41, 8, '2025-04-01 09:00:00', 3, '2025-03-25 22:38:36', 3, '2025-03-25 22:38:36', 1, 3),
(262, 41, 8, '2025-04-01 11:00:00', 3, '2025-03-25 22:38:36', 3, '2025-03-25 22:38:36', 1, 3),
(263, 41, 8, '2025-04-01 13:00:00', 3, '2025-03-25 22:38:36', 3, '2025-03-25 22:38:36', 1, 3),
(264, 41, 8, '2025-04-01 15:00:00', 3, '2025-03-25 22:38:36', 3, '2025-03-25 22:38:36', 1, 3),
(265, 41, 8, '2025-04-01 17:00:00', 3, '2025-03-25 22:38:36', 3, '2025-03-25 22:38:36', 1, 3),
(266, 41, 8, '2025-04-01 19:00:00', 3, '2025-03-25 22:38:36', 3, '2025-03-25 22:38:36', 1, 3),
(267, 41, 8, '2025-04-01 21:00:00', 3, '2025-03-25 22:38:36', 3, '2025-03-25 22:38:36', 1, 3),
(268, 41, 8, '2025-04-02 09:00:00', 3, '2025-03-25 22:38:36', 3, '2025-03-25 22:38:36', 1, 3),
(269, 41, 8, '2025-04-02 11:00:00', 3, '2025-03-25 22:38:36', 3, '2025-03-25 22:38:36', 1, 3),
(270, 41, 8, '2025-04-02 13:00:00', 3, '2025-03-25 22:38:36', 3, '2025-03-25 22:38:36', 1, 3),
(271, 41, 8, '2025-04-02 15:00:00', 3, '2025-03-25 22:38:36', 3, '2025-03-25 22:38:36', 1, 3),
(272, 41, 8, '2025-04-02 17:00:00', 3, '2025-03-25 22:38:36', 3, '2025-03-25 22:38:36', 1, 3),
(273, 41, 8, '2025-04-02 19:00:00', 3, '2025-03-25 22:38:36', 3, '2025-03-25 22:38:36', 1, 3),
(274, 41, 8, '2025-04-02 21:00:00', 3, '2025-03-25 22:38:36', 3, '2025-03-25 22:38:36', 1, 3),
(275, 41, 8, '2025-04-03 09:00:00', 3, '2025-03-25 22:38:36', 3, '2025-03-25 22:38:36', 1, 3),
(276, 41, 8, '2025-04-03 11:00:00', 3, '2025-03-25 22:38:36', 3, '2025-03-25 22:38:36', 1, 3),
(277, 41, 8, '2025-04-03 13:00:00', 3, '2025-03-25 22:38:36', 3, '2025-03-25 22:38:36', 1, 3),
(278, 41, 8, '2025-04-03 15:00:00', 3, '2025-03-25 22:38:36', 3, '2025-03-25 22:38:36', 1, 3),
(279, 41, 8, '2025-04-03 17:00:00', 3, '2025-03-25 22:38:36', 3, '2025-03-25 22:38:36', 1, 3),
(280, 41, 8, '2025-04-03 19:00:00', 3, '2025-03-25 22:38:36', 3, '2025-03-25 22:38:36', 1, 3),
(281, 41, 8, '2025-04-03 21:00:00', 3, '2025-03-25 22:38:36', 3, '2025-03-25 22:38:36', 1, 3),
(282, 41, 8, '2025-04-04 09:00:00', 3, '2025-03-25 22:38:36', 3, '2025-03-25 22:38:36', 1, 3),
(283, 41, 8, '2025-04-04 11:00:00', 3, '2025-03-25 22:38:36', 3, '2025-03-25 22:38:36', 1, 3),
(284, 41, 8, '2025-04-04 13:00:00', 3, '2025-03-25 22:38:36', 3, '2025-03-25 22:38:36', 1, 3),
(285, 41, 8, '2025-04-04 15:00:00', 3, '2025-03-25 22:38:36', 3, '2025-03-25 22:38:36', 1, 3),
(286, 41, 8, '2025-04-04 17:00:00', 3, '2025-03-25 22:38:36', 3, '2025-03-25 22:38:36', 1, 3),
(287, 41, 8, '2025-04-04 19:00:00', 3, '2025-03-25 22:38:36', 3, '2025-03-25 22:38:36', 1, 3),
(288, 41, 8, '2025-04-04 21:00:00', 3, '2025-03-25 22:38:36', 3, '2025-03-25 22:38:36', 1, 3),
(289, 41, 8, '2025-04-05 09:00:00', 3, '2025-03-25 22:38:36', 3, '2025-03-25 22:38:36', 1, 3),
(290, 41, 8, '2025-04-05 11:00:00', 3, '2025-03-25 22:38:36', 3, '2025-03-25 22:38:36', 1, 3),
(291, 41, 8, '2025-04-05 13:00:00', 3, '2025-03-25 22:38:36', 3, '2025-03-25 22:38:36', 1, 3),
(292, 41, 8, '2025-04-05 15:00:00', 3, '2025-03-25 22:38:36', 3, '2025-03-25 22:38:36', 1, 3),
(293, 41, 8, '2025-04-05 17:00:00', 3, '2025-03-25 22:38:36', 3, '2025-03-25 22:38:36', 1, 3),
(294, 41, 8, '2025-04-05 19:00:00', 3, '2025-03-25 22:38:36', 3, '2025-03-25 22:38:36', 1, 3),
(295, 41, 8, '2025-04-05 21:00:00', 3, '2025-03-25 22:38:36', 3, '2025-03-25 22:38:36', 1, 3),
(296, 41, 8, '2025-04-06 09:00:00', 3, '2025-03-25 22:38:36', 3, '2025-03-25 22:38:36', 1, 3),
(297, 41, 8, '2025-04-06 11:00:00', 3, '2025-03-25 22:38:36', 3, '2025-03-25 22:38:36', 1, 3),
(298, 41, 8, '2025-04-06 13:00:00', 3, '2025-03-25 22:38:36', 3, '2025-03-25 22:38:36', 1, 3),
(299, 41, 8, '2025-04-06 15:00:00', 3, '2025-03-25 22:38:36', 3, '2025-03-25 22:38:36', 1, 3),
(300, 41, 8, '2025-04-06 17:00:00', 3, '2025-03-25 22:38:36', 3, '2025-03-25 22:38:36', 1, 3),
(301, 41, 8, '2025-04-06 19:00:00', 3, '2025-03-25 22:38:36', 3, '2025-03-25 22:38:36', 1, 3),
(302, 41, 8, '2025-04-06 21:00:00', 3, '2025-03-25 22:38:36', 3, '2025-03-25 22:38:36', 1, 3),
(303, 41, 8, '2025-04-07 09:00:00', 3, '2025-03-25 22:38:36', 3, '2025-03-25 22:38:36', 1, 3),
(304, 41, 8, '2025-04-07 11:00:00', 3, '2025-03-25 22:38:36', 3, '2025-03-25 22:38:36', 1, 3),
(305, 41, 8, '2025-04-07 13:00:00', 3, '2025-03-25 22:38:36', 3, '2025-03-25 22:38:36', 1, 3),
(306, 41, 8, '2025-04-07 15:00:00', 3, '2025-03-25 22:38:36', 3, '2025-03-25 22:38:36', 1, 3),
(307, 41, 8, '2025-04-07 17:00:00', 3, '2025-03-25 22:38:36', 3, '2025-03-25 22:38:36', 1, 3),
(308, 41, 8, '2025-04-07 19:00:00', 3, '2025-03-25 22:38:36', 3, '2025-03-25 22:38:36', 1, 3),
(309, 41, 8, '2025-04-07 21:00:00', 3, '2025-03-25 22:38:36', 3, '2025-03-25 22:38:36', 1, 3),
(310, 41, 8, '2025-04-08 09:00:00', 3, '2025-03-25 22:38:36', 3, '2025-03-25 22:38:36', 1, 3),
(311, 41, 8, '2025-04-08 11:00:00', 3, '2025-03-25 22:38:36', 3, '2025-03-25 22:38:36', 1, 3),
(312, 41, 8, '2025-04-08 13:00:00', 3, '2025-03-25 22:38:36', 3, '2025-03-25 22:38:36', 1, 3),
(313, 41, 8, '2025-04-08 15:00:00', 3, '2025-03-25 22:38:36', 3, '2025-03-25 22:38:36', 1, 3),
(314, 41, 8, '2025-04-08 17:00:00', 3, '2025-03-25 22:38:36', 3, '2025-03-25 22:38:36', 1, 3),
(315, 41, 8, '2025-04-08 19:00:00', 3, '2025-03-25 22:38:36', 3, '2025-03-25 22:38:36', 1, 3),
(316, 41, 8, '2025-04-08 21:00:00', 3, '2025-03-25 22:38:36', 3, '2025-03-25 22:38:36', 1, 3),
(317, 41, 8, '2025-04-09 09:00:00', 3, '2025-03-25 22:38:36', 3, '2025-03-25 22:38:36', 1, 3),
(318, 41, 8, '2025-04-09 11:00:00', 3, '2025-03-25 22:38:36', 3, '2025-03-25 22:38:36', 1, 3),
(319, 41, 8, '2025-04-09 13:00:00', 3, '2025-03-25 22:38:36', 3, '2025-03-25 22:38:36', 1, 3),
(320, 41, 8, '2025-04-09 15:00:00', 3, '2025-03-25 22:38:36', 3, '2025-03-25 22:38:36', 1, 3),
(321, 41, 8, '2025-04-09 17:00:00', 3, '2025-03-25 22:38:36', 3, '2025-03-25 22:38:36', 1, 3),
(322, 41, 8, '2025-04-09 19:00:00', 3, '2025-03-25 22:38:36', 3, '2025-03-25 22:38:36', 1, 3),
(323, 41, 8, '2025-04-09 21:00:00', 3, '2025-03-25 22:38:36', 3, '2025-03-25 22:38:36', 1, 3),
(324, 41, 8, '2025-04-10 09:00:00', 3, '2025-03-25 22:38:36', 3, '2025-03-25 22:38:36', 1, 3),
(325, 41, 8, '2025-04-10 11:00:00', 3, '2025-03-25 22:38:36', 3, '2025-03-25 22:38:36', 1, 3),
(326, 41, 8, '2025-04-10 13:00:00', 3, '2025-03-25 22:38:36', 3, '2025-03-25 22:38:36', 1, 3),
(327, 41, 8, '2025-04-10 15:00:00', 3, '2025-03-25 22:38:36', 3, '2025-03-25 22:38:36', 1, 3),
(328, 41, 8, '2025-04-10 17:00:00', 3, '2025-03-25 22:38:36', 3, '2025-03-25 22:38:36', 1, 3),
(329, 41, 8, '2025-04-10 19:00:00', 3, '2025-03-25 22:38:36', 3, '2025-03-25 22:38:36', 1, 3),
(330, 41, 8, '2025-04-10 21:00:00', 3, '2025-03-25 22:38:36', 3, '2025-03-25 22:38:36', 1, 3),
(331, 41, 8, '2025-04-11 09:00:00', 3, '2025-03-25 22:38:36', 3, '2025-03-25 22:38:36', 1, 3),
(332, 41, 8, '2025-04-11 11:00:00', 3, '2025-03-25 22:38:36', 3, '2025-03-25 22:38:36', 1, 3),
(333, 41, 8, '2025-04-11 13:00:00', 3, '2025-03-25 22:38:36', 3, '2025-03-25 22:38:36', 1, 3),
(334, 41, 8, '2025-04-11 15:00:00', 3, '2025-03-25 22:38:36', 3, '2025-03-25 22:38:36', 1, 3),
(335, 41, 8, '2025-04-11 17:00:00', 3, '2025-03-25 22:38:36', 3, '2025-03-25 22:38:36', 1, 3),
(336, 41, 8, '2025-04-11 19:00:00', 3, '2025-03-25 22:38:36', 3, '2025-03-25 22:38:36', 1, 3),
(337, 41, 8, '2025-04-11 21:00:00', 3, '2025-03-25 22:38:36', 3, '2025-03-25 22:38:36', 1, 3),
(338, 41, 7, '2025-03-25 08:00:00', 3, '2025-03-25 22:51:41', 3, '2025-03-25 22:51:41', 1, 3),
(339, 41, 7, '2025-03-25 09:00:00', 3, '2025-03-25 22:51:42', 3, '2025-03-25 22:51:42', 1, 3),
(340, 41, 7, '2025-03-25 10:00:00', 3, '2025-03-25 22:51:42', 3, '2025-03-25 22:51:42', 1, 3),
(341, 41, 7, '2025-03-25 11:00:00', 3, '2025-03-25 22:51:42', 3, '2025-03-25 22:51:42', 1, 3),
(342, 41, 7, '2025-03-25 12:00:00', 3, '2025-03-25 22:51:42', 3, '2025-03-25 22:51:42', 1, 3),
(343, 41, 7, '2025-03-25 13:00:00', 3, '2025-03-25 22:51:42', 3, '2025-03-25 22:51:42', 1, 3),
(344, 41, 7, '2025-03-25 14:00:00', 3, '2025-03-25 22:51:42', 3, '2025-03-25 22:51:42', 1, 3),
(345, 41, 7, '2025-03-25 15:00:00', 3, '2025-03-25 22:51:42', 3, '2025-03-25 22:51:42', 1, 3),
(346, 41, 7, '2025-03-25 16:00:00', 3, '2025-03-25 22:51:42', 3, '2025-03-25 22:51:42', 1, 3),
(347, 41, 7, '2025-03-25 17:00:00', 3, '2025-03-25 22:51:42', 3, '2025-03-25 22:51:42', 1, 3),
(348, 41, 7, '2025-03-25 18:00:00', 3, '2025-03-25 22:51:42', 3, '2025-03-25 22:51:42', 1, 3),
(349, 41, 7, '2025-03-25 19:00:00', 3, '2025-03-25 22:51:42', 3, '2025-03-25 22:51:42', 1, 3),
(350, 41, 7, '2025-03-25 20:00:00', 3, '2025-03-25 22:51:42', 3, '2025-03-25 22:51:42', 1, 3),
(351, 41, 7, '2025-03-25 21:00:00', 3, '2025-03-25 22:51:42', 3, '2025-03-25 22:51:42', 1, 3),
(352, 41, 7, '2025-03-25 22:00:00', 3, '2025-03-25 22:51:42', 3, '2025-03-25 22:51:42', 1, 3),
(353, 41, 7, '2025-03-26 08:00:00', 3, '2025-03-25 22:51:42', 3, '2025-03-25 22:51:42', 1, 3),
(354, 41, 7, '2025-03-26 09:00:00', 3, '2025-03-25 22:51:42', 3, '2025-03-25 22:51:42', 1, 3),
(355, 41, 7, '2025-03-26 10:00:00', 3, '2025-03-25 22:51:42', 3, '2025-03-25 22:51:42', 1, 3),
(356, 41, 7, '2025-03-26 11:00:00', 3, '2025-03-25 22:51:42', 3, '2025-03-25 22:51:42', 1, 3),
(357, 41, 7, '2025-03-26 12:00:00', 3, '2025-03-25 22:51:42', 3, '2025-03-25 22:51:42', 1, 3),
(358, 41, 7, '2025-03-26 13:00:00', 3, '2025-03-25 22:51:42', 3, '2025-03-25 22:51:42', 1, 3),
(359, 41, 7, '2025-03-26 14:00:00', 3, '2025-03-25 22:51:42', 3, '2025-03-25 22:51:42', 1, 3),
(360, 41, 7, '2025-03-26 15:00:00', 3, '2025-03-25 22:51:42', 3, '2025-03-25 22:51:42', 1, 3),
(361, 41, 7, '2025-03-26 16:00:00', 3, '2025-03-25 22:51:42', 3, '2025-03-25 22:51:42', 1, 3),
(362, 41, 7, '2025-03-26 17:00:00', 3, '2025-03-25 22:51:42', 3, '2025-03-25 22:51:42', 1, 3),
(363, 41, 7, '2025-03-26 18:00:00', 3, '2025-03-25 22:51:42', 3, '2025-03-25 22:51:42', 1, 3),
(364, 41, 7, '2025-03-26 19:00:00', 3, '2025-03-25 22:51:42', 3, '2025-03-25 22:51:42', 1, 3),
(365, 41, 7, '2025-03-26 20:00:00', 3, '2025-03-25 22:51:42', 3, '2025-03-25 22:51:42', 1, 3),
(366, 41, 7, '2025-03-26 21:00:00', 3, '2025-03-25 22:51:42', 3, '2025-03-25 22:51:42', 1, 3),
(367, 41, 7, '2025-03-26 22:00:00', 3, '2025-03-25 22:51:42', 3, '2025-03-25 22:51:42', 1, 3),
(368, 41, 7, '2025-03-27 08:00:00', 3, '2025-03-25 22:51:42', 3, '2025-03-25 22:51:42', 1, 3),
(369, 41, 7, '2025-03-27 09:00:00', 3, '2025-03-25 22:51:42', 3, '2025-03-25 22:51:42', 1, 3),
(370, 41, 7, '2025-03-27 10:00:00', 3, '2025-03-25 22:51:42', 3, '2025-03-25 22:51:42', 1, 3),
(371, 41, 7, '2025-03-27 11:00:00', 3, '2025-03-25 22:51:42', 3, '2025-03-25 22:51:42', 1, 3),
(372, 41, 7, '2025-03-27 12:00:00', 3, '2025-03-25 22:51:42', 3, '2025-03-25 22:51:42', 1, 3),
(373, 41, 7, '2025-03-27 13:00:00', 3, '2025-03-25 22:51:42', 3, '2025-03-25 22:51:42', 1, 3),
(374, 41, 7, '2025-03-27 14:00:00', 3, '2025-03-25 22:51:42', 3, '2025-03-25 22:51:42', 1, 3),
(375, 41, 7, '2025-03-27 15:00:00', 3, '2025-03-25 22:51:42', 3, '2025-03-25 22:51:42', 1, 3),
(376, 41, 7, '2025-03-27 16:00:00', 3, '2025-03-25 22:51:42', 3, '2025-03-25 22:51:42', 1, 3),
(377, 41, 7, '2025-03-27 17:00:00', 3, '2025-03-25 22:51:42', 3, '2025-03-25 22:51:42', 1, 3),
(378, 41, 7, '2025-03-27 18:00:00', 3, '2025-03-25 22:51:42', 3, '2025-03-25 22:51:42', 1, 3),
(379, 41, 7, '2025-03-27 19:00:00', 3, '2025-03-25 22:51:42', 3, '2025-03-25 22:51:42', 1, 3),
(380, 41, 7, '2025-03-27 20:00:00', 3, '2025-03-25 22:51:42', 3, '2025-03-25 22:51:42', 1, 3),
(381, 41, 7, '2025-03-27 21:00:00', 3, '2025-03-25 22:51:42', 3, '2025-03-25 22:51:42', 1, 3),
(382, 41, 7, '2025-03-27 22:00:00', 3, '2025-03-25 22:51:42', 3, '2025-03-25 22:51:42', 1, 3),
(383, 41, 7, '2025-03-28 08:00:00', 3, '2025-03-25 22:51:42', 3, '2025-03-25 22:51:42', 1, 3),
(384, 41, 7, '2025-03-28 09:00:00', 3, '2025-03-25 22:51:42', 3, '2025-03-25 22:51:42', 1, 3),
(385, 41, 7, '2025-03-28 10:00:00', 3, '2025-03-25 22:51:42', 3, '2025-03-25 22:51:42', 1, 3),
(386, 41, 7, '2025-03-28 11:00:00', 3, '2025-03-25 22:51:42', 3, '2025-03-25 22:51:42', 1, 3),
(387, 41, 7, '2025-03-28 12:00:00', 3, '2025-03-25 22:51:42', 3, '2025-03-25 22:51:42', 1, 3),
(388, 41, 7, '2025-03-28 13:00:00', 3, '2025-03-25 22:51:42', 3, '2025-03-25 22:51:42', 1, 3),
(389, 41, 7, '2025-03-28 14:00:00', 3, '2025-03-25 22:51:42', 3, '2025-03-25 22:51:42', 1, 3),
(390, 41, 7, '2025-03-28 15:00:00', 3, '2025-03-25 22:51:42', 3, '2025-03-25 22:51:42', 1, 3),
(391, 41, 7, '2025-03-28 16:00:00', 3, '2025-03-25 22:51:42', 3, '2025-03-25 22:51:42', 1, 3),
(392, 41, 7, '2025-03-28 17:00:00', 3, '2025-03-25 22:51:42', 3, '2025-03-25 22:51:42', 1, 3),
(393, 41, 7, '2025-03-28 18:00:00', 3, '2025-03-25 22:51:42', 3, '2025-03-25 22:51:42', 1, 3),
(394, 41, 7, '2025-03-28 19:00:00', 3, '2025-03-25 22:51:42', 3, '2025-03-25 22:51:42', 1, 3),
(395, 41, 7, '2025-03-28 20:00:00', 3, '2025-03-25 22:51:42', 3, '2025-03-25 22:51:42', 1, 3),
(396, 41, 7, '2025-03-28 21:00:00', 3, '2025-03-25 22:51:42', 3, '2025-03-25 22:51:42', 1, 3),
(397, 41, 7, '2025-03-28 22:00:00', 3, '2025-03-25 22:51:42', 3, '2025-03-25 22:51:42', 1, 3),
(398, 41, 7, '2025-03-29 08:00:00', 3, '2025-03-25 22:51:42', 3, '2025-03-25 22:51:42', 1, 3),
(399, 41, 7, '2025-03-29 09:00:00', 3, '2025-03-25 22:51:42', 3, '2025-03-25 22:51:42', 1, 3),
(400, 41, 7, '2025-03-29 10:00:00', 3, '2025-03-25 22:51:42', 3, '2025-03-25 22:51:42', 1, 3),
(401, 41, 7, '2025-03-29 11:00:00', 3, '2025-03-25 22:51:42', 3, '2025-03-25 22:51:42', 1, 3),
(402, 41, 7, '2025-03-29 12:00:00', 3, '2025-03-25 22:51:42', 3, '2025-03-25 22:51:42', 1, 3),
(403, 41, 7, '2025-03-29 13:00:00', 3, '2025-03-25 22:51:42', 3, '2025-03-25 22:51:42', 1, 3),
(404, 41, 7, '2025-03-29 14:00:00', 3, '2025-03-25 22:51:42', 3, '2025-03-25 22:51:42', 1, 3),
(405, 41, 7, '2025-03-29 15:00:00', 3, '2025-03-25 22:51:42', 3, '2025-03-25 22:51:42', 1, 3),
(406, 41, 7, '2025-03-29 16:00:00', 3, '2025-03-25 22:51:42', 3, '2025-03-25 22:51:42', 1, 3),
(407, 41, 7, '2025-03-29 17:00:00', 3, '2025-03-25 22:51:42', 3, '2025-03-25 22:51:42', 1, 3),
(408, 41, 7, '2025-03-29 18:00:00', 3, '2025-03-25 22:51:42', 3, '2025-03-25 22:51:42', 1, 3),
(409, 41, 7, '2025-03-29 19:00:00', 3, '2025-03-25 22:51:42', 3, '2025-03-25 22:51:42', 1, 3),
(410, 41, 7, '2025-03-29 20:00:00', 3, '2025-03-25 22:51:42', 3, '2025-03-25 22:51:42', 1, 3),
(411, 41, 7, '2025-03-29 21:00:00', 3, '2025-03-25 22:51:42', 3, '2025-03-25 22:51:42', 1, 3),
(412, 41, 7, '2025-03-29 22:00:00', 3, '2025-03-25 22:51:42', 3, '2025-03-25 22:51:42', 1, 3),
(413, 41, 7, '2025-03-30 08:00:00', 3, '2025-03-25 22:51:42', 3, '2025-03-25 22:51:42', 1, 3),
(414, 41, 7, '2025-03-30 09:00:00', 3, '2025-03-25 22:51:42', 3, '2025-03-25 22:51:42', 1, 3),
(415, 41, 7, '2025-03-30 10:00:00', 3, '2025-03-25 22:51:42', 3, '2025-03-25 22:51:42', 1, 3),
(416, 41, 7, '2025-03-30 11:00:00', 3, '2025-03-25 22:51:42', 3, '2025-03-25 22:51:42', 1, 3),
(417, 41, 7, '2025-03-30 12:00:00', 3, '2025-03-25 22:51:42', 3, '2025-03-25 22:51:42', 1, 3),
(418, 41, 7, '2025-03-30 13:00:00', 3, '2025-03-25 22:51:42', 3, '2025-03-25 22:51:42', 1, 3),
(419, 41, 7, '2025-03-30 14:00:00', 3, '2025-03-25 22:51:42', 3, '2025-03-25 22:51:42', 1, 3),
(420, 41, 7, '2025-03-30 15:00:00', 3, '2025-03-25 22:51:42', 3, '2025-03-25 22:51:42', 1, 3),
(421, 41, 7, '2025-03-30 16:00:00', 3, '2025-03-25 22:51:42', 3, '2025-03-25 22:51:42', 1, 3),
(422, 41, 7, '2025-03-30 17:00:00', 3, '2025-03-25 22:51:42', 3, '2025-03-25 22:51:42', 1, 3),
(423, 41, 7, '2025-03-30 18:00:00', 3, '2025-03-25 22:51:42', 3, '2025-03-25 22:51:42', 1, 3),
(424, 41, 7, '2025-03-30 19:00:00', 3, '2025-03-25 22:51:42', 3, '2025-03-25 22:51:42', 1, 3),
(425, 41, 7, '2025-03-30 20:00:00', 3, '2025-03-25 22:51:42', 3, '2025-03-25 22:51:42', 1, 3),
(426, 41, 7, '2025-03-30 21:00:00', 3, '2025-03-25 22:51:42', 3, '2025-03-25 22:51:42', 1, 3),
(427, 41, 7, '2025-03-30 22:00:00', 3, '2025-03-25 22:51:42', 3, '2025-03-25 22:51:42', 1, 3),
(428, 41, 7, '2025-03-31 08:00:00', 3, '2025-03-25 22:51:42', 3, '2025-03-25 22:51:42', 1, 3),
(429, 41, 7, '2025-03-31 09:00:00', 3, '2025-03-25 22:51:42', 3, '2025-03-25 22:51:42', 1, 3),
(430, 41, 7, '2025-03-31 10:00:00', 3, '2025-03-25 22:51:42', 3, '2025-03-25 22:51:42', 1, 3),
(431, 41, 7, '2025-03-31 11:00:00', 3, '2025-03-25 22:51:42', 3, '2025-03-25 22:51:42', 1, 3),
(432, 41, 7, '2025-03-31 12:00:00', 3, '2025-03-25 22:51:42', 3, '2025-03-25 22:51:42', 1, 3),
(433, 41, 7, '2025-03-31 13:00:00', 3, '2025-03-25 22:51:42', 3, '2025-03-25 22:51:42', 1, 3),
(434, 41, 7, '2025-03-31 14:00:00', 3, '2025-03-25 22:51:42', 3, '2025-03-25 22:51:42', 1, 3),
(435, 41, 7, '2025-03-31 15:00:00', 3, '2025-03-25 22:51:42', 3, '2025-03-25 22:51:42', 1, 3),
(436, 41, 7, '2025-03-31 16:00:00', 3, '2025-03-25 22:51:42', 3, '2025-03-25 22:51:42', 1, 3),
(437, 41, 7, '2025-03-31 17:00:00', 3, '2025-03-25 22:51:42', 3, '2025-03-25 22:51:42', 1, 3),
(438, 41, 7, '2025-03-31 18:00:00', 3, '2025-03-25 22:51:42', 3, '2025-03-25 22:51:42', 1, 3),
(439, 41, 7, '2025-03-31 19:00:00', 3, '2025-03-25 22:51:42', 3, '2025-03-25 22:51:42', 1, 3),
(440, 41, 7, '2025-03-31 20:00:00', 3, '2025-03-25 22:51:42', 3, '2025-03-25 22:51:42', 1, 3),
(441, 41, 7, '2025-03-31 21:00:00', 3, '2025-03-25 22:51:42', 3, '2025-03-25 22:51:42', 1, 3),
(442, 41, 7, '2025-03-31 22:00:00', 3, '2025-03-25 22:51:42', 3, '2025-03-25 22:51:42', 1, 3),
(443, 41, 7, '2025-04-01 08:00:00', 3, '2025-03-25 22:51:42', 3, '2025-03-25 22:51:42', 1, 3),
(444, 41, 7, '2025-04-01 09:00:00', 3, '2025-03-25 22:51:42', 3, '2025-03-25 22:51:42', 1, 3),
(445, 41, 7, '2025-04-01 10:00:00', 3, '2025-03-25 22:51:42', 3, '2025-03-25 22:51:42', 1, 3),
(446, 41, 7, '2025-04-01 11:00:00', 3, '2025-03-25 22:51:42', 3, '2025-03-25 22:51:42', 1, 3),
(447, 41, 7, '2025-04-01 12:00:00', 3, '2025-03-25 22:51:42', 3, '2025-03-25 22:51:42', 1, 3),
(448, 41, 7, '2025-04-01 13:00:00', 3, '2025-03-25 22:51:42', 3, '2025-03-25 22:51:42', 1, 3),
(449, 41, 7, '2025-04-01 14:00:00', 3, '2025-03-25 22:51:42', 3, '2025-03-25 22:51:42', 1, 3),
(450, 41, 7, '2025-04-01 15:00:00', 3, '2025-03-25 22:51:42', 3, '2025-03-25 22:51:42', 1, 3),
(451, 41, 7, '2025-04-01 16:00:00', 3, '2025-03-25 22:51:42', 3, '2025-03-25 22:51:42', 1, 3),
(452, 41, 7, '2025-04-01 17:00:00', 3, '2025-03-25 22:51:42', 3, '2025-03-25 22:51:42', 1, 3),
(453, 41, 7, '2025-04-01 18:00:00', 3, '2025-03-25 22:51:42', 3, '2025-03-25 22:51:42', 1, 3),
(454, 41, 7, '2025-04-01 19:00:00', 3, '2025-03-25 22:51:42', 3, '2025-03-25 22:51:42', 1, 3),
(455, 41, 7, '2025-04-01 20:00:00', 3, '2025-03-25 22:51:42', 3, '2025-03-25 22:51:42', 1, 3),
(456, 41, 7, '2025-04-01 21:00:00', 3, '2025-03-25 22:51:42', 3, '2025-03-25 22:51:42', 1, 3),
(457, 41, 7, '2025-04-01 22:00:00', 3, '2025-03-25 22:51:42', 3, '2025-03-25 22:51:42', 1, 3),
(458, 41, 7, '2025-04-02 08:00:00', 3, '2025-03-25 22:51:42', 3, '2025-03-25 22:51:42', 1, 3),
(459, 41, 7, '2025-04-02 09:00:00', 3, '2025-03-25 22:51:42', 3, '2025-03-25 22:51:42', 1, 3),
(460, 41, 7, '2025-04-02 10:00:00', 3, '2025-03-25 22:51:42', 3, '2025-03-25 22:51:42', 1, 3),
(461, 41, 7, '2025-04-02 11:00:00', 3, '2025-03-25 22:51:42', 3, '2025-03-25 22:51:42', 1, 3),
(462, 41, 7, '2025-04-02 12:00:00', 3, '2025-03-25 22:51:42', 3, '2025-03-25 22:51:42', 1, 3),
(463, 41, 7, '2025-04-02 13:00:00', 3, '2025-03-25 22:51:42', 3, '2025-03-25 22:51:42', 1, 3),
(464, 41, 7, '2025-04-02 14:00:00', 3, '2025-03-25 22:51:42', 3, '2025-03-25 22:51:42', 1, 3),
(465, 41, 7, '2025-04-02 15:00:00', 3, '2025-03-25 22:51:42', 3, '2025-03-25 22:51:42', 1, 3),
(466, 41, 7, '2025-04-02 16:00:00', 3, '2025-03-25 22:51:42', 3, '2025-03-25 22:51:42', 1, 3),
(467, 41, 7, '2025-04-02 17:00:00', 3, '2025-03-25 22:51:42', 3, '2025-03-25 22:51:42', 1, 3),
(468, 41, 7, '2025-04-02 18:00:00', 3, '2025-03-25 22:51:42', 3, '2025-03-25 22:51:42', 1, 3),
(469, 41, 7, '2025-04-02 19:00:00', 3, '2025-03-25 22:51:42', 3, '2025-03-25 22:51:42', 1, 3),
(470, 41, 7, '2025-04-02 20:00:00', 3, '2025-03-25 22:51:42', 3, '2025-03-25 22:51:42', 1, 3),
(471, 41, 7, '2025-04-02 21:00:00', 3, '2025-03-25 22:51:42', 3, '2025-03-25 22:51:42', 1, 3),
(472, 41, 7, '2025-04-02 22:00:00', 3, '2025-03-25 22:51:42', 3, '2025-03-25 22:51:42', 1, 3),
(473, 41, 7, '2025-04-03 08:00:00', 3, '2025-03-25 22:51:42', 3, '2025-03-25 22:51:42', 1, 3),
(474, 41, 7, '2025-04-03 09:00:00', 3, '2025-03-25 22:51:42', 3, '2025-03-25 22:51:42', 1, 3),
(475, 41, 7, '2025-04-03 10:00:00', 3, '2025-03-25 22:51:42', 3, '2025-03-25 22:51:42', 1, 3),
(476, 41, 7, '2025-04-03 11:00:00', 3, '2025-03-25 22:51:42', 3, '2025-03-25 22:51:42', 1, 3),
(477, 41, 7, '2025-04-03 12:00:00', 3, '2025-03-25 22:51:42', 3, '2025-03-25 22:51:42', 1, 3),
(478, 41, 7, '2025-04-03 13:00:00', 3, '2025-03-25 22:51:42', 3, '2025-03-25 22:51:42', 1, 3),
(479, 41, 7, '2025-04-03 14:00:00', 3, '2025-03-25 22:51:42', 3, '2025-03-25 22:51:42', 1, 3),
(480, 41, 7, '2025-04-03 15:00:00', 3, '2025-03-25 22:51:42', 3, '2025-03-25 22:51:42', 1, 3),
(481, 41, 7, '2025-04-03 16:00:00', 3, '2025-03-25 22:51:42', 3, '2025-03-25 22:51:42', 1, 3),
(482, 41, 7, '2025-04-03 17:00:00', 3, '2025-03-25 22:51:42', 3, '2025-03-25 22:51:42', 1, 3),
(483, 41, 7, '2025-04-03 18:00:00', 3, '2025-03-25 22:51:42', 3, '2025-03-25 22:51:42', 1, 3),
(484, 41, 7, '2025-04-03 19:00:00', 3, '2025-03-25 22:51:42', 3, '2025-03-25 22:51:42', 1, 3),
(485, 41, 7, '2025-04-03 20:00:00', 3, '2025-03-25 22:51:42', 3, '2025-03-25 22:51:42', 1, 3),
(486, 41, 7, '2025-04-03 21:00:00', 3, '2025-03-25 22:51:42', 3, '2025-03-25 22:51:42', 1, 3),
(487, 41, 7, '2025-04-03 22:00:00', 3, '2025-03-25 22:51:42', 3, '2025-03-25 22:51:42', 1, 3),
(488, 41, 7, '2025-04-04 08:00:00', 3, '2025-03-25 22:51:42', 3, '2025-03-25 22:51:42', 1, 3),
(489, 41, 7, '2025-04-04 09:00:00', 3, '2025-03-25 22:51:42', 3, '2025-03-25 22:51:42', 1, 3),
(490, 41, 7, '2025-04-04 10:00:00', 3, '2025-03-25 22:51:42', 3, '2025-03-25 22:51:42', 1, 3),
(491, 41, 7, '2025-04-04 11:00:00', 3, '2025-03-25 22:51:42', 3, '2025-03-25 22:51:42', 1, 3),
(492, 41, 7, '2025-04-04 12:00:00', 3, '2025-03-25 22:51:42', 3, '2025-03-25 22:51:42', 1, 3),
(493, 41, 7, '2025-04-04 13:00:00', 3, '2025-03-25 22:51:42', 3, '2025-03-25 22:51:42', 1, 3),
(494, 41, 7, '2025-04-04 14:00:00', 3, '2025-03-25 22:51:42', 3, '2025-03-25 22:51:42', 1, 3),
(495, 41, 7, '2025-04-04 15:00:00', 3, '2025-03-25 22:51:42', 3, '2025-03-25 22:51:42', 1, 3),
(496, 41, 7, '2025-04-04 16:00:00', 3, '2025-03-25 22:51:42', 3, '2025-03-25 22:51:42', 1, 3),
(497, 41, 7, '2025-04-04 17:00:00', 3, '2025-03-25 22:51:42', 3, '2025-03-25 22:51:42', 1, 3),
(498, 41, 7, '2025-04-04 18:00:00', 3, '2025-03-25 22:51:42', 3, '2025-03-25 22:51:42', 1, 3),
(499, 41, 7, '2025-04-04 19:00:00', 3, '2025-03-25 22:51:42', 3, '2025-03-25 22:51:42', 1, 3),
(500, 41, 7, '2025-04-04 20:00:00', 3, '2025-03-25 22:51:42', 3, '2025-03-25 22:51:42', 1, 3),
(501, 41, 7, '2025-04-04 21:00:00', 3, '2025-03-25 22:51:42', 3, '2025-03-25 22:51:42', 1, 3),
(502, 41, 7, '2025-04-04 22:00:00', 3, '2025-03-25 22:51:42', 3, '2025-03-25 22:51:42', 1, 3),
(503, 41, 7, '2025-04-05 08:00:00', 3, '2025-03-25 22:51:42', 3, '2025-03-25 22:51:42', 1, 3),
(504, 41, 7, '2025-04-05 09:00:00', 3, '2025-03-25 22:51:42', 3, '2025-03-25 22:51:42', 1, 3),
(505, 41, 7, '2025-04-05 10:00:00', 3, '2025-03-25 22:51:42', 3, '2025-03-25 22:51:42', 1, 3),
(506, 41, 7, '2025-04-05 11:00:00', 3, '2025-03-25 22:51:42', 3, '2025-03-25 22:51:42', 1, 3),
(507, 41, 7, '2025-04-05 12:00:00', 3, '2025-03-25 22:51:42', 3, '2025-03-25 22:51:42', 1, 3),
(508, 41, 7, '2025-04-05 13:00:00', 3, '2025-03-25 22:51:42', 3, '2025-03-25 22:51:42', 1, 3),
(509, 41, 7, '2025-04-05 14:00:00', 3, '2025-03-25 22:51:42', 3, '2025-03-25 22:51:42', 1, 3),
(510, 41, 7, '2025-04-05 15:00:00', 3, '2025-03-25 22:51:42', 3, '2025-03-25 22:51:42', 1, 3),
(511, 41, 7, '2025-04-05 16:00:00', 3, '2025-03-25 22:51:42', 3, '2025-03-25 22:51:42', 1, 3),
(512, 41, 7, '2025-04-05 17:00:00', 3, '2025-03-25 22:51:42', 3, '2025-03-25 22:51:42', 1, 3),
(513, 41, 7, '2025-04-05 18:00:00', 3, '2025-03-25 22:51:42', 3, '2025-03-25 22:51:42', 1, 3),
(514, 41, 7, '2025-04-05 19:00:00', 3, '2025-03-25 22:51:42', 3, '2025-03-25 22:51:42', 1, 3),
(515, 41, 7, '2025-04-05 20:00:00', 3, '2025-03-25 22:51:42', 3, '2025-03-25 22:51:42', 1, 3),
(516, 41, 7, '2025-04-05 21:00:00', 3, '2025-03-25 22:51:42', 3, '2025-03-25 22:51:42', 1, 3),
(517, 41, 7, '2025-04-05 22:00:00', 3, '2025-03-25 22:51:42', 3, '2025-03-25 22:51:42', 1, 3),
(518, 41, 7, '2025-04-06 08:00:00', 3, '2025-03-25 22:51:42', 3, '2025-03-25 22:51:42', 1, 3),
(519, 41, 7, '2025-04-06 09:00:00', 3, '2025-03-25 22:51:42', 3, '2025-03-25 22:51:42', 1, 3),
(520, 41, 7, '2025-04-06 10:00:00', 3, '2025-03-25 22:51:42', 3, '2025-03-25 22:51:42', 1, 3),
(521, 41, 7, '2025-04-06 11:00:00', 3, '2025-03-25 22:51:42', 3, '2025-03-25 22:51:42', 1, 3),
(522, 41, 7, '2025-04-06 12:00:00', 3, '2025-03-25 22:51:42', 3, '2025-03-25 22:51:42', 1, 3),
(523, 41, 7, '2025-04-06 13:00:00', 3, '2025-03-25 22:51:42', 3, '2025-03-25 22:51:42', 1, 3),
(524, 41, 7, '2025-04-06 14:00:00', 3, '2025-03-25 22:51:42', 3, '2025-03-25 22:51:42', 1, 3),
(525, 41, 7, '2025-04-06 15:00:00', 3, '2025-03-25 22:51:42', 3, '2025-03-25 22:51:42', 1, 3),
(526, 41, 7, '2025-04-06 16:00:00', 3, '2025-03-25 22:51:42', 3, '2025-03-25 22:51:42', 1, 3),
(527, 41, 7, '2025-04-06 17:00:00', 3, '2025-03-25 22:51:42', 3, '2025-03-25 22:51:42', 1, 3),
(528, 41, 7, '2025-04-06 18:00:00', 3, '2025-03-25 22:51:42', 3, '2025-03-25 22:51:42', 1, 3),
(529, 41, 7, '2025-04-06 19:00:00', 3, '2025-03-25 22:51:42', 3, '2025-03-25 22:51:42', 1, 3),
(530, 41, 7, '2025-04-06 20:00:00', 3, '2025-03-25 22:51:42', 3, '2025-03-25 22:51:42', 1, 3),
(531, 41, 7, '2025-04-06 21:00:00', 3, '2025-03-25 22:51:42', 3, '2025-03-25 22:51:42', 1, 3),
(532, 41, 7, '2025-04-06 22:00:00', 3, '2025-03-25 22:51:42', 3, '2025-03-25 22:51:42', 1, 3),
(533, 41, 7, '2025-04-07 08:00:00', 3, '2025-03-25 22:51:42', 3, '2025-03-25 22:51:42', 1, 3),
(534, 41, 7, '2025-04-07 09:00:00', 3, '2025-03-25 22:51:42', 3, '2025-03-25 22:51:42', 1, 3),
(535, 41, 7, '2025-04-07 10:00:00', 3, '2025-03-25 22:51:42', 3, '2025-03-25 22:51:42', 1, 3),
(536, 41, 7, '2025-04-07 11:00:00', 3, '2025-03-25 22:51:42', 3, '2025-03-25 22:51:42', 1, 3),
(537, 41, 7, '2025-04-07 12:00:00', 3, '2025-03-25 22:51:42', 3, '2025-03-25 22:51:42', 1, 3),
(538, 41, 7, '2025-04-07 13:00:00', 3, '2025-03-25 22:51:42', 3, '2025-03-25 22:51:42', 1, 3),
(539, 41, 7, '2025-04-07 14:00:00', 3, '2025-03-25 22:51:42', 3, '2025-03-25 22:51:42', 1, 3),
(540, 41, 7, '2025-04-07 15:00:00', 3, '2025-03-25 22:51:42', 3, '2025-03-25 22:51:42', 1, 3),
(541, 41, 7, '2025-04-07 16:00:00', 3, '2025-03-25 22:51:42', 3, '2025-03-25 22:51:42', 1, 3),
(542, 41, 7, '2025-04-07 17:00:00', 3, '2025-03-25 22:51:42', 3, '2025-03-25 22:51:42', 1, 3),
(543, 41, 7, '2025-04-07 18:00:00', 3, '2025-03-25 22:51:42', 3, '2025-03-25 22:51:42', 1, 3),
(544, 41, 7, '2025-04-07 19:00:00', 3, '2025-03-25 22:51:42', 3, '2025-03-25 22:51:42', 1, 3),
(545, 41, 7, '2025-04-07 20:00:00', 3, '2025-03-25 22:51:42', 3, '2025-03-25 22:51:42', 1, 3),
(546, 41, 7, '2025-04-07 21:00:00', 3, '2025-03-25 22:51:42', 3, '2025-03-25 22:51:42', 1, 3),
(547, 41, 7, '2025-04-07 22:00:00', 3, '2025-03-25 22:51:42', 3, '2025-03-25 22:51:42', 1, 3),
(548, 41, 7, '2025-04-08 08:00:00', 3, '2025-03-25 22:51:42', 3, '2025-03-25 22:51:42', 1, 3),
(549, 41, 7, '2025-04-08 09:00:00', 3, '2025-03-25 22:51:42', 3, '2025-03-25 22:51:42', 1, 3),
(550, 41, 7, '2025-04-08 10:00:00', 3, '2025-03-25 22:51:42', 3, '2025-03-25 22:51:42', 1, 3),
(551, 41, 7, '2025-04-08 11:00:00', 3, '2025-03-25 22:51:42', 3, '2025-03-25 22:51:42', 1, 3),
(552, 41, 7, '2025-04-08 12:00:00', 3, '2025-03-25 22:51:42', 3, '2025-03-25 22:51:42', 1, 3),
(553, 41, 7, '2025-04-08 13:00:00', 3, '2025-03-25 22:51:42', 3, '2025-03-25 22:51:42', 1, 3),
(554, 41, 7, '2025-04-08 14:00:00', 3, '2025-03-25 22:51:42', 3, '2025-03-25 22:51:42', 1, 3),
(555, 41, 7, '2025-04-08 15:00:00', 3, '2025-03-25 22:51:42', 3, '2025-03-25 22:51:42', 1, 3),
(556, 41, 7, '2025-04-08 16:00:00', 3, '2025-03-25 22:51:42', 3, '2025-03-25 22:51:42', 1, 3),
(557, 41, 7, '2025-04-08 17:00:00', 3, '2025-03-25 22:51:42', 3, '2025-03-25 22:51:42', 1, 3),
(558, 41, 7, '2025-04-08 18:00:00', 3, '2025-03-25 22:51:42', 3, '2025-03-25 22:51:42', 1, 3),
(559, 41, 7, '2025-04-08 19:00:00', 3, '2025-03-25 22:51:42', 3, '2025-03-25 22:51:42', 1, 3),
(560, 41, 7, '2025-04-08 20:00:00', 3, '2025-03-25 22:51:42', 3, '2025-03-25 22:51:42', 1, 3);
INSERT INTO `suatchieu` (`MaSuatChieu`, `MaPhim`, `MaPhong`, `GioChieu`, `NguoiTao`, `NgayTao`, `NguoiCapNhat`, `NgayCapNhat`, `TrangThai`, `MaRap`) VALUES
(561, 41, 7, '2025-04-08 21:00:00', 3, '2025-03-25 22:51:42', 3, '2025-03-25 22:51:42', 1, 3),
(562, 41, 7, '2025-04-08 22:00:00', 3, '2025-03-25 22:51:42', 3, '2025-03-25 22:51:42', 1, 3),
(563, 41, 7, '2025-04-09 08:00:00', 3, '2025-03-25 22:51:42', 3, '2025-03-25 22:51:42', 1, 3),
(564, 41, 7, '2025-04-09 09:00:00', 3, '2025-03-25 22:51:42', 3, '2025-03-25 22:51:42', 1, 3),
(565, 41, 7, '2025-04-09 10:00:00', 3, '2025-03-25 22:51:42', 3, '2025-03-25 22:51:42', 1, 3),
(566, 41, 7, '2025-04-09 11:00:00', 3, '2025-03-25 22:51:42', 3, '2025-03-25 22:51:42', 1, 3),
(567, 41, 7, '2025-04-09 12:00:00', 3, '2025-03-25 22:51:42', 3, '2025-03-25 22:51:42', 1, 3),
(568, 41, 7, '2025-04-09 13:00:00', 3, '2025-03-25 22:51:42', 3, '2025-03-25 22:51:42', 1, 3),
(569, 41, 7, '2025-04-09 14:00:00', 3, '2025-03-25 22:51:42', 3, '2025-03-25 22:51:42', 1, 3),
(570, 41, 7, '2025-04-09 15:00:00', 3, '2025-03-25 22:51:42', 3, '2025-03-25 22:51:42', 1, 3),
(571, 41, 7, '2025-04-09 16:00:00', 3, '2025-03-25 22:51:42', 3, '2025-03-25 22:51:42', 1, 3),
(572, 41, 7, '2025-04-09 17:00:00', 3, '2025-03-25 22:51:42', 3, '2025-03-25 22:51:42', 1, 3),
(573, 41, 7, '2025-04-09 18:00:00', 3, '2025-03-25 22:51:42', 3, '2025-03-25 22:51:42', 1, 3),
(574, 41, 7, '2025-04-09 19:00:00', 3, '2025-03-25 22:51:42', 3, '2025-03-25 22:51:42', 1, 3),
(575, 41, 7, '2025-04-09 20:00:00', 3, '2025-03-25 22:51:42', 3, '2025-03-25 22:51:42', 1, 3),
(576, 41, 7, '2025-04-09 21:00:00', 3, '2025-03-25 22:51:42', 3, '2025-03-25 22:51:42', 1, 3),
(577, 41, 7, '2025-04-09 22:00:00', 3, '2025-03-25 22:51:42', 3, '2025-03-25 22:51:42', 1, 3),
(578, 41, 7, '2025-04-10 08:00:00', 3, '2025-03-25 22:51:42', 3, '2025-03-25 22:51:42', 1, 3),
(579, 41, 7, '2025-04-10 09:00:00', 3, '2025-03-25 22:51:42', 3, '2025-03-25 22:51:42', 1, 3),
(580, 41, 7, '2025-04-10 10:00:00', 3, '2025-03-25 22:51:42', 3, '2025-03-25 22:51:42', 1, 3),
(581, 41, 7, '2025-04-10 11:00:00', 3, '2025-03-25 22:51:42', 3, '2025-03-25 22:51:42', 1, 3),
(582, 41, 7, '2025-04-10 12:00:00', 3, '2025-03-25 22:51:42', 3, '2025-03-25 22:51:42', 1, 3),
(583, 41, 7, '2025-04-10 13:00:00', 3, '2025-03-25 22:51:42', 3, '2025-03-25 22:51:42', 1, 3),
(584, 41, 7, '2025-04-10 14:00:00', 3, '2025-03-25 22:51:42', 3, '2025-03-25 22:51:42', 1, 3),
(585, 41, 7, '2025-04-10 15:00:00', 3, '2025-03-25 22:51:42', 3, '2025-03-25 22:51:42', 1, 3),
(586, 41, 7, '2025-04-10 16:00:00', 3, '2025-03-25 22:51:42', 3, '2025-03-25 22:51:42', 1, 3),
(587, 41, 7, '2025-04-10 17:00:00', 3, '2025-03-25 22:51:42', 3, '2025-03-25 22:51:42', 1, 3),
(588, 41, 7, '2025-04-10 18:00:00', 3, '2025-03-25 22:51:42', 3, '2025-03-25 22:51:42', 1, 3),
(589, 41, 7, '2025-04-10 19:00:00', 3, '2025-03-25 22:51:42', 3, '2025-03-25 22:51:42', 1, 3),
(590, 41, 7, '2025-04-10 20:00:00', 3, '2025-03-25 22:51:42', 3, '2025-03-25 22:51:42', 1, 3),
(591, 41, 7, '2025-04-10 21:00:00', 3, '2025-03-25 22:51:42', 3, '2025-03-25 22:51:42', 1, 3),
(592, 41, 7, '2025-04-10 22:00:00', 3, '2025-03-25 22:51:42', 3, '2025-03-25 22:51:42', 1, 3),
(593, 41, 7, '2025-04-11 08:00:00', 3, '2025-03-25 22:51:42', 3, '2025-03-25 22:51:42', 1, 3),
(594, 41, 7, '2025-04-11 09:00:00', 3, '2025-03-25 22:51:42', 3, '2025-03-25 22:51:42', 1, 3),
(595, 41, 7, '2025-04-11 10:00:00', 3, '2025-03-25 22:51:42', 3, '2025-03-25 22:51:42', 1, 3),
(596, 41, 7, '2025-04-11 11:00:00', 3, '2025-03-25 22:51:42', 3, '2025-03-25 22:51:42', 1, 3),
(597, 41, 7, '2025-04-11 12:00:00', 3, '2025-03-25 22:51:42', 3, '2025-03-25 22:51:42', 1, 3),
(598, 41, 7, '2025-04-11 13:00:00', 3, '2025-03-25 22:51:42', 3, '2025-03-25 22:51:42', 1, 3),
(599, 41, 7, '2025-04-11 14:00:00', 3, '2025-03-25 22:51:42', 3, '2025-03-25 22:51:42', 1, 3),
(600, 41, 7, '2025-04-11 15:00:00', 3, '2025-03-25 22:51:42', 3, '2025-03-25 22:51:42', 1, 3),
(601, 41, 7, '2025-04-11 16:00:00', 3, '2025-03-25 22:51:42', 3, '2025-03-25 22:51:42', 1, 3),
(602, 41, 7, '2025-04-11 17:00:00', 3, '2025-03-25 22:51:42', 3, '2025-03-25 22:51:42', 1, 3),
(603, 41, 7, '2025-04-11 18:00:00', 3, '2025-03-25 22:51:42', 3, '2025-03-25 22:51:42', 1, 3),
(604, 41, 7, '2025-04-11 19:00:00', 3, '2025-03-25 22:51:42', 3, '2025-03-25 22:51:42', 1, 3),
(605, 41, 7, '2025-04-11 20:00:00', 3, '2025-03-25 22:51:42', 3, '2025-03-25 22:51:42', 1, 3),
(606, 41, 7, '2025-04-11 21:00:00', 3, '2025-03-25 22:51:42', 3, '2025-03-25 22:51:42', 1, 3),
(607, 41, 7, '2025-04-11 22:00:00', 3, '2025-03-25 22:51:42', 3, '2025-03-25 22:51:42', 1, 3),
(608, 41, 6, '2025-03-25 08:00:00', 3, '2025-03-25 23:01:47', 3, '2025-03-25 23:01:47', 1, 3),
(609, 41, 6, '2025-03-25 09:00:00', 3, '2025-03-25 23:01:47', 3, '2025-03-25 23:01:47', 1, 3),
(610, 41, 6, '2025-03-25 10:00:00', 3, '2025-03-25 23:01:47', 3, '2025-03-25 23:01:47', 1, 3),
(611, 41, 6, '2025-03-25 11:00:00', 3, '2025-03-25 23:01:47', 3, '2025-03-25 23:01:47', 1, 3),
(612, 41, 6, '2025-03-25 12:00:00', 3, '2025-03-25 23:01:47', 3, '2025-03-25 23:01:47', 1, 3),
(613, 41, 6, '2025-03-25 13:00:00', 3, '2025-03-25 23:01:47', 3, '2025-03-25 23:01:47', 1, 3),
(614, 41, 6, '2025-03-25 14:00:00', 3, '2025-03-25 23:01:47', 3, '2025-03-25 23:01:47', 1, 3),
(615, 41, 6, '2025-03-25 15:00:00', 3, '2025-03-25 23:01:47', 3, '2025-03-25 23:01:47', 1, 3),
(616, 41, 6, '2025-03-25 16:00:00', 3, '2025-03-25 23:01:47', 3, '2025-03-25 23:01:47', 1, 3),
(617, 41, 6, '2025-03-25 17:00:00', 3, '2025-03-25 23:01:47', 3, '2025-03-25 23:01:47', 1, 3),
(618, 41, 6, '2025-03-25 18:00:00', 3, '2025-03-25 23:01:47', 3, '2025-03-25 23:01:47', 1, 3),
(619, 41, 6, '2025-03-25 19:00:00', 3, '2025-03-25 23:01:47', 3, '2025-03-25 23:01:47', 1, 3),
(620, 41, 6, '2025-03-25 20:00:00', 3, '2025-03-25 23:01:47', 3, '2025-03-25 23:01:47', 1, 3),
(621, 41, 6, '2025-03-25 21:00:00', 3, '2025-03-25 23:01:47', 3, '2025-03-25 23:01:47', 1, 3),
(622, 41, 6, '2025-03-25 22:00:00', 3, '2025-03-25 23:01:47', 3, '2025-03-25 23:01:47', 1, 3),
(623, 41, 6, '2025-03-26 08:00:00', 3, '2025-03-25 23:01:47', 3, '2025-03-25 23:01:47', 1, 3),
(624, 41, 6, '2025-03-26 09:00:00', 3, '2025-03-25 23:01:47', 3, '2025-03-25 23:01:47', 1, 3),
(625, 41, 6, '2025-03-26 10:00:00', 3, '2025-03-25 23:01:47', 3, '2025-03-25 23:01:47', 1, 3),
(626, 41, 6, '2025-03-26 11:00:00', 3, '2025-03-25 23:01:47', 3, '2025-03-25 23:01:47', 1, 3),
(627, 41, 6, '2025-03-26 12:00:00', 3, '2025-03-25 23:01:47', 3, '2025-03-25 23:01:47', 1, 3),
(628, 41, 6, '2025-03-26 13:00:00', 3, '2025-03-25 23:01:47', 3, '2025-03-25 23:01:47', 1, 3),
(629, 41, 6, '2025-03-26 14:00:00', 3, '2025-03-25 23:01:47', 3, '2025-03-25 23:01:47', 1, 3),
(630, 41, 6, '2025-03-26 15:00:00', 3, '2025-03-25 23:01:47', 3, '2025-03-25 23:01:47', 1, 3),
(631, 41, 6, '2025-03-26 16:00:00', 3, '2025-03-25 23:01:47', 3, '2025-03-25 23:01:47', 1, 3),
(632, 41, 6, '2025-03-26 17:00:00', 3, '2025-03-25 23:01:47', 3, '2025-03-25 23:01:47', 1, 3),
(633, 41, 6, '2025-03-26 18:00:00', 3, '2025-03-25 23:01:47', 3, '2025-03-25 23:01:47', 1, 3),
(634, 41, 6, '2025-03-26 19:00:00', 3, '2025-03-25 23:01:47', 3, '2025-03-25 23:01:47', 1, 3),
(635, 41, 6, '2025-03-26 20:00:00', 3, '2025-03-25 23:01:47', 3, '2025-03-25 23:01:47', 1, 3),
(636, 41, 6, '2025-03-26 21:00:00', 3, '2025-03-25 23:01:47', 3, '2025-03-25 23:01:47', 1, 3),
(637, 41, 6, '2025-03-26 22:00:00', 3, '2025-03-25 23:01:47', 3, '2025-03-25 23:01:47', 1, 3),
(638, 41, 6, '2025-03-27 08:00:00', 3, '2025-03-25 23:01:47', 3, '2025-03-25 23:01:47', 1, 3),
(639, 41, 6, '2025-03-27 09:00:00', 3, '2025-03-25 23:01:47', 3, '2025-03-25 23:01:47', 1, 3),
(640, 41, 6, '2025-03-27 10:00:00', 3, '2025-03-25 23:01:47', 3, '2025-03-25 23:01:47', 1, 3),
(641, 41, 6, '2025-03-27 11:00:00', 3, '2025-03-25 23:01:47', 3, '2025-03-25 23:01:47', 1, 3),
(642, 41, 6, '2025-03-27 12:00:00', 3, '2025-03-25 23:01:47', 3, '2025-03-25 23:01:47', 1, 3),
(643, 41, 6, '2025-03-27 13:00:00', 3, '2025-03-25 23:01:47', 3, '2025-03-25 23:01:47', 1, 3),
(644, 41, 6, '2025-03-27 14:00:00', 3, '2025-03-25 23:01:47', 3, '2025-03-25 23:01:47', 1, 3),
(645, 41, 6, '2025-03-27 15:00:00', 3, '2025-03-25 23:01:47', 3, '2025-03-25 23:01:47', 1, 3),
(646, 41, 6, '2025-03-27 16:00:00', 3, '2025-03-25 23:01:47', 3, '2025-03-25 23:01:47', 1, 3),
(647, 41, 6, '2025-03-27 17:00:00', 3, '2025-03-25 23:01:47', 3, '2025-03-25 23:01:47', 1, 3),
(648, 41, 6, '2025-03-27 18:00:00', 3, '2025-03-25 23:01:47', 3, '2025-03-25 23:01:47', 1, 3),
(649, 41, 6, '2025-03-27 19:00:00', 3, '2025-03-25 23:01:47', 3, '2025-03-25 23:01:47', 1, 3),
(650, 41, 6, '2025-03-27 20:00:00', 3, '2025-03-25 23:01:47', 3, '2025-03-25 23:01:47', 1, 3),
(651, 41, 6, '2025-03-27 21:00:00', 3, '2025-03-25 23:01:47', 3, '2025-03-25 23:01:47', 1, 3),
(652, 41, 6, '2025-03-27 22:00:00', 3, '2025-03-25 23:01:47', 3, '2025-03-25 23:01:47', 1, 3),
(653, 41, 6, '2025-03-28 08:00:00', 3, '2025-03-25 23:01:47', 3, '2025-03-25 23:01:47', 1, 3),
(654, 41, 6, '2025-03-28 09:00:00', 3, '2025-03-25 23:01:47', 3, '2025-03-25 23:01:47', 1, 3),
(655, 41, 6, '2025-03-28 10:00:00', 3, '2025-03-25 23:01:47', 3, '2025-03-25 23:01:47', 1, 3),
(656, 41, 6, '2025-03-28 11:00:00', 3, '2025-03-25 23:01:47', 3, '2025-03-25 23:01:47', 1, 3),
(657, 41, 6, '2025-03-28 12:00:00', 3, '2025-03-25 23:01:47', 3, '2025-03-25 23:01:47', 1, 3),
(658, 41, 6, '2025-03-28 13:00:00', 3, '2025-03-25 23:01:47', 3, '2025-03-25 23:01:47', 1, 3),
(659, 41, 6, '2025-03-28 14:00:00', 3, '2025-03-25 23:01:47', 3, '2025-03-25 23:01:47', 1, 3),
(660, 41, 6, '2025-03-28 15:00:00', 3, '2025-03-25 23:01:47', 3, '2025-03-25 23:01:47', 1, 3),
(661, 41, 6, '2025-03-28 16:00:00', 3, '2025-03-25 23:01:47', 3, '2025-03-25 23:01:47', 1, 3),
(662, 41, 6, '2025-03-28 17:00:00', 3, '2025-03-25 23:01:47', 3, '2025-03-25 23:01:47', 1, 3),
(663, 41, 6, '2025-03-28 18:00:00', 3, '2025-03-25 23:01:47', 3, '2025-03-25 23:01:47', 1, 3),
(664, 41, 6, '2025-03-28 19:00:00', 3, '2025-03-25 23:01:47', 3, '2025-03-25 23:01:47', 1, 3),
(665, 41, 6, '2025-03-28 20:00:00', 3, '2025-03-25 23:01:47', 3, '2025-03-25 23:01:47', 1, 3),
(666, 41, 6, '2025-03-28 21:00:00', 3, '2025-03-25 23:01:47', 3, '2025-03-25 23:01:47', 1, 3),
(667, 41, 6, '2025-03-28 22:00:00', 3, '2025-03-25 23:01:47', 3, '2025-03-25 23:01:47', 1, 3),
(668, 41, 6, '2025-03-29 08:00:00', 3, '2025-03-25 23:01:47', 3, '2025-03-25 23:01:47', 1, 3),
(669, 41, 6, '2025-03-29 09:00:00', 3, '2025-03-25 23:01:47', 3, '2025-03-25 23:01:47', 1, 3),
(670, 41, 6, '2025-03-29 10:00:00', 3, '2025-03-25 23:01:47', 3, '2025-03-25 23:01:47', 1, 3),
(671, 41, 6, '2025-03-29 11:00:00', 3, '2025-03-25 23:01:47', 3, '2025-03-25 23:01:47', 1, 3),
(672, 41, 6, '2025-03-29 12:00:00', 3, '2025-03-25 23:01:47', 3, '2025-03-25 23:01:47', 1, 3),
(673, 41, 6, '2025-03-29 13:00:00', 3, '2025-03-25 23:01:47', 3, '2025-03-25 23:01:47', 1, 3),
(674, 41, 6, '2025-03-29 14:00:00', 3, '2025-03-25 23:01:47', 3, '2025-03-25 23:01:47', 1, 3),
(675, 41, 6, '2025-03-29 15:00:00', 3, '2025-03-25 23:01:47', 3, '2025-03-25 23:01:47', 1, 3),
(676, 41, 6, '2025-03-29 16:00:00', 3, '2025-03-25 23:01:47', 3, '2025-03-25 23:01:47', 1, 3),
(677, 41, 6, '2025-03-29 17:00:00', 3, '2025-03-25 23:01:47', 3, '2025-03-25 23:01:47', 1, 3),
(678, 41, 6, '2025-03-29 18:00:00', 3, '2025-03-25 23:01:47', 3, '2025-03-25 23:01:47', 1, 3),
(679, 41, 6, '2025-03-29 19:00:00', 3, '2025-03-25 23:01:47', 3, '2025-03-25 23:01:47', 1, 3),
(680, 41, 6, '2025-03-29 20:00:00', 3, '2025-03-25 23:01:47', 3, '2025-03-25 23:01:47', 1, 3),
(681, 41, 6, '2025-03-29 21:00:00', 3, '2025-03-25 23:01:47', 3, '2025-03-25 23:01:47', 1, 3),
(682, 41, 6, '2025-03-29 22:00:00', 3, '2025-03-25 23:01:47', 3, '2025-03-25 23:01:47', 1, 3),
(683, 41, 6, '2025-03-30 08:00:00', 3, '2025-03-25 23:01:47', 3, '2025-03-25 23:01:47', 1, 3),
(684, 41, 6, '2025-03-30 09:00:00', 3, '2025-03-25 23:01:47', 3, '2025-03-25 23:01:47', 1, 3),
(685, 41, 6, '2025-03-30 10:00:00', 3, '2025-03-25 23:01:47', 3, '2025-03-25 23:01:47', 1, 3),
(686, 41, 6, '2025-03-30 11:00:00', 3, '2025-03-25 23:01:47', 3, '2025-03-25 23:01:47', 1, 3),
(687, 41, 6, '2025-03-30 12:00:00', 3, '2025-03-25 23:01:47', 3, '2025-03-25 23:01:47', 1, 3),
(688, 41, 6, '2025-03-30 13:00:00', 3, '2025-03-25 23:01:47', 3, '2025-03-25 23:01:47', 1, 3),
(689, 41, 6, '2025-03-30 14:00:00', 3, '2025-03-25 23:01:47', 3, '2025-03-25 23:01:47', 1, 3),
(690, 41, 6, '2025-03-30 15:00:00', 3, '2025-03-25 23:01:47', 3, '2025-03-25 23:01:47', 1, 3),
(691, 41, 6, '2025-03-30 16:00:00', 3, '2025-03-25 23:01:47', 3, '2025-03-25 23:01:47', 1, 3),
(692, 41, 6, '2025-03-30 17:00:00', 3, '2025-03-25 23:01:47', 3, '2025-03-25 23:01:47', 1, 3),
(693, 41, 6, '2025-03-30 18:00:00', 3, '2025-03-25 23:01:47', 3, '2025-03-25 23:01:47', 1, 3),
(694, 41, 6, '2025-03-30 19:00:00', 3, '2025-03-25 23:01:47', 3, '2025-03-25 23:01:47', 1, 3),
(695, 41, 6, '2025-03-30 20:00:00', 3, '2025-03-25 23:01:47', 3, '2025-03-25 23:01:47', 1, 3),
(696, 41, 6, '2025-03-30 21:00:00', 3, '2025-03-25 23:01:47', 3, '2025-03-25 23:01:47', 1, 3),
(697, 41, 6, '2025-03-30 22:00:00', 3, '2025-03-25 23:01:47', 3, '2025-03-25 23:01:47', 1, 3),
(698, 41, 6, '2025-03-31 08:00:00', 3, '2025-03-25 23:01:47', 3, '2025-03-25 23:01:47', 1, 3),
(699, 41, 6, '2025-03-31 09:00:00', 3, '2025-03-25 23:01:47', 3, '2025-03-25 23:01:47', 1, 3),
(700, 41, 6, '2025-03-31 10:00:00', 3, '2025-03-25 23:01:47', 3, '2025-03-25 23:01:47', 1, 3),
(701, 41, 6, '2025-03-31 11:00:00', 3, '2025-03-25 23:01:47', 3, '2025-03-25 23:01:47', 1, 3),
(702, 41, 6, '2025-03-31 12:00:00', 3, '2025-03-25 23:01:47', 3, '2025-03-25 23:01:47', 1, 3),
(703, 41, 6, '2025-03-31 13:00:00', 3, '2025-03-25 23:01:47', 3, '2025-03-25 23:01:47', 1, 3),
(704, 41, 6, '2025-03-31 14:00:00', 3, '2025-03-25 23:01:47', 3, '2025-03-25 23:01:47', 1, 3),
(705, 41, 6, '2025-03-31 15:00:00', 3, '2025-03-25 23:01:47', 3, '2025-03-25 23:01:47', 1, 3),
(706, 41, 6, '2025-03-31 16:00:00', 3, '2025-03-25 23:01:47', 3, '2025-03-25 23:01:47', 1, 3),
(707, 41, 6, '2025-03-31 17:00:00', 3, '2025-03-25 23:01:47', 3, '2025-03-25 23:01:47', 1, 3),
(708, 41, 6, '2025-03-31 18:00:00', 3, '2025-03-25 23:01:47', 3, '2025-03-25 23:01:47', 1, 3),
(709, 41, 6, '2025-03-31 19:00:00', 3, '2025-03-25 23:01:47', 3, '2025-03-25 23:01:47', 1, 3),
(710, 41, 6, '2025-03-31 20:00:00', 3, '2025-03-25 23:01:47', 3, '2025-03-25 23:01:47', 1, 3),
(711, 41, 6, '2025-03-31 21:00:00', 3, '2025-03-25 23:01:47', 3, '2025-03-25 23:01:47', 1, 3),
(712, 41, 6, '2025-03-31 22:00:00', 3, '2025-03-25 23:01:47', 3, '2025-03-25 23:01:47', 1, 3),
(713, 41, 6, '2025-04-01 08:00:00', 3, '2025-03-25 23:01:47', 3, '2025-03-25 23:01:47', 1, 3),
(714, 41, 6, '2025-04-01 09:00:00', 3, '2025-03-25 23:01:47', 3, '2025-03-25 23:01:47', 1, 3),
(715, 41, 6, '2025-04-01 10:00:00', 3, '2025-03-25 23:01:47', 3, '2025-03-25 23:01:47', 1, 3),
(716, 41, 6, '2025-04-01 11:00:00', 3, '2025-03-25 23:01:47', 3, '2025-03-25 23:01:47', 1, 3),
(717, 41, 6, '2025-04-01 12:00:00', 3, '2025-03-25 23:01:47', 3, '2025-03-25 23:01:47', 1, 3),
(718, 41, 6, '2025-04-01 13:00:00', 3, '2025-03-25 23:01:47', 3, '2025-03-25 23:01:47', 1, 3),
(719, 41, 6, '2025-04-01 14:00:00', 3, '2025-03-25 23:01:47', 3, '2025-03-25 23:01:47', 1, 3),
(720, 41, 6, '2025-04-01 15:00:00', 3, '2025-03-25 23:01:47', 3, '2025-03-25 23:01:47', 1, 3),
(721, 41, 6, '2025-04-01 16:00:00', 3, '2025-03-25 23:01:47', 3, '2025-03-25 23:01:47', 1, 3),
(722, 41, 6, '2025-04-01 17:00:00', 3, '2025-03-25 23:01:47', 3, '2025-03-25 23:01:47', 1, 3),
(723, 41, 6, '2025-04-01 18:00:00', 3, '2025-03-25 23:01:47', 3, '2025-03-25 23:01:47', 1, 3),
(724, 41, 6, '2025-04-01 19:00:00', 3, '2025-03-25 23:01:47', 3, '2025-03-25 23:01:47', 1, 3),
(725, 41, 6, '2025-04-01 20:00:00', 3, '2025-03-25 23:01:47', 3, '2025-03-25 23:01:47', 1, 3),
(726, 41, 6, '2025-04-01 21:00:00', 3, '2025-03-25 23:01:47', 3, '2025-03-25 23:01:47', 1, 3),
(727, 41, 6, '2025-04-01 22:00:00', 3, '2025-03-25 23:01:47', 3, '2025-03-25 23:01:47', 1, 3),
(728, 41, 6, '2025-04-02 08:00:00', 3, '2025-03-25 23:01:47', 3, '2025-03-25 23:01:47', 1, 3),
(729, 41, 6, '2025-04-02 09:00:00', 3, '2025-03-25 23:01:47', 3, '2025-03-25 23:01:47', 1, 3),
(730, 41, 6, '2025-04-02 10:00:00', 3, '2025-03-25 23:01:47', 3, '2025-03-25 23:01:47', 1, 3),
(731, 41, 6, '2025-04-02 11:00:00', 3, '2025-03-25 23:01:47', 3, '2025-03-25 23:01:47', 1, 3),
(732, 41, 6, '2025-04-02 12:00:00', 3, '2025-03-25 23:01:47', 3, '2025-03-25 23:01:47', 1, 3),
(733, 41, 6, '2025-04-02 13:00:00', 3, '2025-03-25 23:01:47', 3, '2025-03-25 23:01:47', 1, 3),
(734, 41, 6, '2025-04-02 14:00:00', 3, '2025-03-25 23:01:47', 3, '2025-03-25 23:01:47', 1, 3),
(735, 41, 6, '2025-04-02 15:00:00', 3, '2025-03-25 23:01:47', 3, '2025-03-25 23:01:47', 1, 3),
(736, 41, 6, '2025-04-02 16:00:00', 3, '2025-03-25 23:01:47', 3, '2025-03-25 23:01:47', 1, 3),
(737, 41, 6, '2025-04-02 17:00:00', 3, '2025-03-25 23:01:47', 3, '2025-03-25 23:01:47', 1, 3),
(738, 41, 6, '2025-04-02 18:00:00', 3, '2025-03-25 23:01:47', 3, '2025-03-25 23:01:47', 1, 3),
(739, 41, 6, '2025-04-02 19:00:00', 3, '2025-03-25 23:01:47', 3, '2025-03-25 23:01:47', 1, 3),
(740, 41, 6, '2025-04-02 20:00:00', 3, '2025-03-25 23:01:47', 3, '2025-03-25 23:01:47', 1, 3),
(741, 41, 6, '2025-04-02 21:00:00', 3, '2025-03-25 23:01:47', 3, '2025-03-25 23:01:47', 1, 3),
(742, 41, 6, '2025-04-02 22:00:00', 3, '2025-03-25 23:01:47', 3, '2025-03-25 23:01:47', 1, 3),
(743, 41, 6, '2025-04-03 08:00:00', 3, '2025-03-25 23:01:47', 3, '2025-03-25 23:01:47', 1, 3),
(744, 41, 6, '2025-04-03 09:00:00', 3, '2025-03-25 23:01:47', 3, '2025-03-25 23:01:47', 1, 3),
(745, 41, 6, '2025-04-03 10:00:00', 3, '2025-03-25 23:01:47', 3, '2025-03-25 23:01:47', 1, 3),
(746, 41, 6, '2025-04-03 11:00:00', 3, '2025-03-25 23:01:47', 3, '2025-03-25 23:01:47', 1, 3),
(747, 41, 6, '2025-04-03 12:00:00', 3, '2025-03-25 23:01:47', 3, '2025-03-25 23:01:47', 1, 3),
(748, 41, 6, '2025-04-03 13:00:00', 3, '2025-03-25 23:01:47', 3, '2025-03-25 23:01:47', 1, 3),
(749, 41, 6, '2025-04-03 14:00:00', 3, '2025-03-25 23:01:47', 3, '2025-03-25 23:01:47', 1, 3),
(750, 41, 6, '2025-04-03 15:00:00', 3, '2025-03-25 23:01:47', 3, '2025-03-25 23:01:47', 1, 3),
(751, 41, 6, '2025-04-03 16:00:00', 3, '2025-03-25 23:01:47', 3, '2025-03-25 23:01:47', 1, 3),
(752, 41, 6, '2025-04-03 17:00:00', 3, '2025-03-25 23:01:47', 3, '2025-03-25 23:01:47', 1, 3),
(753, 41, 6, '2025-04-03 18:00:00', 3, '2025-03-25 23:01:47', 3, '2025-03-25 23:01:47', 1, 3),
(754, 41, 6, '2025-04-03 19:00:00', 3, '2025-03-25 23:01:47', 3, '2025-03-25 23:01:47', 1, 3),
(755, 41, 6, '2025-04-03 20:00:00', 3, '2025-03-25 23:01:47', 3, '2025-03-25 23:01:47', 1, 3),
(756, 41, 6, '2025-04-03 21:00:00', 3, '2025-03-25 23:01:47', 3, '2025-03-25 23:01:47', 1, 3),
(757, 41, 6, '2025-04-03 22:00:00', 3, '2025-03-25 23:01:47', 3, '2025-03-25 23:01:47', 1, 3),
(758, 41, 6, '2025-04-04 08:00:00', 3, '2025-03-25 23:01:47', 3, '2025-03-25 23:01:47', 1, 3),
(759, 41, 6, '2025-04-04 09:00:00', 3, '2025-03-25 23:01:47', 3, '2025-03-25 23:01:47', 1, 3),
(760, 41, 6, '2025-04-04 10:00:00', 3, '2025-03-25 23:01:47', 3, '2025-03-25 23:01:47', 1, 3),
(761, 41, 6, '2025-04-04 11:00:00', 3, '2025-03-25 23:01:47', 3, '2025-03-25 23:01:47', 1, 3),
(762, 41, 6, '2025-04-04 12:00:00', 3, '2025-03-25 23:01:47', 3, '2025-03-25 23:01:47', 1, 3),
(763, 41, 6, '2025-04-04 13:00:00', 3, '2025-03-25 23:01:47', 3, '2025-03-25 23:01:47', 1, 3),
(764, 41, 6, '2025-04-04 14:00:00', 3, '2025-03-25 23:01:47', 3, '2025-03-25 23:01:47', 1, 3),
(765, 41, 6, '2025-04-04 15:00:00', 3, '2025-03-25 23:01:47', 3, '2025-03-25 23:01:47', 1, 3),
(766, 41, 6, '2025-04-04 16:00:00', 3, '2025-03-25 23:01:47', 3, '2025-03-25 23:01:47', 1, 3),
(767, 41, 6, '2025-04-04 17:00:00', 3, '2025-03-25 23:01:47', 3, '2025-03-25 23:01:47', 1, 3),
(768, 41, 6, '2025-04-04 18:00:00', 3, '2025-03-25 23:01:47', 3, '2025-03-25 23:01:47', 1, 3),
(769, 41, 6, '2025-04-04 19:00:00', 3, '2025-03-25 23:01:47', 3, '2025-03-25 23:01:47', 1, 3),
(770, 41, 6, '2025-04-04 20:00:00', 3, '2025-03-25 23:01:47', 3, '2025-03-25 23:01:47', 1, 3),
(771, 41, 6, '2025-04-04 21:00:00', 3, '2025-03-25 23:01:47', 3, '2025-03-25 23:01:47', 1, 3),
(772, 41, 6, '2025-04-04 22:00:00', 3, '2025-03-25 23:01:47', 3, '2025-03-25 23:01:47', 1, 3),
(773, 41, 6, '2025-04-05 08:00:00', 3, '2025-03-25 23:01:47', 3, '2025-03-25 23:01:47', 1, 3),
(774, 41, 6, '2025-04-05 09:00:00', 3, '2025-03-25 23:01:47', 3, '2025-03-25 23:01:47', 1, 3),
(775, 41, 6, '2025-04-05 10:00:00', 3, '2025-03-25 23:01:47', 3, '2025-03-25 23:01:47', 1, 3),
(776, 41, 6, '2025-04-05 11:00:00', 3, '2025-03-25 23:01:47', 3, '2025-03-25 23:01:47', 1, 3),
(777, 41, 6, '2025-04-05 12:00:00', 3, '2025-03-25 23:01:47', 3, '2025-03-25 23:01:47', 1, 3),
(778, 41, 6, '2025-04-05 13:00:00', 3, '2025-03-25 23:01:47', 3, '2025-03-25 23:01:47', 1, 3),
(779, 41, 6, '2025-04-05 14:00:00', 3, '2025-03-25 23:01:47', 3, '2025-03-25 23:01:47', 1, 3),
(780, 41, 6, '2025-04-05 15:00:00', 3, '2025-03-25 23:01:47', 3, '2025-03-25 23:01:47', 1, 3),
(781, 41, 6, '2025-04-05 16:00:00', 3, '2025-03-25 23:01:47', 3, '2025-03-25 23:01:47', 1, 3),
(782, 41, 6, '2025-04-05 17:00:00', 3, '2025-03-25 23:01:47', 3, '2025-03-25 23:01:47', 1, 3),
(783, 41, 6, '2025-04-05 18:00:00', 3, '2025-03-25 23:01:47', 3, '2025-03-25 23:01:47', 1, 3),
(784, 41, 6, '2025-04-05 19:00:00', 3, '2025-03-25 23:01:47', 3, '2025-03-25 23:01:47', 1, 3),
(785, 41, 6, '2025-04-05 20:00:00', 3, '2025-03-25 23:01:47', 3, '2025-03-25 23:01:47', 1, 3),
(786, 41, 6, '2025-04-05 21:00:00', 3, '2025-03-25 23:01:47', 3, '2025-03-25 23:01:47', 1, 3),
(787, 41, 6, '2025-04-05 22:00:00', 3, '2025-03-25 23:01:47', 3, '2025-03-25 23:01:47', 1, 3),
(788, 41, 6, '2025-04-06 08:00:00', 3, '2025-03-25 23:01:47', 3, '2025-03-25 23:01:47', 1, 3),
(789, 41, 6, '2025-04-06 09:00:00', 3, '2025-03-25 23:01:47', 3, '2025-03-25 23:01:47', 1, 3),
(790, 41, 6, '2025-04-06 10:00:00', 3, '2025-03-25 23:01:47', 3, '2025-03-25 23:01:47', 1, 3),
(791, 41, 6, '2025-04-06 11:00:00', 3, '2025-03-25 23:01:47', 3, '2025-03-25 23:01:47', 1, 3),
(792, 41, 6, '2025-04-06 12:00:00', 3, '2025-03-25 23:01:47', 3, '2025-03-25 23:01:47', 1, 3),
(793, 41, 6, '2025-04-06 13:00:00', 3, '2025-03-25 23:01:47', 3, '2025-03-25 23:01:47', 1, 3),
(794, 41, 6, '2025-04-06 14:00:00', 3, '2025-03-25 23:01:47', 3, '2025-03-25 23:01:47', 1, 3),
(795, 41, 6, '2025-04-06 15:00:00', 3, '2025-03-25 23:01:47', 3, '2025-03-25 23:01:47', 1, 3),
(796, 41, 6, '2025-04-06 16:00:00', 3, '2025-03-25 23:01:47', 3, '2025-03-25 23:01:47', 1, 3),
(797, 41, 6, '2025-04-06 17:00:00', 3, '2025-03-25 23:01:47', 3, '2025-03-25 23:01:47', 1, 3),
(798, 41, 6, '2025-04-06 18:00:00', 3, '2025-03-25 23:01:47', 3, '2025-03-25 23:01:47', 1, 3),
(799, 41, 6, '2025-04-06 19:00:00', 3, '2025-03-25 23:01:47', 3, '2025-03-25 23:01:47', 1, 3),
(800, 41, 6, '2025-04-06 20:00:00', 3, '2025-03-25 23:01:47', 3, '2025-03-25 23:01:47', 1, 3),
(801, 41, 6, '2025-04-06 21:00:00', 3, '2025-03-25 23:01:47', 3, '2025-03-25 23:01:47', 1, 3),
(802, 41, 6, '2025-04-06 22:00:00', 3, '2025-03-25 23:01:47', 3, '2025-03-25 23:01:47', 1, 3),
(803, 41, 6, '2025-04-07 08:00:00', 3, '2025-03-25 23:01:47', 3, '2025-03-25 23:01:47', 1, 3),
(804, 41, 6, '2025-04-07 09:00:00', 3, '2025-03-25 23:01:47', 3, '2025-03-25 23:01:47', 1, 3),
(805, 41, 6, '2025-04-07 10:00:00', 3, '2025-03-25 23:01:47', 3, '2025-03-25 23:01:47', 1, 3),
(806, 41, 6, '2025-04-07 11:00:00', 3, '2025-03-25 23:01:47', 3, '2025-03-25 23:01:47', 1, 3),
(807, 41, 6, '2025-04-07 12:00:00', 3, '2025-03-25 23:01:47', 3, '2025-03-25 23:01:47', 1, 3),
(808, 41, 6, '2025-04-07 13:00:00', 3, '2025-03-25 23:01:47', 3, '2025-03-25 23:01:47', 1, 3),
(809, 41, 6, '2025-04-07 14:00:00', 3, '2025-03-25 23:01:47', 3, '2025-03-25 23:01:47', 1, 3),
(810, 41, 6, '2025-04-07 15:00:00', 3, '2025-03-25 23:01:47', 3, '2025-03-25 23:01:47', 1, 3),
(811, 41, 6, '2025-04-07 16:00:00', 3, '2025-03-25 23:01:47', 3, '2025-03-25 23:01:47', 1, 3),
(812, 41, 6, '2025-04-07 17:00:00', 3, '2025-03-25 23:01:47', 3, '2025-03-25 23:01:47', 1, 3),
(813, 41, 6, '2025-04-07 18:00:00', 3, '2025-03-25 23:01:47', 3, '2025-03-25 23:01:47', 1, 3),
(814, 41, 6, '2025-04-07 19:00:00', 3, '2025-03-25 23:01:47', 3, '2025-03-25 23:01:47', 1, 3),
(815, 41, 6, '2025-04-07 20:00:00', 3, '2025-03-25 23:01:47', 3, '2025-03-25 23:01:47', 1, 3),
(816, 41, 6, '2025-04-07 21:00:00', 3, '2025-03-25 23:01:47', 3, '2025-03-25 23:01:47', 1, 3),
(817, 41, 6, '2025-04-07 22:00:00', 3, '2025-03-25 23:01:47', 3, '2025-03-25 23:01:47', 1, 3),
(818, 41, 6, '2025-04-08 08:00:00', 3, '2025-03-25 23:01:47', 3, '2025-03-25 23:01:47', 1, 3),
(819, 41, 6, '2025-04-08 09:00:00', 3, '2025-03-25 23:01:47', 3, '2025-03-25 23:01:47', 1, 3),
(820, 41, 6, '2025-04-08 10:00:00', 3, '2025-03-25 23:01:47', 3, '2025-03-25 23:01:47', 1, 3),
(821, 41, 6, '2025-04-08 11:00:00', 3, '2025-03-25 23:01:47', 3, '2025-03-25 23:01:47', 1, 3),
(822, 41, 6, '2025-04-08 12:00:00', 3, '2025-03-25 23:01:47', 3, '2025-03-25 23:01:47', 1, 3),
(823, 41, 6, '2025-04-08 13:00:00', 3, '2025-03-25 23:01:47', 3, '2025-03-25 23:01:47', 1, 3),
(824, 41, 6, '2025-04-08 14:00:00', 3, '2025-03-25 23:01:47', 3, '2025-03-25 23:01:47', 1, 3),
(825, 41, 6, '2025-04-08 15:00:00', 3, '2025-03-25 23:01:47', 3, '2025-03-25 23:01:47', 1, 3),
(826, 41, 6, '2025-04-08 16:00:00', 3, '2025-03-25 23:01:47', 3, '2025-03-25 23:01:47', 1, 3),
(827, 41, 6, '2025-04-08 17:00:00', 3, '2025-03-25 23:01:47', 3, '2025-03-25 23:01:47', 1, 3),
(828, 41, 6, '2025-04-08 18:00:00', 3, '2025-03-25 23:01:47', 3, '2025-03-25 23:01:47', 1, 3),
(829, 41, 6, '2025-04-08 19:00:00', 3, '2025-03-25 23:01:47', 3, '2025-03-25 23:01:47', 1, 3),
(830, 41, 6, '2025-04-08 20:00:00', 3, '2025-03-25 23:01:47', 3, '2025-03-25 23:01:47', 1, 3),
(831, 41, 6, '2025-04-08 21:00:00', 3, '2025-03-25 23:01:47', 3, '2025-03-25 23:01:47', 1, 3),
(832, 41, 6, '2025-04-08 22:00:00', 3, '2025-03-25 23:01:47', 3, '2025-03-25 23:01:47', 1, 3),
(833, 41, 6, '2025-04-09 08:00:00', 3, '2025-03-25 23:01:47', 3, '2025-03-25 23:01:47', 1, 3),
(834, 41, 6, '2025-04-09 09:00:00', 3, '2025-03-25 23:01:47', 3, '2025-03-25 23:01:47', 1, 3),
(835, 41, 6, '2025-04-09 10:00:00', 3, '2025-03-25 23:01:47', 3, '2025-03-25 23:01:47', 1, 3),
(836, 41, 6, '2025-04-09 11:00:00', 3, '2025-03-25 23:01:47', 3, '2025-03-25 23:01:47', 1, 3),
(837, 41, 6, '2025-04-09 12:00:00', 3, '2025-03-25 23:01:47', 3, '2025-03-25 23:01:47', 1, 3),
(838, 41, 6, '2025-04-09 13:00:00', 3, '2025-03-25 23:01:47', 3, '2025-03-25 23:01:47', 1, 3),
(839, 41, 6, '2025-04-09 14:00:00', 3, '2025-03-25 23:01:47', 3, '2025-03-25 23:01:47', 1, 3),
(840, 41, 6, '2025-04-09 15:00:00', 3, '2025-03-25 23:01:47', 3, '2025-03-25 23:01:47', 1, 3),
(841, 41, 6, '2025-04-09 16:00:00', 3, '2025-03-25 23:01:47', 3, '2025-03-25 23:01:47', 1, 3),
(842, 41, 6, '2025-04-09 17:00:00', 3, '2025-03-25 23:01:47', 3, '2025-03-25 23:01:47', 1, 3),
(843, 41, 6, '2025-04-09 18:00:00', 3, '2025-03-25 23:01:47', 3, '2025-03-25 23:01:47', 1, 3),
(844, 41, 6, '2025-04-09 19:00:00', 3, '2025-03-25 23:01:47', 3, '2025-03-25 23:01:47', 1, 3),
(845, 41, 6, '2025-04-09 20:00:00', 3, '2025-03-25 23:01:47', 3, '2025-03-25 23:01:47', 1, 3),
(846, 41, 6, '2025-04-09 21:00:00', 3, '2025-03-25 23:01:47', 3, '2025-03-25 23:01:47', 1, 3),
(847, 41, 6, '2025-04-09 22:00:00', 3, '2025-03-25 23:01:47', 3, '2025-03-25 23:01:47', 1, 3),
(848, 41, 6, '2025-04-10 08:00:00', 3, '2025-03-25 23:01:47', 3, '2025-03-25 23:01:47', 1, 3),
(849, 41, 6, '2025-04-10 09:00:00', 3, '2025-03-25 23:01:47', 3, '2025-03-25 23:01:47', 1, 3),
(850, 41, 6, '2025-04-10 10:00:00', 3, '2025-03-25 23:01:47', 3, '2025-03-25 23:01:47', 1, 3),
(851, 41, 6, '2025-04-10 11:00:00', 3, '2025-03-25 23:01:47', 3, '2025-03-25 23:01:47', 1, 3),
(852, 41, 6, '2025-04-10 12:00:00', 3, '2025-03-25 23:01:47', 3, '2025-03-25 23:01:47', 1, 3),
(853, 41, 6, '2025-04-10 13:00:00', 3, '2025-03-25 23:01:47', 3, '2025-03-25 23:01:47', 1, 3),
(854, 41, 6, '2025-04-10 14:00:00', 3, '2025-03-25 23:01:47', 3, '2025-03-25 23:01:47', 1, 3),
(855, 41, 6, '2025-04-10 15:00:00', 3, '2025-03-25 23:01:47', 3, '2025-03-25 23:01:47', 1, 3),
(856, 41, 6, '2025-04-10 16:00:00', 3, '2025-03-25 23:01:47', 3, '2025-03-25 23:01:47', 1, 3),
(857, 41, 6, '2025-04-10 17:00:00', 3, '2025-03-25 23:01:47', 3, '2025-03-25 23:01:47', 1, 3),
(858, 41, 6, '2025-04-10 18:00:00', 3, '2025-03-25 23:01:47', 3, '2025-03-25 23:01:47', 1, 3),
(859, 41, 6, '2025-04-10 19:00:00', 3, '2025-03-25 23:01:47', 3, '2025-03-25 23:01:47', 1, 3),
(860, 41, 6, '2025-04-10 20:00:00', 3, '2025-03-25 23:01:47', 3, '2025-03-25 23:01:47', 1, 3),
(861, 41, 6, '2025-04-10 21:00:00', 3, '2025-03-25 23:01:47', 3, '2025-03-25 23:01:47', 1, 3),
(862, 41, 6, '2025-04-10 22:00:00', 3, '2025-03-25 23:01:47', 3, '2025-03-25 23:01:47', 1, 3),
(863, 41, 6, '2025-04-11 08:00:00', 3, '2025-03-25 23:01:47', 3, '2025-03-25 23:01:47', 1, 3),
(864, 41, 6, '2025-04-11 09:00:00', 3, '2025-03-25 23:01:47', 3, '2025-03-25 23:01:47', 1, 3),
(865, 41, 6, '2025-04-11 10:00:00', 3, '2025-03-25 23:01:47', 3, '2025-03-25 23:01:47', 1, 3),
(866, 41, 6, '2025-04-11 11:00:00', 3, '2025-03-25 23:01:47', 3, '2025-03-25 23:01:47', 1, 3),
(867, 41, 6, '2025-04-11 12:00:00', 3, '2025-03-25 23:01:47', 3, '2025-03-25 23:01:47', 1, 3),
(868, 41, 6, '2025-04-11 13:00:00', 3, '2025-03-25 23:01:47', 3, '2025-03-25 23:01:47', 1, 3),
(869, 41, 6, '2025-04-11 14:00:00', 3, '2025-03-25 23:01:47', 3, '2025-03-25 23:01:47', 1, 3),
(870, 41, 6, '2025-04-11 15:00:00', 3, '2025-03-25 23:01:47', 3, '2025-03-25 23:01:47', 1, 3),
(871, 41, 6, '2025-04-11 16:00:00', 3, '2025-03-25 23:01:47', 3, '2025-03-25 23:01:47', 1, 3),
(872, 41, 6, '2025-04-11 17:00:00', 3, '2025-03-25 23:01:47', 3, '2025-03-25 23:01:47', 1, 3),
(873, 41, 6, '2025-04-11 18:00:00', 3, '2025-03-25 23:01:47', 3, '2025-03-25 23:01:47', 1, 3),
(874, 41, 6, '2025-04-11 19:00:00', 3, '2025-03-25 23:01:47', 3, '2025-03-25 23:01:47', 1, 3),
(875, 41, 6, '2025-04-11 20:00:00', 3, '2025-03-25 23:01:47', 3, '2025-03-25 23:01:47', 1, 3),
(876, 41, 6, '2025-04-11 21:00:00', 3, '2025-03-25 23:01:47', 3, '2025-03-25 23:01:47', 1, 3),
(877, 41, 6, '2025-04-11 22:00:00', 3, '2025-03-25 23:01:47', 3, '2025-03-25 23:01:47', 1, 3),
(878, 41, 4, '2025-03-25 08:00:00', 3, '2025-03-25 23:02:05', 3, '2025-03-25 23:02:05', 1, 3),
(879, 41, 4, '2025-03-25 09:00:00', 3, '2025-03-25 23:02:05', 3, '2025-03-25 23:02:05', 1, 3),
(880, 41, 4, '2025-03-25 10:00:00', 3, '2025-03-25 23:02:05', 3, '2025-03-25 23:02:05', 1, 3),
(881, 41, 4, '2025-03-25 11:00:00', 3, '2025-03-25 23:02:05', 3, '2025-03-25 23:02:05', 1, 3),
(882, 41, 4, '2025-03-25 12:00:00', 3, '2025-03-25 23:02:05', 3, '2025-03-25 23:02:05', 1, 3),
(883, 41, 4, '2025-03-25 13:00:00', 3, '2025-03-25 23:02:05', 3, '2025-03-25 23:02:05', 1, 3),
(884, 41, 4, '2025-03-25 14:00:00', 3, '2025-03-25 23:02:05', 3, '2025-03-25 23:02:05', 1, 3),
(885, 41, 4, '2025-03-25 15:00:00', 3, '2025-03-25 23:02:05', 3, '2025-03-25 23:02:05', 1, 3),
(886, 41, 4, '2025-03-25 16:00:00', 3, '2025-03-25 23:02:05', 3, '2025-03-25 23:02:05', 1, 3),
(887, 41, 4, '2025-03-25 17:00:00', 3, '2025-03-25 23:02:05', 3, '2025-03-25 23:02:05', 1, 3),
(888, 41, 4, '2025-03-25 18:00:00', 3, '2025-03-25 23:02:05', 3, '2025-03-25 23:02:05', 1, 3),
(889, 41, 4, '2025-03-25 19:00:00', 3, '2025-03-25 23:02:05', 3, '2025-03-25 23:02:05', 1, 3),
(890, 41, 4, '2025-03-25 20:00:00', 3, '2025-03-25 23:02:05', 3, '2025-03-25 23:02:05', 1, 3),
(891, 41, 4, '2025-03-25 21:00:00', 3, '2025-03-25 23:02:05', 3, '2025-03-25 23:02:05', 1, 3),
(892, 41, 4, '2025-03-25 22:00:00', 3, '2025-03-25 23:02:05', 3, '2025-03-25 23:02:05', 1, 3),
(893, 41, 4, '2025-03-26 08:00:00', 3, '2025-03-25 23:02:05', 3, '2025-03-25 23:02:05', 1, 3),
(894, 41, 4, '2025-03-26 09:00:00', 3, '2025-03-25 23:02:05', 3, '2025-03-25 23:02:05', 1, 3),
(895, 41, 4, '2025-03-26 10:00:00', 3, '2025-03-25 23:02:05', 3, '2025-03-25 23:02:05', 1, 3),
(896, 41, 4, '2025-03-26 11:00:00', 3, '2025-03-25 23:02:05', 3, '2025-03-25 23:02:05', 1, 3),
(897, 41, 4, '2025-03-26 12:00:00', 3, '2025-03-25 23:02:05', 3, '2025-03-25 23:02:05', 1, 3),
(898, 41, 4, '2025-03-26 13:00:00', 3, '2025-03-25 23:02:05', 3, '2025-03-25 23:02:05', 1, 3),
(899, 41, 4, '2025-03-26 14:00:00', 3, '2025-03-25 23:02:05', 3, '2025-03-25 23:02:05', 1, 3),
(900, 41, 4, '2025-03-26 15:00:00', 3, '2025-03-25 23:02:05', 3, '2025-03-25 23:02:05', 1, 3),
(901, 41, 4, '2025-03-26 16:00:00', 3, '2025-03-25 23:02:05', 3, '2025-03-25 23:02:05', 1, 3),
(902, 41, 4, '2025-03-26 17:00:00', 3, '2025-03-25 23:02:05', 3, '2025-03-25 23:02:05', 1, 3),
(903, 41, 4, '2025-03-26 18:00:00', 3, '2025-03-25 23:02:05', 3, '2025-03-25 23:02:05', 1, 3),
(904, 41, 4, '2025-03-26 19:00:00', 3, '2025-03-25 23:02:05', 3, '2025-03-25 23:02:05', 1, 3),
(905, 41, 4, '2025-03-26 20:00:00', 3, '2025-03-25 23:02:05', 3, '2025-03-25 23:02:05', 1, 3),
(906, 41, 4, '2025-03-26 21:00:00', 3, '2025-03-25 23:02:05', 3, '2025-03-25 23:02:05', 1, 3),
(907, 41, 4, '2025-03-26 22:00:00', 3, '2025-03-25 23:02:05', 3, '2025-03-25 23:02:05', 1, 3),
(908, 41, 4, '2025-03-27 08:00:00', 3, '2025-03-25 23:02:05', 3, '2025-03-25 23:02:05', 1, 3),
(909, 41, 4, '2025-03-27 09:00:00', 3, '2025-03-25 23:02:05', 3, '2025-03-25 23:02:05', 1, 3),
(910, 41, 4, '2025-03-27 10:00:00', 3, '2025-03-25 23:02:05', 3, '2025-03-25 23:02:05', 1, 3),
(911, 41, 4, '2025-03-27 11:00:00', 3, '2025-03-25 23:02:05', 3, '2025-03-25 23:02:05', 1, 3),
(912, 41, 4, '2025-03-27 12:00:00', 3, '2025-03-25 23:02:05', 3, '2025-03-25 23:02:05', 1, 3),
(913, 41, 4, '2025-03-27 13:00:00', 3, '2025-03-25 23:02:05', 3, '2025-03-25 23:02:05', 1, 3),
(914, 41, 4, '2025-03-27 14:00:00', 3, '2025-03-25 23:02:05', 3, '2025-03-25 23:02:05', 1, 3),
(915, 41, 4, '2025-03-27 15:00:00', 3, '2025-03-25 23:02:05', 3, '2025-03-25 23:02:05', 1, 3),
(916, 41, 4, '2025-03-27 16:00:00', 3, '2025-03-25 23:02:05', 3, '2025-03-25 23:02:05', 1, 3),
(917, 41, 4, '2025-03-27 17:00:00', 3, '2025-03-25 23:02:05', 3, '2025-03-25 23:02:05', 1, 3),
(918, 41, 4, '2025-03-27 18:00:00', 3, '2025-03-25 23:02:05', 3, '2025-03-25 23:02:05', 1, 3),
(919, 41, 4, '2025-03-27 19:00:00', 3, '2025-03-25 23:02:05', 3, '2025-03-25 23:02:05', 1, 3),
(920, 41, 4, '2025-03-27 20:00:00', 3, '2025-03-25 23:02:05', 3, '2025-03-25 23:02:05', 1, 3),
(921, 41, 4, '2025-03-27 21:00:00', 3, '2025-03-25 23:02:05', 3, '2025-03-25 23:02:05', 1, 3),
(922, 41, 4, '2025-03-27 22:00:00', 3, '2025-03-25 23:02:05', 3, '2025-03-25 23:02:05', 1, 3),
(923, 41, 4, '2025-03-28 08:00:00', 3, '2025-03-25 23:02:05', 3, '2025-03-25 23:02:05', 1, 3),
(924, 41, 4, '2025-03-28 09:00:00', 3, '2025-03-25 23:02:05', 3, '2025-03-25 23:02:05', 1, 3),
(925, 41, 4, '2025-03-28 10:00:00', 3, '2025-03-25 23:02:05', 3, '2025-03-25 23:02:05', 1, 3),
(926, 41, 4, '2025-03-28 11:00:00', 3, '2025-03-25 23:02:05', 3, '2025-03-25 23:02:05', 1, 3),
(927, 41, 4, '2025-03-28 12:00:00', 3, '2025-03-25 23:02:05', 3, '2025-03-25 23:02:05', 1, 3),
(928, 41, 4, '2025-03-28 13:00:00', 3, '2025-03-25 23:02:05', 3, '2025-03-25 23:02:05', 1, 3),
(929, 41, 4, '2025-03-28 14:00:00', 3, '2025-03-25 23:02:05', 3, '2025-03-25 23:02:05', 1, 3),
(930, 41, 4, '2025-03-28 15:00:00', 3, '2025-03-25 23:02:05', 3, '2025-03-25 23:02:05', 1, 3),
(931, 41, 4, '2025-03-28 16:00:00', 3, '2025-03-25 23:02:05', 3, '2025-03-25 23:02:05', 1, 3),
(932, 41, 4, '2025-03-28 17:00:00', 3, '2025-03-25 23:02:05', 3, '2025-03-25 23:02:05', 1, 3),
(933, 41, 4, '2025-03-28 18:00:00', 3, '2025-03-25 23:02:05', 3, '2025-03-25 23:02:05', 1, 3),
(934, 41, 4, '2025-03-28 19:00:00', 3, '2025-03-25 23:02:05', 3, '2025-03-25 23:02:05', 1, 3),
(935, 41, 4, '2025-03-28 20:00:00', 3, '2025-03-25 23:02:05', 3, '2025-03-25 23:02:05', 1, 3),
(936, 41, 4, '2025-03-28 21:00:00', 3, '2025-03-25 23:02:05', 3, '2025-03-25 23:02:05', 1, 3),
(937, 41, 4, '2025-03-28 22:00:00', 3, '2025-03-25 23:02:05', 3, '2025-03-25 23:02:05', 1, 3),
(938, 41, 4, '2025-03-29 08:00:00', 3, '2025-03-25 23:02:05', 3, '2025-03-25 23:02:05', 1, 3),
(939, 41, 4, '2025-03-29 09:00:00', 3, '2025-03-25 23:02:05', 3, '2025-03-25 23:02:05', 1, 3),
(940, 41, 4, '2025-03-29 10:00:00', 3, '2025-03-25 23:02:05', 3, '2025-03-25 23:02:05', 1, 3),
(941, 41, 4, '2025-03-29 11:00:00', 3, '2025-03-25 23:02:05', 3, '2025-03-25 23:02:05', 1, 3),
(942, 41, 4, '2025-03-29 12:00:00', 3, '2025-03-25 23:02:05', 3, '2025-03-25 23:02:05', 1, 3),
(943, 41, 4, '2025-03-29 13:00:00', 3, '2025-03-25 23:02:05', 3, '2025-03-25 23:02:05', 1, 3),
(944, 41, 4, '2025-03-29 14:00:00', 3, '2025-03-25 23:02:05', 3, '2025-03-25 23:02:05', 1, 3),
(945, 41, 4, '2025-03-29 15:00:00', 3, '2025-03-25 23:02:05', 3, '2025-03-25 23:02:05', 1, 3),
(946, 41, 4, '2025-03-29 16:00:00', 3, '2025-03-25 23:02:05', 3, '2025-03-25 23:02:05', 1, 3),
(947, 41, 4, '2025-03-29 17:00:00', 3, '2025-03-25 23:02:05', 3, '2025-03-25 23:02:05', 1, 3),
(948, 41, 4, '2025-03-29 18:00:00', 3, '2025-03-25 23:02:05', 3, '2025-03-25 23:02:05', 1, 3),
(949, 41, 4, '2025-03-29 19:00:00', 3, '2025-03-25 23:02:05', 3, '2025-03-25 23:02:05', 1, 3),
(950, 41, 4, '2025-03-29 20:00:00', 3, '2025-03-25 23:02:05', 3, '2025-03-25 23:02:05', 1, 3),
(951, 41, 4, '2025-03-29 21:00:00', 3, '2025-03-25 23:02:05', 3, '2025-03-25 23:02:05', 1, 3),
(952, 41, 4, '2025-03-29 22:00:00', 3, '2025-03-25 23:02:05', 3, '2025-03-25 23:02:05', 1, 3),
(953, 41, 4, '2025-03-30 08:00:00', 3, '2025-03-25 23:02:05', 3, '2025-03-25 23:02:05', 1, 3),
(954, 41, 4, '2025-03-30 09:00:00', 3, '2025-03-25 23:02:05', 3, '2025-03-25 23:02:05', 1, 3),
(955, 41, 4, '2025-03-30 10:00:00', 3, '2025-03-25 23:02:05', 3, '2025-03-25 23:02:05', 1, 3),
(956, 41, 4, '2025-03-30 11:00:00', 3, '2025-03-25 23:02:05', 3, '2025-03-25 23:02:05', 1, 3),
(957, 41, 4, '2025-03-30 12:00:00', 3, '2025-03-25 23:02:05', 3, '2025-03-25 23:02:05', 1, 3),
(958, 41, 4, '2025-03-30 13:00:00', 3, '2025-03-25 23:02:05', 3, '2025-03-25 23:02:05', 1, 3),
(959, 41, 4, '2025-03-30 14:00:00', 3, '2025-03-25 23:02:05', 3, '2025-03-25 23:02:05', 1, 3),
(960, 41, 4, '2025-03-30 15:00:00', 3, '2025-03-25 23:02:05', 3, '2025-03-25 23:02:05', 1, 3),
(961, 41, 4, '2025-03-30 16:00:00', 3, '2025-03-25 23:02:05', 3, '2025-03-25 23:02:05', 1, 3),
(962, 41, 4, '2025-03-30 17:00:00', 3, '2025-03-25 23:02:05', 3, '2025-03-25 23:02:05', 1, 3),
(963, 41, 4, '2025-03-30 18:00:00', 3, '2025-03-25 23:02:05', 3, '2025-03-25 23:02:05', 1, 3),
(964, 41, 4, '2025-03-30 19:00:00', 3, '2025-03-25 23:02:05', 3, '2025-03-25 23:02:05', 1, 3),
(965, 41, 4, '2025-03-30 20:00:00', 3, '2025-03-25 23:02:05', 3, '2025-03-25 23:02:05', 1, 3),
(966, 41, 4, '2025-03-30 21:00:00', 3, '2025-03-25 23:02:05', 3, '2025-03-25 23:02:05', 1, 3),
(967, 41, 4, '2025-03-30 22:00:00', 3, '2025-03-25 23:02:05', 3, '2025-03-25 23:02:05', 1, 3),
(968, 41, 4, '2025-03-31 08:00:00', 3, '2025-03-25 23:02:05', 3, '2025-03-25 23:02:05', 1, 3),
(969, 41, 4, '2025-03-31 09:00:00', 3, '2025-03-25 23:02:05', 3, '2025-03-25 23:02:05', 1, 3),
(970, 41, 4, '2025-03-31 10:00:00', 3, '2025-03-25 23:02:05', 3, '2025-03-25 23:02:05', 1, 3),
(971, 41, 4, '2025-03-31 11:00:00', 3, '2025-03-25 23:02:05', 3, '2025-03-25 23:02:05', 1, 3),
(972, 41, 4, '2025-03-31 12:00:00', 3, '2025-03-25 23:02:05', 3, '2025-03-25 23:02:05', 1, 3),
(973, 41, 4, '2025-03-31 13:00:00', 3, '2025-03-25 23:02:05', 3, '2025-03-25 23:02:05', 1, 3),
(974, 41, 4, '2025-03-31 14:00:00', 3, '2025-03-25 23:02:05', 3, '2025-03-25 23:02:05', 1, 3),
(975, 41, 4, '2025-03-31 15:00:00', 3, '2025-03-25 23:02:05', 3, '2025-03-25 23:02:05', 1, 3),
(976, 41, 4, '2025-03-31 16:00:00', 3, '2025-03-25 23:02:05', 3, '2025-03-25 23:02:05', 1, 3),
(977, 41, 4, '2025-03-31 17:00:00', 3, '2025-03-25 23:02:05', 3, '2025-03-25 23:02:05', 1, 3),
(978, 41, 4, '2025-03-31 18:00:00', 3, '2025-03-25 23:02:05', 3, '2025-03-25 23:02:05', 1, 3),
(979, 41, 4, '2025-03-31 19:00:00', 3, '2025-03-25 23:02:05', 3, '2025-03-25 23:02:05', 1, 3),
(980, 41, 4, '2025-03-31 20:00:00', 3, '2025-03-25 23:02:05', 3, '2025-03-25 23:02:05', 1, 3),
(981, 41, 4, '2025-03-31 21:00:00', 3, '2025-03-25 23:02:05', 3, '2025-03-25 23:02:05', 1, 3),
(982, 41, 4, '2025-03-31 22:00:00', 3, '2025-03-25 23:02:05', 3, '2025-03-25 23:02:05', 1, 3),
(983, 41, 4, '2025-04-01 08:00:00', 3, '2025-03-25 23:02:05', 3, '2025-03-25 23:02:05', 1, 3),
(984, 41, 4, '2025-04-01 09:00:00', 3, '2025-03-25 23:02:05', 3, '2025-03-25 23:02:05', 1, 3),
(985, 41, 4, '2025-04-01 10:00:00', 3, '2025-03-25 23:02:05', 3, '2025-03-25 23:02:05', 1, 3),
(986, 41, 4, '2025-04-01 11:00:00', 3, '2025-03-25 23:02:05', 3, '2025-03-25 23:02:05', 1, 3),
(987, 41, 4, '2025-04-01 12:00:00', 3, '2025-03-25 23:02:05', 3, '2025-03-25 23:02:05', 1, 3),
(988, 41, 4, '2025-04-01 13:00:00', 3, '2025-03-25 23:02:05', 3, '2025-03-25 23:02:05', 1, 3),
(989, 41, 4, '2025-04-01 14:00:00', 3, '2025-03-25 23:02:05', 3, '2025-03-25 23:02:05', 1, 3),
(990, 41, 4, '2025-04-01 15:00:00', 3, '2025-03-25 23:02:05', 3, '2025-03-25 23:02:05', 1, 3),
(991, 41, 4, '2025-04-01 16:00:00', 3, '2025-03-25 23:02:05', 3, '2025-03-25 23:02:05', 1, 3),
(992, 41, 4, '2025-04-01 17:00:00', 3, '2025-03-25 23:02:05', 3, '2025-03-25 23:02:05', 1, 3),
(993, 41, 4, '2025-04-01 18:00:00', 3, '2025-03-25 23:02:05', 3, '2025-03-25 23:02:05', 1, 3),
(994, 41, 4, '2025-04-01 19:00:00', 3, '2025-03-25 23:02:05', 3, '2025-03-25 23:02:05', 1, 3),
(995, 41, 4, '2025-04-01 20:00:00', 3, '2025-03-25 23:02:05', 3, '2025-03-25 23:02:05', 1, 3),
(996, 41, 4, '2025-04-01 21:00:00', 3, '2025-03-25 23:02:05', 3, '2025-03-25 23:02:05', 1, 3),
(997, 41, 4, '2025-04-01 22:00:00', 3, '2025-03-25 23:02:05', 3, '2025-03-25 23:02:05', 1, 3),
(998, 41, 4, '2025-04-02 08:00:00', 3, '2025-03-25 23:02:05', 3, '2025-03-25 23:02:05', 1, 3),
(999, 41, 4, '2025-04-02 09:00:00', 3, '2025-03-25 23:02:05', 3, '2025-03-25 23:02:05', 1, 3),
(1000, 41, 4, '2025-04-02 10:00:00', 3, '2025-03-25 23:02:05', 3, '2025-03-25 23:02:05', 1, 3),
(1001, 41, 4, '2025-04-02 11:00:00', 3, '2025-03-25 23:02:05', 3, '2025-03-25 23:02:05', 1, 3),
(1002, 41, 4, '2025-04-02 12:00:00', 3, '2025-03-25 23:02:05', 3, '2025-03-25 23:02:05', 1, 3),
(1003, 41, 4, '2025-04-02 13:00:00', 3, '2025-03-25 23:02:05', 3, '2025-03-25 23:02:05', 1, 3),
(1004, 41, 4, '2025-04-02 14:00:00', 3, '2025-03-25 23:02:05', 3, '2025-03-25 23:02:05', 1, 3),
(1005, 41, 4, '2025-04-02 15:00:00', 3, '2025-03-25 23:02:05', 3, '2025-03-25 23:02:05', 1, 3),
(1006, 41, 4, '2025-04-02 16:00:00', 3, '2025-03-25 23:02:05', 3, '2025-03-25 23:02:05', 1, 3),
(1007, 41, 4, '2025-04-02 17:00:00', 3, '2025-03-25 23:02:05', 3, '2025-03-25 23:02:05', 1, 3),
(1008, 41, 4, '2025-04-02 18:00:00', 3, '2025-03-25 23:02:05', 3, '2025-03-25 23:02:05', 1, 3),
(1009, 41, 4, '2025-04-02 19:00:00', 3, '2025-03-25 23:02:05', 3, '2025-03-25 23:02:05', 1, 3),
(1010, 41, 4, '2025-04-02 20:00:00', 3, '2025-03-25 23:02:05', 3, '2025-03-25 23:02:05', 1, 3),
(1011, 41, 4, '2025-04-02 21:00:00', 3, '2025-03-25 23:02:05', 3, '2025-03-25 23:02:05', 1, 3),
(1012, 41, 4, '2025-04-02 22:00:00', 3, '2025-03-25 23:02:05', 3, '2025-03-25 23:02:05', 1, 3),
(1013, 41, 4, '2025-04-03 08:00:00', 3, '2025-03-25 23:02:05', 3, '2025-03-25 23:02:05', 1, 3),
(1014, 41, 4, '2025-04-03 09:00:00', 3, '2025-03-25 23:02:05', 3, '2025-03-25 23:02:05', 1, 3),
(1015, 41, 4, '2025-04-03 10:00:00', 3, '2025-03-25 23:02:05', 3, '2025-03-25 23:02:05', 1, 3),
(1016, 41, 4, '2025-04-03 11:00:00', 3, '2025-03-25 23:02:05', 3, '2025-03-25 23:02:05', 1, 3),
(1017, 41, 4, '2025-04-03 12:00:00', 3, '2025-03-25 23:02:05', 3, '2025-03-25 23:02:05', 1, 3),
(1018, 41, 4, '2025-04-03 13:00:00', 3, '2025-03-25 23:02:05', 3, '2025-03-25 23:02:05', 1, 3),
(1019, 41, 4, '2025-04-03 14:00:00', 3, '2025-03-25 23:02:05', 3, '2025-03-25 23:02:05', 1, 3),
(1020, 41, 4, '2025-04-03 15:00:00', 3, '2025-03-25 23:02:05', 3, '2025-03-25 23:02:05', 1, 3),
(1021, 41, 4, '2025-04-03 16:00:00', 3, '2025-03-25 23:02:05', 3, '2025-03-25 23:02:05', 1, 3),
(1022, 41, 4, '2025-04-03 17:00:00', 3, '2025-03-25 23:02:05', 3, '2025-03-25 23:02:05', 1, 3),
(1023, 41, 4, '2025-04-03 18:00:00', 3, '2025-03-25 23:02:05', 3, '2025-03-25 23:02:05', 1, 3),
(1024, 41, 4, '2025-04-03 19:00:00', 3, '2025-03-25 23:02:05', 3, '2025-03-25 23:02:05', 1, 3),
(1025, 41, 4, '2025-04-03 20:00:00', 3, '2025-03-25 23:02:05', 3, '2025-03-25 23:02:05', 1, 3),
(1026, 41, 4, '2025-04-03 21:00:00', 3, '2025-03-25 23:02:05', 3, '2025-03-25 23:02:05', 1, 3),
(1027, 41, 4, '2025-04-03 22:00:00', 3, '2025-03-25 23:02:05', 3, '2025-03-25 23:02:05', 1, 3),
(1028, 41, 4, '2025-04-04 08:00:00', 3, '2025-03-25 23:02:05', 3, '2025-03-25 23:02:05', 1, 3),
(1029, 41, 4, '2025-04-04 09:00:00', 3, '2025-03-25 23:02:05', 3, '2025-03-25 23:02:05', 1, 3),
(1030, 41, 4, '2025-04-04 10:00:00', 3, '2025-03-25 23:02:05', 3, '2025-03-25 23:02:05', 1, 3),
(1031, 41, 4, '2025-04-04 11:00:00', 3, '2025-03-25 23:02:05', 3, '2025-03-25 23:02:05', 1, 3),
(1032, 41, 4, '2025-04-04 12:00:00', 3, '2025-03-25 23:02:05', 3, '2025-03-25 23:02:05', 1, 3),
(1033, 41, 4, '2025-04-04 13:00:00', 3, '2025-03-25 23:02:05', 3, '2025-03-25 23:02:05', 1, 3),
(1034, 41, 4, '2025-04-04 14:00:00', 3, '2025-03-25 23:02:05', 3, '2025-03-25 23:02:05', 1, 3),
(1035, 41, 4, '2025-04-04 15:00:00', 3, '2025-03-25 23:02:05', 3, '2025-03-25 23:02:05', 1, 3),
(1036, 41, 4, '2025-04-04 16:00:00', 3, '2025-03-25 23:02:05', 3, '2025-03-25 23:02:05', 1, 3),
(1037, 41, 4, '2025-04-04 17:00:00', 3, '2025-03-25 23:02:05', 3, '2025-03-25 23:02:05', 1, 3),
(1038, 41, 4, '2025-04-04 18:00:00', 3, '2025-03-25 23:02:05', 3, '2025-03-25 23:02:05', 1, 3),
(1039, 41, 4, '2025-04-04 19:00:00', 3, '2025-03-25 23:02:05', 3, '2025-03-25 23:02:05', 1, 3),
(1040, 41, 4, '2025-04-04 20:00:00', 3, '2025-03-25 23:02:05', 3, '2025-03-25 23:02:05', 1, 3),
(1041, 41, 4, '2025-04-04 21:00:00', 3, '2025-03-25 23:02:05', 3, '2025-03-25 23:02:05', 1, 3),
(1042, 41, 4, '2025-04-04 22:00:00', 3, '2025-03-25 23:02:05', 3, '2025-03-25 23:02:05', 1, 3),
(1043, 41, 4, '2025-04-05 08:00:00', 3, '2025-03-25 23:02:05', 3, '2025-03-25 23:02:05', 1, 3),
(1044, 41, 4, '2025-04-05 09:00:00', 3, '2025-03-25 23:02:05', 3, '2025-03-25 23:02:05', 1, 3),
(1045, 41, 4, '2025-04-05 10:00:00', 3, '2025-03-25 23:02:05', 3, '2025-03-25 23:02:05', 1, 3),
(1046, 41, 4, '2025-04-05 11:00:00', 3, '2025-03-25 23:02:05', 3, '2025-03-25 23:02:05', 1, 3),
(1047, 41, 4, '2025-04-05 12:00:00', 3, '2025-03-25 23:02:05', 3, '2025-03-25 23:02:05', 1, 3),
(1048, 41, 4, '2025-04-05 13:00:00', 3, '2025-03-25 23:02:05', 3, '2025-03-25 23:02:05', 1, 3),
(1049, 41, 4, '2025-04-05 14:00:00', 3, '2025-03-25 23:02:05', 3, '2025-03-25 23:02:05', 1, 3),
(1050, 41, 4, '2025-04-05 15:00:00', 3, '2025-03-25 23:02:05', 3, '2025-03-25 23:02:05', 1, 3),
(1051, 41, 4, '2025-04-05 16:00:00', 3, '2025-03-25 23:02:05', 3, '2025-03-25 23:02:05', 1, 3),
(1052, 41, 4, '2025-04-05 17:00:00', 3, '2025-03-25 23:02:05', 3, '2025-03-25 23:02:05', 1, 3),
(1053, 41, 4, '2025-04-05 18:00:00', 3, '2025-03-25 23:02:05', 3, '2025-03-25 23:02:05', 1, 3),
(1054, 41, 4, '2025-04-05 19:00:00', 3, '2025-03-25 23:02:05', 3, '2025-03-25 23:02:05', 1, 3),
(1055, 41, 4, '2025-04-05 20:00:00', 3, '2025-03-25 23:02:05', 3, '2025-03-25 23:02:05', 1, 3),
(1056, 41, 4, '2025-04-05 21:00:00', 3, '2025-03-25 23:02:05', 3, '2025-03-25 23:02:05', 1, 3),
(1057, 41, 4, '2025-04-05 22:00:00', 3, '2025-03-25 23:02:05', 3, '2025-03-25 23:02:05', 1, 3),
(1058, 41, 4, '2025-04-06 08:00:00', 3, '2025-03-25 23:02:05', 3, '2025-03-25 23:02:05', 1, 3),
(1059, 41, 4, '2025-04-06 09:00:00', 3, '2025-03-25 23:02:05', 3, '2025-03-25 23:02:05', 1, 3),
(1060, 41, 4, '2025-04-06 10:00:00', 3, '2025-03-25 23:02:05', 3, '2025-03-25 23:02:05', 1, 3),
(1061, 41, 4, '2025-04-06 11:00:00', 3, '2025-03-25 23:02:05', 3, '2025-03-25 23:02:05', 1, 3),
(1062, 41, 4, '2025-04-06 12:00:00', 3, '2025-03-25 23:02:05', 3, '2025-03-25 23:02:05', 1, 3),
(1063, 41, 4, '2025-04-06 13:00:00', 3, '2025-03-25 23:02:05', 3, '2025-03-25 23:02:05', 1, 3),
(1064, 41, 4, '2025-04-06 14:00:00', 3, '2025-03-25 23:02:05', 3, '2025-03-25 23:02:05', 1, 3),
(1065, 41, 4, '2025-04-06 15:00:00', 3, '2025-03-25 23:02:05', 3, '2025-03-25 23:02:05', 1, 3),
(1066, 41, 4, '2025-04-06 16:00:00', 3, '2025-03-25 23:02:05', 3, '2025-03-25 23:02:05', 1, 3),
(1067, 41, 4, '2025-04-06 17:00:00', 3, '2025-03-25 23:02:05', 3, '2025-03-25 23:02:05', 1, 3),
(1068, 41, 4, '2025-04-06 18:00:00', 3, '2025-03-25 23:02:05', 3, '2025-03-25 23:02:05', 1, 3),
(1069, 41, 4, '2025-04-06 19:00:00', 3, '2025-03-25 23:02:05', 3, '2025-03-25 23:02:05', 1, 3),
(1070, 41, 4, '2025-04-06 20:00:00', 3, '2025-03-25 23:02:05', 3, '2025-03-25 23:02:05', 1, 3),
(1071, 41, 4, '2025-04-06 21:00:00', 3, '2025-03-25 23:02:05', 3, '2025-03-25 23:02:05', 1, 3),
(1072, 41, 4, '2025-04-06 22:00:00', 3, '2025-03-25 23:02:05', 3, '2025-03-25 23:02:05', 1, 3),
(1073, 41, 4, '2025-04-07 08:00:00', 3, '2025-03-25 23:02:05', 3, '2025-03-25 23:02:05', 1, 3),
(1074, 41, 4, '2025-04-07 09:00:00', 3, '2025-03-25 23:02:05', 3, '2025-03-25 23:02:05', 1, 3),
(1075, 41, 4, '2025-04-07 10:00:00', 3, '2025-03-25 23:02:05', 3, '2025-03-25 23:02:05', 1, 3),
(1076, 41, 4, '2025-04-07 11:00:00', 3, '2025-03-25 23:02:05', 3, '2025-03-25 23:02:05', 1, 3),
(1077, 41, 4, '2025-04-07 12:00:00', 3, '2025-03-25 23:02:05', 3, '2025-03-25 23:02:05', 1, 3),
(1078, 41, 4, '2025-04-07 13:00:00', 3, '2025-03-25 23:02:05', 3, '2025-03-25 23:02:05', 1, 3),
(1079, 41, 4, '2025-04-07 14:00:00', 3, '2025-03-25 23:02:05', 3, '2025-03-25 23:02:05', 1, 3),
(1080, 41, 4, '2025-04-07 15:00:00', 3, '2025-03-25 23:02:05', 3, '2025-03-25 23:02:05', 1, 3),
(1081, 41, 4, '2025-04-07 16:00:00', 3, '2025-03-25 23:02:05', 3, '2025-03-25 23:02:05', 1, 3),
(1082, 41, 4, '2025-04-07 17:00:00', 3, '2025-03-25 23:02:05', 3, '2025-03-25 23:02:05', 1, 3),
(1083, 41, 4, '2025-04-07 18:00:00', 3, '2025-03-25 23:02:05', 3, '2025-03-25 23:02:05', 1, 3),
(1084, 41, 4, '2025-04-07 19:00:00', 3, '2025-03-25 23:02:05', 3, '2025-03-25 23:02:05', 1, 3),
(1085, 41, 4, '2025-04-07 20:00:00', 3, '2025-03-25 23:02:05', 3, '2025-03-25 23:02:05', 1, 3),
(1086, 41, 4, '2025-04-07 21:00:00', 3, '2025-03-25 23:02:05', 3, '2025-03-25 23:02:05', 1, 3),
(1087, 41, 4, '2025-04-07 22:00:00', 3, '2025-03-25 23:02:05', 3, '2025-03-25 23:02:05', 1, 3),
(1088, 41, 4, '2025-04-08 08:00:00', 3, '2025-03-25 23:02:05', 3, '2025-03-25 23:02:05', 1, 3),
(1089, 41, 4, '2025-04-08 09:00:00', 3, '2025-03-25 23:02:05', 3, '2025-03-25 23:02:05', 1, 3),
(1090, 41, 4, '2025-04-08 10:00:00', 3, '2025-03-25 23:02:05', 3, '2025-03-25 23:02:05', 1, 3),
(1091, 41, 4, '2025-04-08 11:00:00', 3, '2025-03-25 23:02:05', 3, '2025-03-25 23:02:05', 1, 3),
(1092, 41, 4, '2025-04-08 12:00:00', 3, '2025-03-25 23:02:05', 3, '2025-03-25 23:02:05', 1, 3),
(1093, 41, 4, '2025-04-08 13:00:00', 3, '2025-03-25 23:02:05', 3, '2025-03-25 23:02:05', 1, 3),
(1094, 41, 4, '2025-04-08 14:00:00', 3, '2025-03-25 23:02:05', 3, '2025-03-25 23:02:05', 1, 3);
INSERT INTO `suatchieu` (`MaSuatChieu`, `MaPhim`, `MaPhong`, `GioChieu`, `NguoiTao`, `NgayTao`, `NguoiCapNhat`, `NgayCapNhat`, `TrangThai`, `MaRap`) VALUES
(1095, 41, 4, '2025-04-08 15:00:00', 3, '2025-03-25 23:02:05', 3, '2025-03-25 23:02:05', 1, 3),
(1096, 41, 4, '2025-04-08 16:00:00', 3, '2025-03-25 23:02:05', 3, '2025-03-25 23:02:05', 1, 3),
(1097, 41, 4, '2025-04-08 17:00:00', 3, '2025-03-25 23:02:05', 3, '2025-03-25 23:02:05', 1, 3),
(1098, 41, 4, '2025-04-08 18:00:00', 3, '2025-03-25 23:02:05', 3, '2025-03-25 23:02:05', 1, 3),
(1099, 41, 4, '2025-04-08 19:00:00', 3, '2025-03-25 23:02:05', 3, '2025-03-25 23:02:05', 1, 3),
(1100, 41, 4, '2025-04-08 20:00:00', 3, '2025-03-25 23:02:05', 3, '2025-03-25 23:02:05', 1, 3),
(1101, 41, 4, '2025-04-08 21:00:00', 3, '2025-03-25 23:02:05', 3, '2025-03-25 23:02:05', 1, 3),
(1102, 41, 4, '2025-04-08 22:00:00', 3, '2025-03-25 23:02:05', 3, '2025-03-25 23:02:05', 1, 3),
(1103, 41, 4, '2025-04-09 08:00:00', 3, '2025-03-25 23:02:05', 3, '2025-03-25 23:02:05', 1, 3),
(1104, 41, 4, '2025-04-09 09:00:00', 3, '2025-03-25 23:02:05', 3, '2025-03-25 23:02:05', 1, 3),
(1105, 41, 4, '2025-04-09 10:00:00', 3, '2025-03-25 23:02:05', 3, '2025-03-25 23:02:05', 1, 3),
(1106, 41, 4, '2025-04-09 11:00:00', 3, '2025-03-25 23:02:05', 3, '2025-03-25 23:02:05', 1, 3),
(1107, 41, 4, '2025-04-09 12:00:00', 3, '2025-03-25 23:02:05', 3, '2025-03-25 23:02:05', 1, 3),
(1108, 41, 4, '2025-04-09 13:00:00', 3, '2025-03-25 23:02:05', 3, '2025-03-25 23:02:05', 1, 3),
(1109, 41, 4, '2025-04-09 14:00:00', 3, '2025-03-25 23:02:05', 3, '2025-03-25 23:02:05', 1, 3),
(1110, 41, 4, '2025-04-09 15:00:00', 3, '2025-03-25 23:02:05', 3, '2025-03-25 23:02:05', 1, 3),
(1111, 41, 4, '2025-04-09 16:00:00', 3, '2025-03-25 23:02:05', 3, '2025-03-25 23:02:05', 1, 3),
(1112, 41, 4, '2025-04-09 17:00:00', 3, '2025-03-25 23:02:05', 3, '2025-03-25 23:02:05', 1, 3),
(1113, 41, 4, '2025-04-09 18:00:00', 3, '2025-03-25 23:02:05', 3, '2025-03-25 23:02:05', 1, 3),
(1114, 41, 4, '2025-04-09 19:00:00', 3, '2025-03-25 23:02:05', 3, '2025-03-25 23:02:05', 1, 3),
(1115, 41, 4, '2025-04-09 20:00:00', 3, '2025-03-25 23:02:05', 3, '2025-03-25 23:02:05', 1, 3),
(1116, 41, 4, '2025-04-09 21:00:00', 3, '2025-03-25 23:02:05', 3, '2025-03-25 23:02:05', 1, 3),
(1117, 41, 4, '2025-04-09 22:00:00', 3, '2025-03-25 23:02:05', 3, '2025-03-25 23:02:05', 1, 3),
(1118, 41, 4, '2025-04-10 08:00:00', 3, '2025-03-25 23:02:05', 3, '2025-03-25 23:02:05', 1, 3),
(1119, 41, 4, '2025-04-10 09:00:00', 3, '2025-03-25 23:02:05', 3, '2025-03-25 23:02:05', 1, 3),
(1120, 41, 4, '2025-04-10 10:00:00', 3, '2025-03-25 23:02:05', 3, '2025-03-25 23:02:05', 1, 3),
(1121, 41, 4, '2025-04-10 11:00:00', 3, '2025-03-25 23:02:05', 3, '2025-03-25 23:02:05', 1, 3),
(1122, 41, 4, '2025-04-10 12:00:00', 3, '2025-03-25 23:02:05', 3, '2025-03-25 23:02:05', 1, 3),
(1123, 41, 4, '2025-04-10 13:00:00', 3, '2025-03-25 23:02:05', 3, '2025-03-25 23:02:05', 1, 3),
(1124, 41, 4, '2025-04-10 14:00:00', 3, '2025-03-25 23:02:05', 3, '2025-03-25 23:02:05', 1, 3),
(1125, 41, 4, '2025-04-10 15:00:00', 3, '2025-03-25 23:02:05', 3, '2025-03-25 23:02:05', 1, 3),
(1126, 41, 4, '2025-04-10 16:00:00', 3, '2025-03-25 23:02:05', 3, '2025-03-25 23:02:05', 1, 3),
(1127, 41, 4, '2025-04-10 17:00:00', 3, '2025-03-25 23:02:05', 3, '2025-03-25 23:02:05', 1, 3),
(1128, 41, 4, '2025-04-10 18:00:00', 3, '2025-03-25 23:02:05', 3, '2025-03-25 23:02:05', 1, 3),
(1129, 41, 4, '2025-04-10 19:00:00', 3, '2025-03-25 23:02:05', 3, '2025-03-25 23:02:05', 1, 3),
(1130, 41, 4, '2025-04-10 20:00:00', 3, '2025-03-25 23:02:05', 3, '2025-03-25 23:02:05', 1, 3),
(1131, 41, 4, '2025-04-10 21:00:00', 3, '2025-03-25 23:02:05', 3, '2025-03-25 23:02:05', 1, 3),
(1132, 41, 4, '2025-04-10 22:00:00', 3, '2025-03-25 23:02:05', 3, '2025-03-25 23:02:05', 1, 3),
(1133, 41, 4, '2025-04-11 08:00:00', 3, '2025-03-25 23:02:05', 3, '2025-03-25 23:02:05', 1, 3),
(1134, 41, 4, '2025-04-11 09:00:00', 3, '2025-03-25 23:02:05', 3, '2025-03-25 23:02:05', 1, 3),
(1135, 41, 4, '2025-04-11 10:00:00', 3, '2025-03-25 23:02:05', 3, '2025-03-25 23:02:05', 1, 3),
(1136, 41, 4, '2025-04-11 11:00:00', 3, '2025-03-25 23:02:05', 3, '2025-03-25 23:02:05', 1, 3),
(1137, 41, 4, '2025-04-11 12:00:00', 3, '2025-03-25 23:02:05', 3, '2025-03-25 23:02:05', 1, 3),
(1138, 41, 4, '2025-04-11 13:00:00', 3, '2025-03-25 23:02:05', 3, '2025-03-25 23:02:05', 1, 3),
(1139, 41, 4, '2025-04-11 14:00:00', 3, '2025-03-25 23:02:05', 3, '2025-03-25 23:02:05', 1, 3),
(1140, 41, 4, '2025-04-11 15:00:00', 3, '2025-03-25 23:02:05', 3, '2025-03-25 23:02:05', 1, 3),
(1141, 41, 4, '2025-04-11 16:00:00', 3, '2025-03-25 23:02:05', 3, '2025-03-25 23:02:05', 1, 3),
(1142, 41, 4, '2025-04-11 17:00:00', 3, '2025-03-25 23:02:05', 3, '2025-03-25 23:02:05', 1, 3),
(1143, 41, 4, '2025-04-11 18:00:00', 3, '2025-03-25 23:02:05', 3, '2025-03-25 23:02:05', 1, 3),
(1144, 41, 4, '2025-04-11 19:00:00', 3, '2025-03-25 23:02:05', 3, '2025-03-25 23:02:05', 1, 3),
(1145, 41, 4, '2025-04-11 20:00:00', 3, '2025-03-25 23:02:05', 3, '2025-03-25 23:02:05', 1, 3),
(1146, 41, 4, '2025-04-11 21:00:00', 3, '2025-03-25 23:02:05', 3, '2025-03-25 23:02:05', 1, 3),
(1147, 41, 4, '2025-04-11 22:00:00', 3, '2025-03-25 23:02:05', 3, '2025-03-25 23:02:05', 1, 3),
(1148, 41, 3, '2025-03-25 08:00:00', 3, '2025-03-25 23:02:24', 3, '2025-03-25 23:02:24', 1, 3),
(1149, 41, 3, '2025-03-25 09:00:00', 3, '2025-03-25 23:02:24', 3, '2025-03-25 23:02:24', 1, 3),
(1150, 41, 3, '2025-03-25 10:00:00', 3, '2025-03-25 23:02:24', 3, '2025-03-25 23:02:24', 1, 3),
(1151, 41, 3, '2025-03-25 11:00:00', 3, '2025-03-25 23:02:24', 3, '2025-03-25 23:02:24', 1, 3),
(1152, 41, 3, '2025-03-25 12:00:00', 3, '2025-03-25 23:02:24', 3, '2025-03-25 23:02:24', 1, 3),
(1153, 41, 3, '2025-03-25 13:00:00', 3, '2025-03-25 23:02:24', 3, '2025-03-25 23:02:24', 1, 3),
(1154, 41, 3, '2025-03-25 14:00:00', 3, '2025-03-25 23:02:24', 3, '2025-03-25 23:02:24', 1, 3),
(1155, 41, 3, '2025-03-25 15:00:00', 3, '2025-03-25 23:02:24', 3, '2025-03-25 23:02:24', 1, 3),
(1156, 41, 3, '2025-03-25 16:00:00', 3, '2025-03-25 23:02:24', 3, '2025-03-25 23:02:24', 1, 3),
(1157, 41, 3, '2025-03-25 17:00:00', 3, '2025-03-25 23:02:24', 3, '2025-03-25 23:02:24', 1, 3),
(1158, 41, 3, '2025-03-25 18:00:00', 3, '2025-03-25 23:02:24', 3, '2025-03-25 23:02:24', 1, 3),
(1159, 41, 3, '2025-03-25 19:00:00', 3, '2025-03-25 23:02:24', 3, '2025-03-25 23:02:24', 1, 3),
(1160, 41, 3, '2025-03-25 20:00:00', 3, '2025-03-25 23:02:24', 3, '2025-03-25 23:02:24', 1, 3),
(1161, 41, 3, '2025-03-25 21:00:00', 3, '2025-03-25 23:02:24', 3, '2025-03-25 23:02:24', 1, 3),
(1162, 41, 3, '2025-03-25 22:00:00', 3, '2025-03-25 23:02:24', 3, '2025-03-25 23:02:24', 1, 3),
(1163, 41, 3, '2025-03-26 08:00:00', 3, '2025-03-25 23:02:24', 3, '2025-03-25 23:02:24', 1, 3),
(1164, 41, 3, '2025-03-26 09:00:00', 3, '2025-03-25 23:02:24', 3, '2025-03-25 23:02:24', 1, 3),
(1165, 41, 3, '2025-03-26 10:00:00', 3, '2025-03-25 23:02:24', 3, '2025-03-25 23:02:24', 1, 3),
(1166, 41, 3, '2025-03-26 11:00:00', 3, '2025-03-25 23:02:24', 3, '2025-03-25 23:02:24', 1, 3),
(1167, 41, 3, '2025-03-26 12:00:00', 3, '2025-03-25 23:02:24', 3, '2025-03-25 23:02:24', 1, 3),
(1168, 41, 3, '2025-03-26 13:00:00', 3, '2025-03-25 23:02:24', 3, '2025-03-25 23:02:24', 1, 3),
(1169, 41, 3, '2025-03-26 14:00:00', 3, '2025-03-25 23:02:24', 3, '2025-03-25 23:02:24', 1, 3),
(1170, 41, 3, '2025-03-26 15:00:00', 3, '2025-03-25 23:02:24', 3, '2025-03-25 23:02:24', 1, 3),
(1171, 41, 3, '2025-03-26 16:00:00', 3, '2025-03-25 23:02:24', 3, '2025-03-25 23:02:24', 1, 3),
(1172, 41, 3, '2025-03-26 17:00:00', 3, '2025-03-25 23:02:24', 3, '2025-03-25 23:02:24', 1, 3),
(1173, 41, 3, '2025-03-26 18:00:00', 3, '2025-03-25 23:02:24', 3, '2025-03-25 23:02:24', 1, 3),
(1174, 41, 3, '2025-03-26 19:00:00', 3, '2025-03-25 23:02:24', 3, '2025-03-25 23:02:24', 1, 3),
(1175, 41, 3, '2025-03-26 20:00:00', 3, '2025-03-25 23:02:24', 3, '2025-03-25 23:02:24', 1, 3),
(1176, 41, 3, '2025-03-26 21:00:00', 3, '2025-03-25 23:02:24', 3, '2025-03-25 23:02:24', 1, 3),
(1177, 41, 3, '2025-03-26 22:00:00', 3, '2025-03-25 23:02:24', 3, '2025-03-25 23:02:24', 1, 3),
(1178, 41, 3, '2025-03-27 08:00:00', 3, '2025-03-25 23:02:24', 3, '2025-03-25 23:02:24', 1, 3),
(1179, 41, 3, '2025-03-27 09:00:00', 3, '2025-03-25 23:02:24', 3, '2025-03-25 23:02:24', 1, 3),
(1180, 41, 3, '2025-03-27 10:00:00', 3, '2025-03-25 23:02:25', 3, '2025-03-25 23:02:25', 1, 3),
(1181, 41, 3, '2025-03-27 11:00:00', 3, '2025-03-25 23:02:25', 3, '2025-03-25 23:02:25', 1, 3),
(1182, 41, 3, '2025-03-27 12:00:00', 3, '2025-03-25 23:02:25', 3, '2025-03-25 23:02:25', 1, 3),
(1183, 41, 3, '2025-03-27 13:00:00', 3, '2025-03-25 23:02:25', 3, '2025-03-25 23:02:25', 1, 3),
(1184, 41, 3, '2025-03-27 14:00:00', 3, '2025-03-25 23:02:25', 3, '2025-03-25 23:02:25', 1, 3),
(1185, 41, 3, '2025-03-27 15:00:00', 3, '2025-03-25 23:02:25', 3, '2025-03-25 23:02:25', 1, 3),
(1186, 41, 3, '2025-03-27 16:00:00', 3, '2025-03-25 23:02:25', 3, '2025-03-25 23:02:25', 1, 3),
(1187, 41, 3, '2025-03-27 17:00:00', 3, '2025-03-25 23:02:25', 3, '2025-03-25 23:02:25', 1, 3),
(1188, 41, 3, '2025-03-27 18:00:00', 3, '2025-03-25 23:02:25', 3, '2025-03-25 23:02:25', 1, 3),
(1189, 41, 3, '2025-03-27 19:00:00', 3, '2025-03-25 23:02:25', 3, '2025-03-25 23:02:25', 1, 3),
(1190, 41, 3, '2025-03-27 20:00:00', 3, '2025-03-25 23:02:25', 3, '2025-03-25 23:02:25', 1, 3),
(1191, 41, 3, '2025-03-27 21:00:00', 3, '2025-03-25 23:02:25', 3, '2025-03-25 23:02:25', 1, 3),
(1192, 41, 3, '2025-03-27 22:00:00', 3, '2025-03-25 23:02:25', 3, '2025-03-25 23:02:25', 1, 3),
(1193, 41, 3, '2025-03-28 08:00:00', 3, '2025-03-25 23:02:25', 3, '2025-03-25 23:02:25', 1, 3),
(1194, 41, 3, '2025-03-28 09:00:00', 3, '2025-03-25 23:02:25', 3, '2025-03-25 23:02:25', 1, 3),
(1195, 41, 3, '2025-03-28 10:00:00', 3, '2025-03-25 23:02:25', 3, '2025-03-25 23:02:25', 1, 3),
(1196, 41, 3, '2025-03-28 11:00:00', 3, '2025-03-25 23:02:25', 3, '2025-03-25 23:02:25', 1, 3),
(1197, 41, 3, '2025-03-28 12:00:00', 3, '2025-03-25 23:02:25', 3, '2025-03-25 23:02:25', 1, 3),
(1198, 41, 3, '2025-03-28 13:00:00', 3, '2025-03-25 23:02:25', 3, '2025-03-25 23:02:25', 1, 3),
(1199, 41, 3, '2025-03-28 14:00:00', 3, '2025-03-25 23:02:25', 3, '2025-03-25 23:02:25', 1, 3),
(1200, 41, 3, '2025-03-28 15:00:00', 3, '2025-03-25 23:02:25', 3, '2025-03-25 23:02:25', 1, 3),
(1201, 41, 3, '2025-03-28 16:00:00', 3, '2025-03-25 23:02:25', 3, '2025-03-25 23:02:25', 1, 3),
(1202, 41, 3, '2025-03-28 17:00:00', 3, '2025-03-25 23:02:25', 3, '2025-03-25 23:02:25', 1, 3),
(1203, 41, 3, '2025-03-28 18:00:00', 3, '2025-03-25 23:02:25', 3, '2025-03-25 23:02:25', 1, 3),
(1204, 41, 3, '2025-03-28 19:00:00', 3, '2025-03-25 23:02:25', 3, '2025-03-25 23:02:25', 1, 3),
(1205, 41, 3, '2025-03-28 20:00:00', 3, '2025-03-25 23:02:25', 3, '2025-03-25 23:02:25', 1, 3),
(1206, 41, 3, '2025-03-28 21:00:00', 3, '2025-03-25 23:02:25', 3, '2025-03-25 23:02:25', 1, 3),
(1207, 41, 3, '2025-03-28 22:00:00', 3, '2025-03-25 23:02:25', 3, '2025-03-25 23:02:25', 1, 3),
(1208, 41, 3, '2025-03-29 08:00:00', 3, '2025-03-25 23:02:25', 3, '2025-03-25 23:02:25', 1, 3),
(1209, 41, 3, '2025-03-29 09:00:00', 3, '2025-03-25 23:02:25', 3, '2025-03-25 23:02:25', 1, 3),
(1210, 41, 3, '2025-03-29 10:00:00', 3, '2025-03-25 23:02:25', 3, '2025-03-25 23:02:25', 1, 3),
(1211, 41, 3, '2025-03-29 11:00:00', 3, '2025-03-25 23:02:25', 3, '2025-03-25 23:02:25', 1, 3),
(1212, 41, 3, '2025-03-29 12:00:00', 3, '2025-03-25 23:02:25', 3, '2025-03-25 23:02:25', 1, 3),
(1213, 41, 3, '2025-03-29 13:00:00', 3, '2025-03-25 23:02:25', 3, '2025-03-25 23:02:25', 1, 3),
(1214, 41, 3, '2025-03-29 14:00:00', 3, '2025-03-25 23:02:25', 3, '2025-03-25 23:02:25', 1, 3),
(1215, 41, 3, '2025-03-29 15:00:00', 3, '2025-03-25 23:02:25', 3, '2025-03-25 23:02:25', 1, 3),
(1216, 41, 3, '2025-03-29 16:00:00', 3, '2025-03-25 23:02:25', 3, '2025-03-25 23:02:25', 1, 3),
(1217, 41, 3, '2025-03-29 17:00:00', 3, '2025-03-25 23:02:25', 3, '2025-03-25 23:02:25', 1, 3),
(1218, 41, 3, '2025-03-29 18:00:00', 3, '2025-03-25 23:02:25', 3, '2025-03-25 23:02:25', 1, 3),
(1219, 41, 3, '2025-03-29 19:00:00', 3, '2025-03-25 23:02:25', 3, '2025-03-25 23:02:25', 1, 3),
(1220, 41, 3, '2025-03-29 20:00:00', 3, '2025-03-25 23:02:25', 3, '2025-03-25 23:02:25', 1, 3),
(1221, 41, 3, '2025-03-29 21:00:00', 3, '2025-03-25 23:02:25', 3, '2025-03-25 23:02:25', 1, 3),
(1222, 41, 3, '2025-03-29 22:00:00', 3, '2025-03-25 23:02:25', 3, '2025-03-25 23:02:25', 1, 3),
(1223, 41, 3, '2025-03-30 08:00:00', 3, '2025-03-25 23:02:25', 3, '2025-03-25 23:02:25', 1, 3),
(1224, 41, 3, '2025-03-30 09:00:00', 3, '2025-03-25 23:02:25', 3, '2025-03-25 23:02:25', 1, 3),
(1225, 41, 3, '2025-03-30 10:00:00', 3, '2025-03-25 23:02:25', 3, '2025-03-25 23:02:25', 1, 3),
(1226, 41, 3, '2025-03-30 11:00:00', 3, '2025-03-25 23:02:25', 3, '2025-03-25 23:02:25', 1, 3),
(1227, 41, 3, '2025-03-30 12:00:00', 3, '2025-03-25 23:02:25', 3, '2025-03-25 23:02:25', 1, 3),
(1228, 41, 3, '2025-03-30 13:00:00', 3, '2025-03-25 23:02:25', 3, '2025-03-25 23:02:25', 1, 3),
(1229, 41, 3, '2025-03-30 14:00:00', 3, '2025-03-25 23:02:25', 3, '2025-03-25 23:02:25', 1, 3),
(1230, 41, 3, '2025-03-30 15:00:00', 3, '2025-03-25 23:02:25', 3, '2025-03-25 23:02:25', 1, 3),
(1231, 41, 3, '2025-03-30 16:00:00', 3, '2025-03-25 23:02:25', 3, '2025-03-25 23:02:25', 1, 3),
(1232, 41, 3, '2025-03-30 17:00:00', 3, '2025-03-25 23:02:25', 3, '2025-03-25 23:02:25', 1, 3),
(1233, 41, 3, '2025-03-30 18:00:00', 3, '2025-03-25 23:02:25', 3, '2025-03-25 23:02:25', 1, 3),
(1234, 41, 3, '2025-03-30 19:00:00', 3, '2025-03-25 23:02:25', 3, '2025-03-25 23:02:25', 1, 3),
(1235, 41, 3, '2025-03-30 20:00:00', 3, '2025-03-25 23:02:25', 3, '2025-03-25 23:02:25', 1, 3),
(1236, 41, 3, '2025-03-30 21:00:00', 3, '2025-03-25 23:02:25', 3, '2025-03-25 23:02:25', 1, 3),
(1237, 41, 3, '2025-03-30 22:00:00', 3, '2025-03-25 23:02:25', 3, '2025-03-25 23:02:25', 1, 3),
(1238, 41, 3, '2025-03-31 08:00:00', 3, '2025-03-25 23:02:25', 3, '2025-03-25 23:02:25', 1, 3),
(1239, 41, 3, '2025-03-31 09:00:00', 3, '2025-03-25 23:02:25', 3, '2025-03-25 23:02:25', 1, 3),
(1240, 41, 3, '2025-03-31 10:00:00', 3, '2025-03-25 23:02:25', 3, '2025-03-25 23:02:25', 1, 3),
(1241, 41, 3, '2025-03-31 11:00:00', 3, '2025-03-25 23:02:25', 3, '2025-03-25 23:02:25', 1, 3),
(1242, 41, 3, '2025-03-31 12:00:00', 3, '2025-03-25 23:02:25', 3, '2025-03-25 23:02:25', 1, 3),
(1243, 41, 3, '2025-03-31 13:00:00', 3, '2025-03-25 23:02:25', 3, '2025-03-25 23:02:25', 1, 3),
(1244, 41, 3, '2025-03-31 14:00:00', 3, '2025-03-25 23:02:25', 3, '2025-03-25 23:02:25', 1, 3),
(1245, 41, 3, '2025-03-31 15:00:00', 3, '2025-03-25 23:02:25', 3, '2025-03-25 23:02:25', 1, 3),
(1246, 41, 3, '2025-03-31 16:00:00', 3, '2025-03-25 23:02:25', 3, '2025-03-25 23:02:25', 1, 3),
(1247, 41, 3, '2025-03-31 17:00:00', 3, '2025-03-25 23:02:25', 3, '2025-03-25 23:02:25', 1, 3),
(1248, 41, 3, '2025-03-31 18:00:00', 3, '2025-03-25 23:02:25', 3, '2025-03-25 23:02:25', 1, 3),
(1249, 41, 3, '2025-03-31 19:00:00', 3, '2025-03-25 23:02:25', 3, '2025-03-25 23:02:25', 1, 3),
(1250, 41, 3, '2025-03-31 20:00:00', 3, '2025-03-25 23:02:25', 3, '2025-03-25 23:02:25', 1, 3),
(1251, 41, 3, '2025-03-31 21:00:00', 3, '2025-03-25 23:02:25', 3, '2025-03-25 23:02:25', 1, 3),
(1252, 41, 3, '2025-03-31 22:00:00', 3, '2025-03-25 23:02:25', 3, '2025-03-25 23:02:25', 1, 3),
(1253, 41, 3, '2025-04-01 08:00:00', 3, '2025-03-25 23:02:25', 3, '2025-03-25 23:02:25', 1, 3),
(1254, 41, 3, '2025-04-01 09:00:00', 3, '2025-03-25 23:02:25', 3, '2025-03-25 23:02:25', 1, 3),
(1255, 41, 3, '2025-04-01 10:00:00', 3, '2025-03-25 23:02:25', 3, '2025-03-25 23:02:25', 1, 3),
(1256, 41, 3, '2025-04-01 11:00:00', 3, '2025-03-25 23:02:25', 3, '2025-03-25 23:02:25', 1, 3),
(1257, 41, 3, '2025-04-01 12:00:00', 3, '2025-03-25 23:02:25', 3, '2025-03-25 23:02:25', 1, 3),
(1258, 41, 3, '2025-04-01 13:00:00', 3, '2025-03-25 23:02:25', 3, '2025-03-25 23:02:25', 1, 3),
(1259, 41, 3, '2025-04-01 14:00:00', 3, '2025-03-25 23:02:25', 3, '2025-03-25 23:02:25', 1, 3),
(1260, 41, 3, '2025-04-01 15:00:00', 3, '2025-03-25 23:02:25', 3, '2025-03-25 23:02:25', 1, 3),
(1261, 41, 3, '2025-04-01 16:00:00', 3, '2025-03-25 23:02:25', 3, '2025-03-25 23:02:25', 1, 3),
(1262, 41, 3, '2025-04-01 17:00:00', 3, '2025-03-25 23:02:25', 3, '2025-03-25 23:02:25', 1, 3),
(1263, 41, 3, '2025-04-01 18:00:00', 3, '2025-03-25 23:02:25', 3, '2025-03-25 23:02:25', 1, 3),
(1264, 41, 3, '2025-04-01 19:00:00', 3, '2025-03-25 23:02:25', 3, '2025-03-25 23:02:25', 1, 3),
(1265, 41, 3, '2025-04-01 20:00:00', 3, '2025-03-25 23:02:25', 3, '2025-03-25 23:02:25', 1, 3),
(1266, 41, 3, '2025-04-01 21:00:00', 3, '2025-03-25 23:02:25', 3, '2025-03-25 23:02:25', 1, 3),
(1267, 41, 3, '2025-04-01 22:00:00', 3, '2025-03-25 23:02:25', 3, '2025-03-25 23:02:25', 1, 3),
(1268, 41, 3, '2025-04-02 08:00:00', 3, '2025-03-25 23:02:25', 3, '2025-03-25 23:02:25', 1, 3),
(1269, 41, 3, '2025-04-02 09:00:00', 3, '2025-03-25 23:02:25', 3, '2025-03-25 23:02:25', 1, 3),
(1270, 41, 3, '2025-04-02 10:00:00', 3, '2025-03-25 23:02:25', 3, '2025-03-25 23:02:25', 1, 3),
(1271, 41, 3, '2025-04-02 11:00:00', 3, '2025-03-25 23:02:25', 3, '2025-03-25 23:02:25', 1, 3),
(1272, 41, 3, '2025-04-02 12:00:00', 3, '2025-03-25 23:02:25', 3, '2025-03-25 23:02:25', 1, 3),
(1273, 41, 3, '2025-04-02 13:00:00', 3, '2025-03-25 23:02:25', 3, '2025-03-25 23:02:25', 1, 3),
(1274, 41, 3, '2025-04-02 14:00:00', 3, '2025-03-25 23:02:25', 3, '2025-03-25 23:02:25', 1, 3),
(1275, 41, 3, '2025-04-02 15:00:00', 3, '2025-03-25 23:02:25', 3, '2025-03-25 23:02:25', 1, 3),
(1276, 41, 3, '2025-04-02 16:00:00', 3, '2025-03-25 23:02:25', 3, '2025-03-25 23:02:25', 1, 3),
(1277, 41, 3, '2025-04-02 17:00:00', 3, '2025-03-25 23:02:25', 3, '2025-03-25 23:02:25', 1, 3),
(1278, 41, 3, '2025-04-02 18:00:00', 3, '2025-03-25 23:02:25', 3, '2025-03-25 23:02:25', 1, 3),
(1279, 41, 3, '2025-04-02 19:00:00', 3, '2025-03-25 23:02:25', 3, '2025-03-25 23:02:25', 1, 3),
(1280, 41, 3, '2025-04-02 20:00:00', 3, '2025-03-25 23:02:25', 3, '2025-03-25 23:02:25', 1, 3),
(1281, 41, 3, '2025-04-02 21:00:00', 3, '2025-03-25 23:02:25', 3, '2025-03-25 23:02:25', 1, 3),
(1282, 41, 3, '2025-04-02 22:00:00', 3, '2025-03-25 23:02:25', 3, '2025-03-25 23:02:25', 1, 3),
(1283, 41, 3, '2025-04-03 08:00:00', 3, '2025-03-25 23:02:25', 3, '2025-03-25 23:02:25', 1, 3),
(1284, 41, 3, '2025-04-03 09:00:00', 3, '2025-03-25 23:02:25', 3, '2025-03-25 23:02:25', 1, 3),
(1285, 41, 3, '2025-04-03 10:00:00', 3, '2025-03-25 23:02:25', 3, '2025-03-25 23:02:25', 1, 3),
(1286, 41, 3, '2025-04-03 11:00:00', 3, '2025-03-25 23:02:25', 3, '2025-03-25 23:02:25', 1, 3),
(1287, 41, 3, '2025-04-03 12:00:00', 3, '2025-03-25 23:02:25', 3, '2025-03-25 23:02:25', 1, 3),
(1288, 41, 3, '2025-04-03 13:00:00', 3, '2025-03-25 23:02:25', 3, '2025-03-25 23:02:25', 1, 3),
(1289, 41, 3, '2025-04-03 14:00:00', 3, '2025-03-25 23:02:25', 3, '2025-03-25 23:02:25', 1, 3),
(1290, 41, 3, '2025-04-03 15:00:00', 3, '2025-03-25 23:02:25', 3, '2025-03-25 23:02:25', 1, 3),
(1291, 41, 3, '2025-04-03 16:00:00', 3, '2025-03-25 23:02:25', 3, '2025-03-25 23:02:25', 1, 3),
(1292, 41, 3, '2025-04-03 17:00:00', 3, '2025-03-25 23:02:25', 3, '2025-03-25 23:02:25', 1, 3),
(1293, 41, 3, '2025-04-03 18:00:00', 3, '2025-03-25 23:02:25', 3, '2025-03-25 23:02:25', 1, 3),
(1294, 41, 3, '2025-04-03 19:00:00', 3, '2025-03-25 23:02:25', 3, '2025-03-25 23:02:25', 1, 3),
(1295, 41, 3, '2025-04-03 20:00:00', 3, '2025-03-25 23:02:25', 3, '2025-03-25 23:02:25', 1, 3),
(1296, 41, 3, '2025-04-03 21:00:00', 3, '2025-03-25 23:02:25', 3, '2025-03-25 23:02:25', 1, 3),
(1297, 41, 3, '2025-04-03 22:00:00', 3, '2025-03-25 23:02:25', 3, '2025-03-25 23:02:25', 1, 3),
(1298, 41, 3, '2025-04-04 08:00:00', 3, '2025-03-25 23:02:25', 3, '2025-03-25 23:02:25', 1, 3),
(1299, 41, 3, '2025-04-04 09:00:00', 3, '2025-03-25 23:02:25', 3, '2025-03-25 23:02:25', 1, 3),
(1300, 41, 3, '2025-04-04 10:00:00', 3, '2025-03-25 23:02:25', 3, '2025-03-25 23:02:25', 1, 3),
(1301, 41, 3, '2025-04-04 11:00:00', 3, '2025-03-25 23:02:25', 3, '2025-03-25 23:02:25', 1, 3),
(1302, 41, 3, '2025-04-04 12:00:00', 3, '2025-03-25 23:02:25', 3, '2025-03-25 23:02:25', 1, 3),
(1303, 41, 3, '2025-04-04 13:00:00', 3, '2025-03-25 23:02:25', 3, '2025-03-25 23:02:25', 1, 3),
(1304, 41, 3, '2025-04-04 14:00:00', 3, '2025-03-25 23:02:25', 3, '2025-03-25 23:02:25', 1, 3),
(1305, 41, 3, '2025-04-04 15:00:00', 3, '2025-03-25 23:02:25', 3, '2025-03-25 23:02:25', 1, 3),
(1306, 41, 3, '2025-04-04 16:00:00', 3, '2025-03-25 23:02:25', 3, '2025-03-25 23:02:25', 1, 3),
(1307, 41, 3, '2025-04-04 17:00:00', 3, '2025-03-25 23:02:25', 3, '2025-03-25 23:02:25', 1, 3),
(1308, 41, 3, '2025-04-04 18:00:00', 3, '2025-03-25 23:02:25', 3, '2025-03-25 23:02:25', 1, 3),
(1309, 41, 3, '2025-04-04 19:00:00', 3, '2025-03-25 23:02:25', 3, '2025-03-25 23:02:25', 1, 3),
(1310, 41, 3, '2025-04-04 20:00:00', 3, '2025-03-25 23:02:25', 3, '2025-03-25 23:02:25', 1, 3),
(1311, 41, 3, '2025-04-04 21:00:00', 3, '2025-03-25 23:02:25', 3, '2025-03-25 23:02:25', 1, 3),
(1312, 41, 3, '2025-04-04 22:00:00', 3, '2025-03-25 23:02:25', 3, '2025-03-25 23:02:25', 1, 3),
(1313, 41, 3, '2025-04-05 08:00:00', 3, '2025-03-25 23:02:25', 3, '2025-03-25 23:02:25', 1, 3),
(1314, 41, 3, '2025-04-05 09:00:00', 3, '2025-03-25 23:02:25', 3, '2025-03-25 23:02:25', 1, 3),
(1315, 41, 3, '2025-04-05 10:00:00', 3, '2025-03-25 23:02:25', 3, '2025-03-25 23:02:25', 1, 3),
(1316, 41, 3, '2025-04-05 11:00:00', 3, '2025-03-25 23:02:25', 3, '2025-03-25 23:02:25', 1, 3),
(1317, 41, 3, '2025-04-05 12:00:00', 3, '2025-03-25 23:02:25', 3, '2025-03-25 23:02:25', 1, 3),
(1318, 41, 3, '2025-04-05 13:00:00', 3, '2025-03-25 23:02:25', 3, '2025-03-25 23:02:25', 1, 3),
(1319, 41, 3, '2025-04-05 14:00:00', 3, '2025-03-25 23:02:25', 3, '2025-03-25 23:02:25', 1, 3),
(1320, 41, 3, '2025-04-05 15:00:00', 3, '2025-03-25 23:02:25', 3, '2025-03-25 23:02:25', 1, 3),
(1321, 41, 3, '2025-04-05 16:00:00', 3, '2025-03-25 23:02:25', 3, '2025-03-25 23:02:25', 1, 3),
(1322, 41, 3, '2025-04-05 17:00:00', 3, '2025-03-25 23:02:25', 3, '2025-03-25 23:02:25', 1, 3),
(1323, 41, 3, '2025-04-05 18:00:00', 3, '2025-03-25 23:02:25', 3, '2025-03-25 23:02:25', 1, 3),
(1324, 41, 3, '2025-04-05 19:00:00', 3, '2025-03-25 23:02:25', 3, '2025-03-25 23:02:25', 1, 3),
(1325, 41, 3, '2025-04-05 20:00:00', 3, '2025-03-25 23:02:25', 3, '2025-03-25 23:02:25', 1, 3),
(1326, 41, 3, '2025-04-05 21:00:00', 3, '2025-03-25 23:02:25', 3, '2025-03-25 23:02:25', 1, 3),
(1327, 41, 3, '2025-04-05 22:00:00', 3, '2025-03-25 23:02:25', 3, '2025-03-25 23:02:25', 1, 3),
(1328, 41, 3, '2025-04-06 08:00:00', 3, '2025-03-25 23:02:25', 3, '2025-03-25 23:02:25', 1, 3),
(1329, 41, 3, '2025-04-06 09:00:00', 3, '2025-03-25 23:02:25', 3, '2025-03-25 23:02:25', 1, 3),
(1330, 41, 3, '2025-04-06 10:00:00', 3, '2025-03-25 23:02:25', 3, '2025-03-25 23:02:25', 1, 3),
(1331, 41, 3, '2025-04-06 11:00:00', 3, '2025-03-25 23:02:25', 3, '2025-03-25 23:02:25', 1, 3),
(1332, 41, 3, '2025-04-06 12:00:00', 3, '2025-03-25 23:02:25', 3, '2025-03-25 23:02:25', 1, 3),
(1333, 41, 3, '2025-04-06 13:00:00', 3, '2025-03-25 23:02:25', 3, '2025-03-25 23:02:25', 1, 3),
(1334, 41, 3, '2025-04-06 14:00:00', 3, '2025-03-25 23:02:25', 3, '2025-03-25 23:02:25', 1, 3),
(1335, 41, 3, '2025-04-06 15:00:00', 3, '2025-03-25 23:02:25', 3, '2025-03-25 23:02:25', 1, 3),
(1336, 41, 3, '2025-04-06 16:00:00', 3, '2025-03-25 23:02:25', 3, '2025-03-25 23:02:25', 1, 3),
(1337, 41, 3, '2025-04-06 17:00:00', 3, '2025-03-25 23:02:25', 3, '2025-03-25 23:02:25', 1, 3),
(1338, 41, 3, '2025-04-06 18:00:00', 3, '2025-03-25 23:02:25', 3, '2025-03-25 23:02:25', 1, 3),
(1339, 41, 3, '2025-04-06 19:00:00', 3, '2025-03-25 23:02:25', 3, '2025-03-25 23:02:25', 1, 3),
(1340, 41, 3, '2025-04-06 20:00:00', 3, '2025-03-25 23:02:25', 3, '2025-03-25 23:02:25', 1, 3),
(1341, 41, 3, '2025-04-06 21:00:00', 3, '2025-03-25 23:02:25', 3, '2025-03-25 23:02:25', 1, 3),
(1342, 41, 3, '2025-04-06 22:00:00', 3, '2025-03-25 23:02:25', 3, '2025-03-25 23:02:25', 1, 3),
(1343, 41, 3, '2025-04-07 08:00:00', 3, '2025-03-25 23:02:25', 3, '2025-03-25 23:02:25', 1, 3),
(1344, 41, 3, '2025-04-07 09:00:00', 3, '2025-03-25 23:02:25', 3, '2025-03-25 23:02:25', 1, 3),
(1345, 41, 3, '2025-04-07 10:00:00', 3, '2025-03-25 23:02:25', 3, '2025-03-25 23:02:25', 1, 3),
(1346, 41, 3, '2025-04-07 11:00:00', 3, '2025-03-25 23:02:25', 3, '2025-03-25 23:02:25', 1, 3),
(1347, 41, 3, '2025-04-07 12:00:00', 3, '2025-03-25 23:02:25', 3, '2025-03-25 23:02:25', 1, 3),
(1348, 41, 3, '2025-04-07 13:00:00', 3, '2025-03-25 23:02:25', 3, '2025-03-25 23:02:25', 1, 3),
(1349, 41, 3, '2025-04-07 14:00:00', 3, '2025-03-25 23:02:25', 3, '2025-03-25 23:02:25', 1, 3),
(1350, 41, 3, '2025-04-07 15:00:00', 3, '2025-03-25 23:02:25', 3, '2025-03-25 23:02:25', 1, 3),
(1351, 41, 3, '2025-04-07 16:00:00', 3, '2025-03-25 23:02:25', 3, '2025-03-25 23:02:25', 1, 3),
(1352, 41, 3, '2025-04-07 17:00:00', 3, '2025-03-25 23:02:25', 3, '2025-03-25 23:02:25', 1, 3),
(1353, 41, 3, '2025-04-07 18:00:00', 3, '2025-03-25 23:02:25', 3, '2025-03-25 23:02:25', 1, 3),
(1354, 41, 3, '2025-04-07 19:00:00', 3, '2025-03-25 23:02:25', 3, '2025-03-25 23:02:25', 1, 3),
(1355, 41, 3, '2025-04-07 20:00:00', 3, '2025-03-25 23:02:25', 3, '2025-03-25 23:02:25', 1, 3),
(1356, 41, 3, '2025-04-07 21:00:00', 3, '2025-03-25 23:02:25', 3, '2025-03-25 23:02:25', 1, 3),
(1357, 41, 3, '2025-04-07 22:00:00', 3, '2025-03-25 23:02:25', 3, '2025-03-25 23:02:25', 1, 3),
(1358, 41, 3, '2025-04-08 08:00:00', 3, '2025-03-25 23:02:25', 3, '2025-03-25 23:02:25', 1, 3),
(1359, 41, 3, '2025-04-08 09:00:00', 3, '2025-03-25 23:02:25', 3, '2025-03-25 23:02:25', 1, 3),
(1360, 41, 3, '2025-04-08 10:00:00', 3, '2025-03-25 23:02:25', 3, '2025-03-25 23:02:25', 1, 3),
(1361, 41, 3, '2025-04-08 11:00:00', 3, '2025-03-25 23:02:25', 3, '2025-03-25 23:02:25', 1, 3),
(1362, 41, 3, '2025-04-08 12:00:00', 3, '2025-03-25 23:02:25', 3, '2025-03-25 23:02:25', 1, 3),
(1363, 41, 3, '2025-04-08 13:00:00', 3, '2025-03-25 23:02:25', 3, '2025-03-25 23:02:25', 1, 3),
(1364, 41, 3, '2025-04-08 14:00:00', 3, '2025-03-25 23:02:25', 3, '2025-03-25 23:02:25', 1, 3),
(1365, 41, 3, '2025-04-08 15:00:00', 3, '2025-03-25 23:02:25', 3, '2025-03-25 23:02:25', 1, 3),
(1366, 41, 3, '2025-04-08 16:00:00', 3, '2025-03-25 23:02:25', 3, '2025-03-25 23:02:25', 1, 3),
(1367, 41, 3, '2025-04-08 17:00:00', 3, '2025-03-25 23:02:25', 3, '2025-03-25 23:02:25', 1, 3),
(1368, 41, 3, '2025-04-08 18:00:00', 3, '2025-03-25 23:02:25', 3, '2025-03-25 23:02:25', 1, 3),
(1369, 41, 3, '2025-04-08 19:00:00', 3, '2025-03-25 23:02:25', 3, '2025-03-25 23:02:25', 1, 3),
(1370, 41, 3, '2025-04-08 20:00:00', 3, '2025-03-25 23:02:25', 3, '2025-03-25 23:02:25', 1, 3),
(1371, 41, 3, '2025-04-08 21:00:00', 3, '2025-03-25 23:02:25', 3, '2025-03-25 23:02:25', 1, 3),
(1372, 41, 3, '2025-04-08 22:00:00', 3, '2025-03-25 23:02:25', 3, '2025-03-25 23:02:25', 1, 3),
(1373, 41, 3, '2025-04-09 08:00:00', 3, '2025-03-25 23:02:25', 3, '2025-03-25 23:02:25', 1, 3),
(1374, 41, 3, '2025-04-09 09:00:00', 3, '2025-03-25 23:02:25', 3, '2025-03-25 23:02:25', 1, 3),
(1375, 41, 3, '2025-04-09 10:00:00', 3, '2025-03-25 23:02:25', 3, '2025-03-25 23:02:25', 1, 3),
(1376, 41, 3, '2025-04-09 11:00:00', 3, '2025-03-25 23:02:25', 3, '2025-03-25 23:02:25', 1, 3),
(1377, 41, 3, '2025-04-09 12:00:00', 3, '2025-03-25 23:02:25', 3, '2025-03-25 23:02:25', 1, 3),
(1378, 41, 3, '2025-04-09 13:00:00', 3, '2025-03-25 23:02:25', 3, '2025-03-25 23:02:25', 1, 3),
(1379, 41, 3, '2025-04-09 14:00:00', 3, '2025-03-25 23:02:25', 3, '2025-03-25 23:02:25', 1, 3),
(1380, 41, 3, '2025-04-09 15:00:00', 3, '2025-03-25 23:02:25', 3, '2025-03-25 23:02:25', 1, 3),
(1381, 41, 3, '2025-04-09 16:00:00', 3, '2025-03-25 23:02:25', 3, '2025-03-25 23:02:25', 1, 3),
(1382, 41, 3, '2025-04-09 17:00:00', 3, '2025-03-25 23:02:25', 3, '2025-03-25 23:02:25', 1, 3),
(1383, 41, 3, '2025-04-09 18:00:00', 3, '2025-03-25 23:02:25', 3, '2025-03-25 23:02:25', 1, 3),
(1384, 41, 3, '2025-04-09 19:00:00', 3, '2025-03-25 23:02:25', 3, '2025-03-25 23:02:25', 1, 3),
(1385, 41, 3, '2025-04-09 20:00:00', 3, '2025-03-25 23:02:25', 3, '2025-03-25 23:02:25', 1, 3),
(1386, 41, 3, '2025-04-09 21:00:00', 3, '2025-03-25 23:02:25', 3, '2025-03-25 23:02:25', 1, 3),
(1387, 41, 3, '2025-04-09 22:00:00', 3, '2025-03-25 23:02:25', 3, '2025-03-25 23:02:25', 1, 3),
(1388, 41, 3, '2025-04-10 08:00:00', 3, '2025-03-25 23:02:25', 3, '2025-03-25 23:02:25', 1, 3),
(1389, 41, 3, '2025-04-10 09:00:00', 3, '2025-03-25 23:02:25', 3, '2025-03-25 23:02:25', 1, 3),
(1390, 41, 3, '2025-04-10 10:00:00', 3, '2025-03-25 23:02:25', 3, '2025-03-25 23:02:25', 1, 3),
(1391, 41, 3, '2025-04-10 11:00:00', 3, '2025-03-25 23:02:25', 3, '2025-03-25 23:02:25', 1, 3),
(1392, 41, 3, '2025-04-10 12:00:00', 3, '2025-03-25 23:02:25', 3, '2025-03-25 23:02:25', 1, 3),
(1393, 41, 3, '2025-04-10 13:00:00', 3, '2025-03-25 23:02:25', 3, '2025-03-25 23:02:25', 1, 3),
(1394, 41, 3, '2025-04-10 14:00:00', 3, '2025-03-25 23:02:25', 3, '2025-03-25 23:02:25', 1, 3),
(1395, 41, 3, '2025-04-10 15:00:00', 3, '2025-03-25 23:02:25', 3, '2025-03-25 23:02:25', 1, 3),
(1396, 41, 3, '2025-04-10 16:00:00', 3, '2025-03-25 23:02:25', 3, '2025-03-25 23:02:25', 1, 3),
(1397, 41, 3, '2025-04-10 17:00:00', 3, '2025-03-25 23:02:25', 3, '2025-03-25 23:02:25', 1, 3),
(1398, 41, 3, '2025-04-10 18:00:00', 3, '2025-03-25 23:02:25', 3, '2025-03-25 23:02:25', 1, 3),
(1399, 41, 3, '2025-04-10 19:00:00', 3, '2025-03-25 23:02:25', 3, '2025-03-25 23:02:25', 1, 3),
(1400, 41, 3, '2025-04-10 20:00:00', 3, '2025-03-25 23:02:25', 3, '2025-03-25 23:02:25', 1, 3),
(1401, 41, 3, '2025-04-10 21:00:00', 3, '2025-03-25 23:02:25', 3, '2025-03-25 23:02:25', 1, 3),
(1402, 41, 3, '2025-04-10 22:00:00', 3, '2025-03-25 23:02:25', 3, '2025-03-25 23:02:25', 1, 3),
(1403, 41, 3, '2025-04-11 08:00:00', 3, '2025-03-25 23:02:25', 3, '2025-03-25 23:02:25', 1, 3),
(1404, 41, 3, '2025-04-11 09:00:00', 3, '2025-03-25 23:02:25', 3, '2025-03-25 23:02:25', 1, 3),
(1405, 41, 3, '2025-04-11 10:00:00', 3, '2025-03-25 23:02:25', 3, '2025-03-25 23:02:25', 1, 3),
(1406, 41, 3, '2025-04-11 11:00:00', 3, '2025-03-25 23:02:25', 3, '2025-03-25 23:02:25', 1, 3),
(1407, 41, 3, '2025-04-11 12:00:00', 3, '2025-03-25 23:02:25', 3, '2025-03-25 23:02:25', 1, 3),
(1408, 41, 3, '2025-04-11 13:00:00', 3, '2025-03-25 23:02:25', 3, '2025-03-25 23:02:25', 1, 3),
(1409, 41, 3, '2025-04-11 14:00:00', 3, '2025-03-25 23:02:25', 3, '2025-03-25 23:02:25', 1, 3),
(1410, 41, 3, '2025-04-11 15:00:00', 3, '2025-03-25 23:02:25', 3, '2025-03-25 23:02:25', 1, 3),
(1411, 41, 3, '2025-04-11 16:00:00', 3, '2025-03-25 23:02:25', 3, '2025-03-25 23:02:25', 1, 3),
(1412, 41, 3, '2025-04-11 17:00:00', 3, '2025-03-25 23:02:25', 3, '2025-03-25 23:02:25', 1, 3),
(1413, 41, 3, '2025-04-11 18:00:00', 3, '2025-03-25 23:02:25', 3, '2025-03-25 23:02:25', 1, 3),
(1414, 41, 3, '2025-04-11 19:00:00', 3, '2025-03-25 23:02:25', 3, '2025-03-25 23:02:25', 1, 3),
(1415, 41, 3, '2025-04-11 20:00:00', 3, '2025-03-25 23:02:25', 3, '2025-03-25 23:02:25', 1, 3),
(1416, 41, 3, '2025-04-11 21:00:00', 3, '2025-03-25 23:02:25', 3, '2025-03-25 23:02:25', 1, 3),
(1417, 41, 3, '2025-04-11 22:00:00', 3, '2025-03-25 23:02:25', 3, '2025-03-25 23:02:25', 1, 3),
(1418, 41, 2, '2025-03-25 08:00:00', 3, '2025-03-25 23:02:59', 3, '2025-03-25 23:02:59', 1, 3),
(1419, 41, 2, '2025-03-25 09:00:00', 3, '2025-03-25 23:02:59', 3, '2025-03-25 23:02:59', 1, 3),
(1420, 41, 2, '2025-03-25 10:00:00', 3, '2025-03-25 23:02:59', 3, '2025-03-25 23:02:59', 1, 3),
(1421, 41, 2, '2025-03-25 11:00:00', 3, '2025-03-25 23:02:59', 3, '2025-03-25 23:02:59', 1, 3),
(1422, 41, 2, '2025-03-25 12:00:00', 3, '2025-03-25 23:02:59', 3, '2025-03-25 23:02:59', 1, 3),
(1423, 41, 2, '2025-03-25 13:00:00', 3, '2025-03-25 23:02:59', 3, '2025-03-25 23:02:59', 1, 3),
(1424, 41, 2, '2025-03-25 14:00:00', 3, '2025-03-25 23:02:59', 3, '2025-03-25 23:02:59', 1, 3),
(1425, 41, 2, '2025-03-25 15:00:00', 3, '2025-03-25 23:02:59', 3, '2025-03-25 23:02:59', 1, 3),
(1426, 41, 2, '2025-03-25 16:00:00', 3, '2025-03-25 23:02:59', 3, '2025-03-25 23:02:59', 1, 3),
(1427, 41, 2, '2025-03-25 17:00:00', 3, '2025-03-25 23:02:59', 3, '2025-03-25 23:02:59', 1, 3),
(1428, 41, 2, '2025-03-25 18:00:00', 3, '2025-03-25 23:02:59', 3, '2025-03-25 23:02:59', 1, 3),
(1429, 41, 2, '2025-03-25 19:00:00', 3, '2025-03-25 23:02:59', 3, '2025-03-25 23:02:59', 1, 3),
(1430, 41, 2, '2025-03-25 20:00:00', 3, '2025-03-25 23:02:59', 3, '2025-03-25 23:02:59', 1, 3),
(1431, 41, 2, '2025-03-25 21:00:00', 3, '2025-03-25 23:02:59', 3, '2025-03-25 23:02:59', 1, 3),
(1432, 41, 2, '2025-03-25 22:00:00', 3, '2025-03-25 23:02:59', 3, '2025-03-25 23:02:59', 1, 3),
(1433, 41, 2, '2025-03-26 08:00:00', 3, '2025-03-25 23:02:59', 3, '2025-03-25 23:02:59', 1, 3),
(1434, 41, 2, '2025-03-26 09:00:00', 3, '2025-03-25 23:02:59', 3, '2025-03-25 23:02:59', 1, 3),
(1435, 41, 2, '2025-03-26 10:00:00', 3, '2025-03-25 23:02:59', 3, '2025-03-25 23:02:59', 1, 3),
(1436, 41, 2, '2025-03-26 11:00:00', 3, '2025-03-25 23:02:59', 3, '2025-03-25 23:02:59', 1, 3),
(1437, 41, 2, '2025-03-26 12:00:00', 3, '2025-03-25 23:02:59', 3, '2025-03-25 23:02:59', 1, 3),
(1438, 41, 2, '2025-03-26 13:00:00', 3, '2025-03-25 23:02:59', 3, '2025-03-25 23:02:59', 1, 3),
(1439, 41, 2, '2025-03-26 14:00:00', 3, '2025-03-25 23:02:59', 3, '2025-03-25 23:02:59', 1, 3),
(1440, 41, 2, '2025-03-26 15:00:00', 3, '2025-03-25 23:02:59', 3, '2025-03-25 23:02:59', 1, 3),
(1441, 41, 2, '2025-03-26 16:00:00', 3, '2025-03-25 23:02:59', 3, '2025-03-25 23:02:59', 1, 3),
(1442, 41, 2, '2025-03-26 17:00:00', 3, '2025-03-25 23:02:59', 3, '2025-03-25 23:02:59', 1, 3),
(1443, 41, 2, '2025-03-26 18:00:00', 3, '2025-03-25 23:02:59', 3, '2025-03-25 23:02:59', 1, 3),
(1444, 41, 2, '2025-03-26 19:00:00', 3, '2025-03-25 23:02:59', 3, '2025-03-25 23:02:59', 1, 3),
(1445, 41, 2, '2025-03-26 20:00:00', 3, '2025-03-25 23:02:59', 3, '2025-03-25 23:02:59', 1, 3),
(1446, 41, 2, '2025-03-26 21:00:00', 3, '2025-03-25 23:02:59', 3, '2025-03-25 23:02:59', 1, 3),
(1447, 41, 2, '2025-03-26 22:00:00', 3, '2025-03-25 23:02:59', 3, '2025-03-25 23:02:59', 1, 3),
(1448, 41, 2, '2025-03-27 08:00:00', 3, '2025-03-25 23:02:59', 3, '2025-03-25 23:02:59', 1, 3),
(1449, 41, 2, '2025-03-27 09:00:00', 3, '2025-03-25 23:02:59', 3, '2025-03-25 23:02:59', 1, 3),
(1450, 41, 2, '2025-03-27 10:00:00', 3, '2025-03-25 23:02:59', 3, '2025-03-25 23:02:59', 1, 3),
(1451, 41, 2, '2025-03-27 11:00:00', 3, '2025-03-25 23:02:59', 3, '2025-03-25 23:02:59', 1, 3),
(1452, 41, 2, '2025-03-27 12:00:00', 3, '2025-03-25 23:02:59', 3, '2025-03-25 23:02:59', 1, 3),
(1453, 41, 2, '2025-03-27 13:00:00', 3, '2025-03-25 23:02:59', 3, '2025-03-25 23:02:59', 1, 3),
(1454, 41, 2, '2025-03-27 14:00:00', 3, '2025-03-25 23:02:59', 3, '2025-03-25 23:02:59', 1, 3),
(1455, 41, 2, '2025-03-27 15:00:00', 3, '2025-03-25 23:02:59', 3, '2025-03-25 23:02:59', 1, 3),
(1456, 41, 2, '2025-03-27 16:00:00', 3, '2025-03-25 23:02:59', 3, '2025-03-25 23:02:59', 1, 3),
(1457, 41, 2, '2025-03-27 17:00:00', 3, '2025-03-25 23:02:59', 3, '2025-03-25 23:02:59', 1, 3),
(1458, 41, 2, '2025-03-27 18:00:00', 3, '2025-03-25 23:02:59', 3, '2025-03-25 23:02:59', 1, 3),
(1459, 41, 2, '2025-03-27 19:00:00', 3, '2025-03-25 23:02:59', 3, '2025-03-25 23:02:59', 1, 3),
(1460, 41, 2, '2025-03-27 20:00:00', 3, '2025-03-25 23:02:59', 3, '2025-03-25 23:02:59', 1, 3),
(1461, 41, 2, '2025-03-27 21:00:00', 3, '2025-03-25 23:02:59', 3, '2025-03-25 23:02:59', 1, 3),
(1462, 41, 2, '2025-03-27 22:00:00', 3, '2025-03-25 23:02:59', 3, '2025-03-25 23:02:59', 1, 3),
(1463, 41, 2, '2025-03-28 08:00:00', 3, '2025-03-25 23:02:59', 3, '2025-03-25 23:02:59', 1, 3),
(1464, 41, 2, '2025-03-28 09:00:00', 3, '2025-03-25 23:02:59', 3, '2025-03-25 23:02:59', 1, 3),
(1465, 41, 2, '2025-03-28 10:00:00', 3, '2025-03-25 23:02:59', 3, '2025-03-25 23:02:59', 1, 3),
(1466, 41, 2, '2025-03-28 11:00:00', 3, '2025-03-25 23:02:59', 3, '2025-03-25 23:02:59', 1, 3),
(1467, 41, 2, '2025-03-28 12:00:00', 3, '2025-03-25 23:02:59', 3, '2025-03-25 23:02:59', 1, 3),
(1468, 41, 2, '2025-03-28 13:00:00', 3, '2025-03-25 23:02:59', 3, '2025-03-25 23:02:59', 1, 3),
(1469, 41, 2, '2025-03-28 14:00:00', 3, '2025-03-25 23:02:59', 3, '2025-03-25 23:02:59', 1, 3),
(1470, 41, 2, '2025-03-28 15:00:00', 3, '2025-03-25 23:02:59', 3, '2025-03-25 23:02:59', 1, 3),
(1471, 41, 2, '2025-03-28 16:00:00', 3, '2025-03-25 23:02:59', 3, '2025-03-25 23:02:59', 1, 3),
(1472, 41, 2, '2025-03-28 17:00:00', 3, '2025-03-25 23:02:59', 3, '2025-03-25 23:02:59', 1, 3),
(1473, 41, 2, '2025-03-28 18:00:00', 3, '2025-03-25 23:02:59', 3, '2025-03-25 23:02:59', 1, 3),
(1474, 41, 2, '2025-03-28 19:00:00', 3, '2025-03-25 23:02:59', 3, '2025-03-25 23:02:59', 1, 3),
(1475, 41, 2, '2025-03-28 20:00:00', 3, '2025-03-25 23:02:59', 3, '2025-03-25 23:02:59', 1, 3),
(1476, 41, 2, '2025-03-28 21:00:00', 3, '2025-03-25 23:02:59', 3, '2025-03-25 23:02:59', 1, 3),
(1477, 41, 2, '2025-03-28 22:00:00', 3, '2025-03-25 23:02:59', 3, '2025-03-25 23:02:59', 1, 3),
(1478, 41, 2, '2025-03-29 08:00:00', 3, '2025-03-25 23:02:59', 3, '2025-03-25 23:02:59', 1, 3),
(1479, 41, 2, '2025-03-29 09:00:00', 3, '2025-03-25 23:02:59', 3, '2025-03-25 23:02:59', 1, 3),
(1480, 41, 2, '2025-03-29 10:00:00', 3, '2025-03-25 23:02:59', 3, '2025-03-25 23:02:59', 1, 3),
(1481, 41, 2, '2025-03-29 11:00:00', 3, '2025-03-25 23:02:59', 3, '2025-03-25 23:02:59', 1, 3),
(1482, 41, 2, '2025-03-29 12:00:00', 3, '2025-03-25 23:02:59', 3, '2025-03-25 23:02:59', 1, 3),
(1483, 41, 2, '2025-03-29 13:00:00', 3, '2025-03-25 23:02:59', 3, '2025-03-25 23:02:59', 1, 3),
(1484, 41, 2, '2025-03-29 14:00:00', 3, '2025-03-25 23:02:59', 3, '2025-03-25 23:02:59', 1, 3),
(1485, 41, 2, '2025-03-29 15:00:00', 3, '2025-03-25 23:02:59', 3, '2025-03-25 23:02:59', 1, 3),
(1486, 41, 2, '2025-03-29 16:00:00', 3, '2025-03-25 23:02:59', 3, '2025-03-25 23:02:59', 1, 3),
(1487, 41, 2, '2025-03-29 17:00:00', 3, '2025-03-25 23:02:59', 3, '2025-03-25 23:02:59', 1, 3),
(1488, 41, 2, '2025-03-29 18:00:00', 3, '2025-03-25 23:02:59', 3, '2025-03-25 23:02:59', 1, 3),
(1489, 41, 2, '2025-03-29 19:00:00', 3, '2025-03-25 23:02:59', 3, '2025-03-25 23:02:59', 1, 3),
(1490, 41, 2, '2025-03-29 20:00:00', 3, '2025-03-25 23:02:59', 3, '2025-03-25 23:02:59', 1, 3),
(1491, 41, 2, '2025-03-29 21:00:00', 3, '2025-03-25 23:02:59', 3, '2025-03-25 23:02:59', 1, 3),
(1492, 41, 2, '2025-03-29 22:00:00', 3, '2025-03-25 23:02:59', 3, '2025-03-25 23:02:59', 1, 3),
(1493, 41, 2, '2025-03-30 08:00:00', 3, '2025-03-25 23:02:59', 3, '2025-03-25 23:02:59', 1, 3),
(1494, 41, 2, '2025-03-30 09:00:00', 3, '2025-03-25 23:02:59', 3, '2025-03-25 23:02:59', 1, 3),
(1495, 41, 2, '2025-03-30 10:00:00', 3, '2025-03-25 23:02:59', 3, '2025-03-25 23:02:59', 1, 3),
(1496, 41, 2, '2025-03-30 11:00:00', 3, '2025-03-25 23:02:59', 3, '2025-03-25 23:02:59', 1, 3),
(1497, 41, 2, '2025-03-30 12:00:00', 3, '2025-03-25 23:02:59', 3, '2025-03-25 23:02:59', 1, 3),
(1498, 41, 2, '2025-03-30 13:00:00', 3, '2025-03-25 23:02:59', 3, '2025-03-25 23:02:59', 1, 3),
(1499, 41, 2, '2025-03-30 14:00:00', 3, '2025-03-25 23:02:59', 3, '2025-03-25 23:02:59', 1, 3),
(1500, 41, 2, '2025-03-30 15:00:00', 3, '2025-03-25 23:02:59', 3, '2025-03-25 23:02:59', 1, 3),
(1501, 41, 2, '2025-03-30 16:00:00', 3, '2025-03-25 23:02:59', 3, '2025-03-25 23:02:59', 1, 3),
(1502, 41, 2, '2025-03-30 17:00:00', 3, '2025-03-25 23:02:59', 3, '2025-03-25 23:02:59', 1, 3),
(1503, 41, 2, '2025-03-30 18:00:00', 3, '2025-03-25 23:02:59', 3, '2025-03-25 23:02:59', 1, 3),
(1504, 41, 2, '2025-03-30 19:00:00', 3, '2025-03-25 23:02:59', 3, '2025-03-25 23:02:59', 1, 3),
(1505, 41, 2, '2025-03-30 20:00:00', 3, '2025-03-25 23:02:59', 3, '2025-03-25 23:02:59', 1, 3),
(1506, 41, 2, '2025-03-30 21:00:00', 3, '2025-03-25 23:02:59', 3, '2025-03-25 23:02:59', 1, 3),
(1507, 41, 2, '2025-03-30 22:00:00', 3, '2025-03-25 23:02:59', 3, '2025-03-25 23:02:59', 1, 3),
(1508, 41, 2, '2025-03-31 08:00:00', 3, '2025-03-25 23:02:59', 3, '2025-03-25 23:02:59', 1, 3),
(1509, 41, 2, '2025-03-31 09:00:00', 3, '2025-03-25 23:02:59', 3, '2025-03-25 23:02:59', 1, 3),
(1510, 41, 2, '2025-03-31 10:00:00', 3, '2025-03-25 23:02:59', 3, '2025-03-25 23:02:59', 1, 3),
(1511, 41, 2, '2025-03-31 11:00:00', 3, '2025-03-25 23:02:59', 3, '2025-03-25 23:02:59', 1, 3),
(1512, 41, 2, '2025-03-31 12:00:00', 3, '2025-03-25 23:02:59', 3, '2025-03-25 23:02:59', 1, 3),
(1513, 41, 2, '2025-03-31 13:00:00', 3, '2025-03-25 23:02:59', 3, '2025-03-25 23:02:59', 1, 3),
(1514, 41, 2, '2025-03-31 14:00:00', 3, '2025-03-25 23:02:59', 3, '2025-03-25 23:02:59', 1, 3),
(1515, 41, 2, '2025-03-31 15:00:00', 3, '2025-03-25 23:02:59', 3, '2025-03-25 23:02:59', 1, 3),
(1516, 41, 2, '2025-03-31 16:00:00', 3, '2025-03-25 23:02:59', 3, '2025-03-25 23:02:59', 1, 3),
(1517, 41, 2, '2025-03-31 17:00:00', 3, '2025-03-25 23:02:59', 3, '2025-03-25 23:02:59', 1, 3),
(1518, 41, 2, '2025-03-31 18:00:00', 3, '2025-03-25 23:02:59', 3, '2025-03-25 23:02:59', 1, 3),
(1519, 41, 2, '2025-03-31 19:00:00', 3, '2025-03-25 23:02:59', 3, '2025-03-25 23:02:59', 1, 3),
(1520, 41, 2, '2025-03-31 20:00:00', 3, '2025-03-25 23:02:59', 3, '2025-03-25 23:02:59', 1, 3),
(1521, 41, 2, '2025-03-31 21:00:00', 3, '2025-03-25 23:02:59', 3, '2025-03-25 23:02:59', 1, 3),
(1522, 41, 2, '2025-03-31 22:00:00', 3, '2025-03-25 23:02:59', 3, '2025-03-25 23:02:59', 1, 3),
(1523, 41, 2, '2025-04-01 08:00:00', 3, '2025-03-25 23:02:59', 3, '2025-03-25 23:02:59', 1, 3),
(1524, 41, 2, '2025-04-01 09:00:00', 3, '2025-03-25 23:02:59', 3, '2025-03-25 23:02:59', 1, 3),
(1525, 41, 2, '2025-04-01 10:00:00', 3, '2025-03-25 23:02:59', 3, '2025-03-25 23:02:59', 1, 3),
(1526, 41, 2, '2025-04-01 11:00:00', 3, '2025-03-25 23:02:59', 3, '2025-03-25 23:02:59', 1, 3),
(1527, 41, 2, '2025-04-01 12:00:00', 3, '2025-03-25 23:02:59', 3, '2025-03-25 23:02:59', 1, 3),
(1528, 41, 2, '2025-04-01 13:00:00', 3, '2025-03-25 23:02:59', 3, '2025-03-25 23:02:59', 1, 3),
(1529, 41, 2, '2025-04-01 14:00:00', 3, '2025-03-25 23:02:59', 3, '2025-03-25 23:02:59', 1, 3),
(1530, 41, 2, '2025-04-01 15:00:00', 3, '2025-03-25 23:02:59', 3, '2025-03-25 23:02:59', 1, 3),
(1531, 41, 2, '2025-04-01 16:00:00', 3, '2025-03-25 23:02:59', 3, '2025-03-25 23:02:59', 1, 3),
(1532, 41, 2, '2025-04-01 17:00:00', 3, '2025-03-25 23:02:59', 3, '2025-03-25 23:02:59', 1, 3),
(1533, 41, 2, '2025-04-01 18:00:00', 3, '2025-03-25 23:02:59', 3, '2025-03-25 23:02:59', 1, 3),
(1534, 41, 2, '2025-04-01 19:00:00', 3, '2025-03-25 23:02:59', 3, '2025-03-25 23:02:59', 1, 3),
(1535, 41, 2, '2025-04-01 20:00:00', 3, '2025-03-25 23:02:59', 3, '2025-03-25 23:02:59', 1, 3),
(1536, 41, 2, '2025-04-01 21:00:00', 3, '2025-03-25 23:02:59', 3, '2025-03-25 23:02:59', 1, 3),
(1537, 41, 2, '2025-04-01 22:00:00', 3, '2025-03-25 23:02:59', 3, '2025-03-25 23:02:59', 1, 3),
(1538, 41, 2, '2025-04-02 08:00:00', 3, '2025-03-25 23:02:59', 3, '2025-03-25 23:02:59', 1, 3),
(1539, 41, 2, '2025-04-02 09:00:00', 3, '2025-03-25 23:02:59', 3, '2025-03-25 23:02:59', 1, 3),
(1540, 41, 2, '2025-04-02 10:00:00', 3, '2025-03-25 23:02:59', 3, '2025-03-25 23:02:59', 1, 3),
(1541, 41, 2, '2025-04-02 11:00:00', 3, '2025-03-25 23:02:59', 3, '2025-03-25 23:02:59', 1, 3),
(1542, 41, 2, '2025-04-02 12:00:00', 3, '2025-03-25 23:02:59', 3, '2025-03-25 23:02:59', 1, 3),
(1543, 41, 2, '2025-04-02 13:00:00', 3, '2025-03-25 23:02:59', 3, '2025-03-25 23:02:59', 1, 3),
(1544, 41, 2, '2025-04-02 14:00:00', 3, '2025-03-25 23:02:59', 3, '2025-03-25 23:02:59', 1, 3),
(1545, 41, 2, '2025-04-02 15:00:00', 3, '2025-03-25 23:02:59', 3, '2025-03-25 23:02:59', 1, 3),
(1546, 41, 2, '2025-04-02 16:00:00', 3, '2025-03-25 23:02:59', 3, '2025-03-25 23:02:59', 1, 3),
(1547, 41, 2, '2025-04-02 17:00:00', 3, '2025-03-25 23:02:59', 3, '2025-03-25 23:02:59', 1, 3),
(1548, 41, 2, '2025-04-02 18:00:00', 3, '2025-03-25 23:02:59', 3, '2025-03-25 23:02:59', 1, 3),
(1549, 41, 2, '2025-04-02 19:00:00', 3, '2025-03-25 23:02:59', 3, '2025-03-25 23:02:59', 1, 3),
(1550, 41, 2, '2025-04-02 20:00:00', 3, '2025-03-25 23:02:59', 3, '2025-03-25 23:02:59', 1, 3),
(1551, 41, 2, '2025-04-02 21:00:00', 3, '2025-03-25 23:02:59', 3, '2025-03-25 23:02:59', 1, 3),
(1552, 41, 2, '2025-04-02 22:00:00', 3, '2025-03-25 23:02:59', 3, '2025-03-25 23:02:59', 1, 3),
(1553, 41, 2, '2025-04-03 08:00:00', 3, '2025-03-25 23:02:59', 3, '2025-03-25 23:02:59', 1, 3),
(1554, 41, 2, '2025-04-03 09:00:00', 3, '2025-03-25 23:02:59', 3, '2025-03-25 23:02:59', 1, 3),
(1555, 41, 2, '2025-04-03 10:00:00', 3, '2025-03-25 23:02:59', 3, '2025-03-25 23:02:59', 1, 3),
(1556, 41, 2, '2025-04-03 11:00:00', 3, '2025-03-25 23:02:59', 3, '2025-03-25 23:02:59', 1, 3),
(1557, 41, 2, '2025-04-03 12:00:00', 3, '2025-03-25 23:02:59', 3, '2025-03-25 23:02:59', 1, 3),
(1558, 41, 2, '2025-04-03 13:00:00', 3, '2025-03-25 23:02:59', 3, '2025-03-25 23:02:59', 1, 3),
(1559, 41, 2, '2025-04-03 14:00:00', 3, '2025-03-25 23:02:59', 3, '2025-03-25 23:02:59', 1, 3),
(1560, 41, 2, '2025-04-03 15:00:00', 3, '2025-03-25 23:02:59', 3, '2025-03-25 23:02:59', 1, 3),
(1561, 41, 2, '2025-04-03 16:00:00', 3, '2025-03-25 23:02:59', 3, '2025-03-25 23:02:59', 1, 3),
(1562, 41, 2, '2025-04-03 17:00:00', 3, '2025-03-25 23:02:59', 3, '2025-03-25 23:02:59', 1, 3),
(1563, 41, 2, '2025-04-03 18:00:00', 3, '2025-03-25 23:02:59', 3, '2025-03-25 23:02:59', 1, 3),
(1564, 41, 2, '2025-04-03 19:00:00', 3, '2025-03-25 23:02:59', 3, '2025-03-25 23:02:59', 1, 3),
(1565, 41, 2, '2025-04-03 20:00:00', 3, '2025-03-25 23:02:59', 3, '2025-03-25 23:02:59', 1, 3),
(1566, 41, 2, '2025-04-03 21:00:00', 3, '2025-03-25 23:02:59', 3, '2025-03-25 23:02:59', 1, 3),
(1567, 41, 2, '2025-04-03 22:00:00', 3, '2025-03-25 23:02:59', 3, '2025-03-25 23:02:59', 1, 3),
(1568, 41, 2, '2025-04-04 08:00:00', 3, '2025-03-25 23:02:59', 3, '2025-03-25 23:02:59', 1, 3),
(1569, 41, 2, '2025-04-04 09:00:00', 3, '2025-03-25 23:02:59', 3, '2025-03-25 23:02:59', 1, 3),
(1570, 41, 2, '2025-04-04 10:00:00', 3, '2025-03-25 23:02:59', 3, '2025-03-25 23:02:59', 1, 3),
(1571, 41, 2, '2025-04-04 11:00:00', 3, '2025-03-25 23:02:59', 3, '2025-03-25 23:02:59', 1, 3),
(1572, 41, 2, '2025-04-04 12:00:00', 3, '2025-03-25 23:02:59', 3, '2025-03-25 23:02:59', 1, 3),
(1573, 41, 2, '2025-04-04 13:00:00', 3, '2025-03-25 23:02:59', 3, '2025-03-25 23:02:59', 1, 3),
(1574, 41, 2, '2025-04-04 14:00:00', 3, '2025-03-25 23:02:59', 3, '2025-03-25 23:02:59', 1, 3),
(1575, 41, 2, '2025-04-04 15:00:00', 3, '2025-03-25 23:02:59', 3, '2025-03-25 23:02:59', 1, 3),
(1576, 41, 2, '2025-04-04 16:00:00', 3, '2025-03-25 23:02:59', 3, '2025-03-25 23:02:59', 1, 3),
(1577, 41, 2, '2025-04-04 17:00:00', 3, '2025-03-25 23:02:59', 3, '2025-03-25 23:02:59', 1, 3),
(1578, 41, 2, '2025-04-04 18:00:00', 3, '2025-03-25 23:02:59', 3, '2025-03-25 23:02:59', 1, 3),
(1579, 41, 2, '2025-04-04 19:00:00', 3, '2025-03-25 23:02:59', 3, '2025-03-25 23:02:59', 1, 3),
(1580, 41, 2, '2025-04-04 20:00:00', 3, '2025-03-25 23:02:59', 3, '2025-03-25 23:02:59', 1, 3),
(1581, 41, 2, '2025-04-04 21:00:00', 3, '2025-03-25 23:02:59', 3, '2025-03-25 23:02:59', 1, 3),
(1582, 41, 2, '2025-04-04 22:00:00', 3, '2025-03-25 23:02:59', 3, '2025-03-25 23:02:59', 1, 3),
(1583, 41, 2, '2025-04-05 08:00:00', 3, '2025-03-25 23:02:59', 3, '2025-03-25 23:02:59', 1, 3),
(1584, 41, 2, '2025-04-05 09:00:00', 3, '2025-03-25 23:02:59', 3, '2025-03-25 23:02:59', 1, 3),
(1585, 41, 2, '2025-04-05 10:00:00', 3, '2025-03-25 23:02:59', 3, '2025-03-25 23:02:59', 1, 3),
(1586, 41, 2, '2025-04-05 11:00:00', 3, '2025-03-25 23:02:59', 3, '2025-03-25 23:02:59', 1, 3),
(1587, 41, 2, '2025-04-05 12:00:00', 3, '2025-03-25 23:02:59', 3, '2025-03-25 23:02:59', 1, 3),
(1588, 41, 2, '2025-04-05 13:00:00', 3, '2025-03-25 23:02:59', 3, '2025-03-25 23:02:59', 1, 3),
(1589, 41, 2, '2025-04-05 14:00:00', 3, '2025-03-25 23:02:59', 3, '2025-03-25 23:02:59', 1, 3),
(1590, 41, 2, '2025-04-05 15:00:00', 3, '2025-03-25 23:02:59', 3, '2025-03-25 23:02:59', 1, 3),
(1591, 41, 2, '2025-04-05 16:00:00', 3, '2025-03-25 23:02:59', 3, '2025-03-25 23:02:59', 1, 3),
(1592, 41, 2, '2025-04-05 17:00:00', 3, '2025-03-25 23:02:59', 3, '2025-03-25 23:02:59', 1, 3),
(1593, 41, 2, '2025-04-05 18:00:00', 3, '2025-03-25 23:02:59', 3, '2025-03-25 23:02:59', 1, 3),
(1594, 41, 2, '2025-04-05 19:00:00', 3, '2025-03-25 23:02:59', 3, '2025-03-25 23:02:59', 1, 3),
(1595, 41, 2, '2025-04-05 20:00:00', 3, '2025-03-25 23:02:59', 3, '2025-03-25 23:02:59', 1, 3),
(1596, 41, 2, '2025-04-05 21:00:00', 3, '2025-03-25 23:02:59', 3, '2025-03-25 23:02:59', 1, 3),
(1597, 41, 2, '2025-04-05 22:00:00', 3, '2025-03-25 23:02:59', 3, '2025-03-25 23:02:59', 1, 3),
(1598, 41, 2, '2025-04-06 08:00:00', 3, '2025-03-25 23:02:59', 3, '2025-03-25 23:02:59', 1, 3),
(1599, 41, 2, '2025-04-06 09:00:00', 3, '2025-03-25 23:02:59', 3, '2025-03-25 23:02:59', 1, 3),
(1600, 41, 2, '2025-04-06 10:00:00', 3, '2025-03-25 23:02:59', 3, '2025-03-25 23:02:59', 1, 3),
(1601, 41, 2, '2025-04-06 11:00:00', 3, '2025-03-25 23:02:59', 3, '2025-03-25 23:02:59', 1, 3),
(1602, 41, 2, '2025-04-06 12:00:00', 3, '2025-03-25 23:02:59', 3, '2025-03-25 23:02:59', 1, 3),
(1603, 41, 2, '2025-04-06 13:00:00', 3, '2025-03-25 23:02:59', 3, '2025-03-25 23:02:59', 1, 3),
(1604, 41, 2, '2025-04-06 14:00:00', 3, '2025-03-25 23:02:59', 3, '2025-03-25 23:02:59', 1, 3),
(1605, 41, 2, '2025-04-06 15:00:00', 3, '2025-03-25 23:02:59', 3, '2025-03-25 23:02:59', 1, 3),
(1606, 41, 2, '2025-04-06 16:00:00', 3, '2025-03-25 23:02:59', 3, '2025-03-25 23:02:59', 1, 3),
(1607, 41, 2, '2025-04-06 17:00:00', 3, '2025-03-25 23:02:59', 3, '2025-03-25 23:02:59', 1, 3),
(1608, 41, 2, '2025-04-06 18:00:00', 3, '2025-03-25 23:02:59', 3, '2025-03-25 23:02:59', 1, 3),
(1609, 41, 2, '2025-04-06 19:00:00', 3, '2025-03-25 23:02:59', 3, '2025-03-25 23:02:59', 1, 3),
(1610, 41, 2, '2025-04-06 20:00:00', 3, '2025-03-25 23:02:59', 3, '2025-03-25 23:02:59', 1, 3),
(1611, 41, 2, '2025-04-06 21:00:00', 3, '2025-03-25 23:02:59', 3, '2025-03-25 23:02:59', 1, 3),
(1612, 41, 2, '2025-04-06 22:00:00', 3, '2025-03-25 23:02:59', 3, '2025-03-25 23:02:59', 1, 3),
(1613, 41, 2, '2025-04-07 08:00:00', 3, '2025-03-25 23:02:59', 3, '2025-03-25 23:02:59', 1, 3),
(1614, 41, 2, '2025-04-07 09:00:00', 3, '2025-03-25 23:02:59', 3, '2025-03-25 23:02:59', 1, 3),
(1615, 41, 2, '2025-04-07 10:00:00', 3, '2025-03-25 23:02:59', 3, '2025-03-25 23:02:59', 1, 3),
(1616, 41, 2, '2025-04-07 11:00:00', 3, '2025-03-25 23:02:59', 3, '2025-03-25 23:02:59', 1, 3),
(1617, 41, 2, '2025-04-07 12:00:00', 3, '2025-03-25 23:02:59', 3, '2025-03-25 23:02:59', 1, 3),
(1618, 41, 2, '2025-04-07 13:00:00', 3, '2025-03-25 23:02:59', 3, '2025-03-25 23:02:59', 1, 3),
(1619, 41, 2, '2025-04-07 14:00:00', 3, '2025-03-25 23:02:59', 3, '2025-03-25 23:02:59', 1, 3),
(1620, 41, 2, '2025-04-07 15:00:00', 3, '2025-03-25 23:02:59', 3, '2025-03-25 23:02:59', 1, 3),
(1621, 41, 2, '2025-04-07 16:00:00', 3, '2025-03-25 23:02:59', 3, '2025-03-25 23:02:59', 1, 3),
(1622, 41, 2, '2025-04-07 17:00:00', 3, '2025-03-25 23:02:59', 3, '2025-03-25 23:02:59', 1, 3),
(1623, 41, 2, '2025-04-07 18:00:00', 3, '2025-03-25 23:02:59', 3, '2025-03-25 23:02:59', 1, 3),
(1624, 41, 2, '2025-04-07 19:00:00', 3, '2025-03-25 23:02:59', 3, '2025-03-25 23:02:59', 1, 3);
INSERT INTO `suatchieu` (`MaSuatChieu`, `MaPhim`, `MaPhong`, `GioChieu`, `NguoiTao`, `NgayTao`, `NguoiCapNhat`, `NgayCapNhat`, `TrangThai`, `MaRap`) VALUES
(1625, 41, 2, '2025-04-07 20:00:00', 3, '2025-03-25 23:02:59', 3, '2025-03-25 23:02:59', 1, 3),
(1626, 41, 2, '2025-04-07 21:00:00', 3, '2025-03-25 23:02:59', 3, '2025-03-25 23:02:59', 1, 3),
(1627, 41, 2, '2025-04-07 22:00:00', 3, '2025-03-25 23:02:59', 3, '2025-03-25 23:02:59', 1, 3),
(1628, 41, 2, '2025-04-08 08:00:00', 3, '2025-03-25 23:02:59', 3, '2025-03-25 23:02:59', 1, 3),
(1629, 41, 2, '2025-04-08 09:00:00', 3, '2025-03-25 23:02:59', 3, '2025-03-25 23:02:59', 1, 3),
(1630, 41, 2, '2025-04-08 10:00:00', 3, '2025-03-25 23:02:59', 3, '2025-03-25 23:02:59', 1, 3),
(1631, 41, 2, '2025-04-08 11:00:00', 3, '2025-03-25 23:02:59', 3, '2025-03-25 23:02:59', 1, 3),
(1632, 41, 2, '2025-04-08 12:00:00', 3, '2025-03-25 23:02:59', 3, '2025-03-25 23:02:59', 1, 3),
(1633, 41, 2, '2025-04-08 13:00:00', 3, '2025-03-25 23:02:59', 3, '2025-03-25 23:02:59', 1, 3),
(1634, 41, 2, '2025-04-08 14:00:00', 3, '2025-03-25 23:02:59', 3, '2025-03-25 23:02:59', 1, 3),
(1635, 41, 2, '2025-04-08 15:00:00', 3, '2025-03-25 23:02:59', 3, '2025-03-25 23:02:59', 1, 3),
(1636, 41, 2, '2025-04-08 16:00:00', 3, '2025-03-25 23:02:59', 3, '2025-03-25 23:02:59', 1, 3),
(1637, 41, 2, '2025-04-08 17:00:00', 3, '2025-03-25 23:02:59', 3, '2025-03-25 23:02:59', 1, 3),
(1638, 41, 2, '2025-04-08 18:00:00', 3, '2025-03-25 23:02:59', 3, '2025-03-25 23:02:59', 1, 3),
(1639, 41, 2, '2025-04-08 19:00:00', 3, '2025-03-25 23:02:59', 3, '2025-03-25 23:02:59', 1, 3),
(1640, 41, 2, '2025-04-08 20:00:00', 3, '2025-03-25 23:02:59', 3, '2025-03-25 23:02:59', 1, 3),
(1641, 41, 2, '2025-04-08 21:00:00', 3, '2025-03-25 23:02:59', 3, '2025-03-25 23:02:59', 1, 3),
(1642, 41, 2, '2025-04-08 22:00:00', 3, '2025-03-25 23:02:59', 3, '2025-03-25 23:02:59', 1, 3),
(1643, 41, 2, '2025-04-09 08:00:00', 3, '2025-03-25 23:02:59', 3, '2025-03-25 23:02:59', 1, 3),
(1644, 41, 2, '2025-04-09 09:00:00', 3, '2025-03-25 23:02:59', 3, '2025-03-25 23:02:59', 1, 3),
(1645, 41, 2, '2025-04-09 10:00:00', 3, '2025-03-25 23:02:59', 3, '2025-03-25 23:02:59', 1, 3),
(1646, 41, 2, '2025-04-09 11:00:00', 3, '2025-03-25 23:02:59', 3, '2025-03-25 23:02:59', 1, 3),
(1647, 41, 2, '2025-04-09 12:00:00', 3, '2025-03-25 23:02:59', 3, '2025-03-25 23:02:59', 1, 3),
(1648, 41, 2, '2025-04-09 13:00:00', 3, '2025-03-25 23:02:59', 3, '2025-03-25 23:02:59', 1, 3),
(1649, 41, 2, '2025-04-09 14:00:00', 3, '2025-03-25 23:02:59', 3, '2025-03-25 23:02:59', 1, 3),
(1650, 41, 2, '2025-04-09 15:00:00', 3, '2025-03-25 23:02:59', 3, '2025-03-25 23:02:59', 1, 3),
(1651, 41, 2, '2025-04-09 16:00:00', 3, '2025-03-25 23:02:59', 3, '2025-03-25 23:02:59', 1, 3),
(1652, 41, 2, '2025-04-09 17:00:00', 3, '2025-03-25 23:02:59', 3, '2025-03-25 23:02:59', 1, 3),
(1653, 41, 2, '2025-04-09 18:00:00', 3, '2025-03-25 23:02:59', 3, '2025-03-25 23:02:59', 1, 3),
(1654, 41, 2, '2025-04-09 19:00:00', 3, '2025-03-25 23:02:59', 3, '2025-03-25 23:02:59', 1, 3),
(1655, 41, 2, '2025-04-09 20:00:00', 3, '2025-03-25 23:02:59', 3, '2025-03-25 23:02:59', 1, 3),
(1656, 41, 2, '2025-04-09 21:00:00', 3, '2025-03-25 23:02:59', 3, '2025-03-25 23:02:59', 1, 3),
(1657, 41, 2, '2025-04-09 22:00:00', 3, '2025-03-25 23:02:59', 3, '2025-03-25 23:02:59', 1, 3),
(1658, 41, 2, '2025-04-10 08:00:00', 3, '2025-03-25 23:02:59', 3, '2025-03-25 23:02:59', 1, 3),
(1659, 41, 2, '2025-04-10 09:00:00', 3, '2025-03-25 23:02:59', 3, '2025-03-25 23:02:59', 1, 3),
(1660, 41, 2, '2025-04-10 10:00:00', 3, '2025-03-25 23:02:59', 3, '2025-03-25 23:02:59', 1, 3),
(1661, 41, 2, '2025-04-10 11:00:00', 3, '2025-03-25 23:02:59', 3, '2025-03-25 23:02:59', 1, 3),
(1662, 41, 2, '2025-04-10 12:00:00', 3, '2025-03-25 23:02:59', 3, '2025-03-25 23:02:59', 1, 3),
(1663, 41, 2, '2025-04-10 13:00:00', 3, '2025-03-25 23:02:59', 3, '2025-03-25 23:02:59', 1, 3),
(1664, 41, 2, '2025-04-10 14:00:00', 3, '2025-03-25 23:02:59', 3, '2025-03-25 23:02:59', 1, 3),
(1665, 41, 2, '2025-04-10 15:00:00', 3, '2025-03-25 23:02:59', 3, '2025-03-25 23:02:59', 1, 3),
(1666, 41, 2, '2025-04-10 16:00:00', 3, '2025-03-25 23:02:59', 3, '2025-03-25 23:02:59', 1, 3),
(1667, 41, 2, '2025-04-10 17:00:00', 3, '2025-03-25 23:02:59', 3, '2025-03-25 23:02:59', 1, 3),
(1668, 41, 2, '2025-04-10 18:00:00', 3, '2025-03-25 23:02:59', 3, '2025-03-25 23:02:59', 1, 3),
(1669, 41, 2, '2025-04-10 19:00:00', 3, '2025-03-25 23:02:59', 3, '2025-03-25 23:02:59', 1, 3),
(1670, 41, 2, '2025-04-10 20:00:00', 3, '2025-03-25 23:02:59', 3, '2025-03-25 23:02:59', 1, 3),
(1671, 41, 2, '2025-04-10 21:00:00', 3, '2025-03-25 23:02:59', 3, '2025-03-25 23:02:59', 1, 3),
(1672, 41, 2, '2025-04-10 22:00:00', 3, '2025-03-25 23:02:59', 3, '2025-03-25 23:02:59', 1, 3),
(1673, 41, 2, '2025-04-11 08:00:00', 3, '2025-03-25 23:02:59', 3, '2025-03-25 23:02:59', 1, 3),
(1674, 41, 2, '2025-04-11 09:00:00', 3, '2025-03-25 23:02:59', 3, '2025-03-25 23:02:59', 1, 3),
(1675, 41, 2, '2025-04-11 10:00:00', 3, '2025-03-25 23:02:59', 3, '2025-03-25 23:02:59', 1, 3),
(1676, 41, 2, '2025-04-11 11:00:00', 3, '2025-03-25 23:02:59', 3, '2025-03-25 23:02:59', 1, 3),
(1677, 41, 2, '2025-04-11 12:00:00', 3, '2025-03-25 23:02:59', 3, '2025-03-25 23:02:59', 1, 3),
(1678, 41, 2, '2025-04-11 13:00:00', 3, '2025-03-25 23:02:59', 3, '2025-03-25 23:02:59', 1, 3),
(1679, 41, 2, '2025-04-11 14:00:00', 3, '2025-03-25 23:02:59', 3, '2025-03-25 23:02:59', 1, 3),
(1680, 41, 2, '2025-04-11 15:00:00', 3, '2025-03-25 23:02:59', 3, '2025-03-25 23:02:59', 1, 3),
(1681, 41, 2, '2025-04-11 16:00:00', 3, '2025-03-25 23:02:59', 3, '2025-03-25 23:02:59', 1, 3),
(1682, 41, 2, '2025-04-11 17:00:00', 3, '2025-03-25 23:03:00', 3, '2025-03-25 23:03:00', 1, 3),
(1683, 41, 2, '2025-04-11 18:00:00', 3, '2025-03-25 23:03:00', 3, '2025-03-25 23:03:00', 1, 3),
(1684, 41, 2, '2025-04-11 19:00:00', 3, '2025-03-25 23:03:00', 3, '2025-03-25 23:03:00', 1, 3),
(1685, 41, 2, '2025-04-11 20:00:00', 3, '2025-03-25 23:03:00', 3, '2025-03-25 23:03:00', 1, 3),
(1686, 41, 2, '2025-04-11 21:00:00', 3, '2025-03-25 23:03:00', 3, '2025-03-25 23:03:00', 1, 3),
(1687, 41, 2, '2025-04-11 22:00:00', 3, '2025-03-25 23:03:00', 3, '2025-03-25 23:03:00', 1, 3),
(1688, 28, 3, '2025-03-29 08:00:00', 3, '2025-03-29 18:50:16', 3, '2025-03-29 18:50:16', 1, 1),
(1689, 28, 3, '2025-03-29 09:00:00', 3, '2025-03-29 18:50:16', 3, '2025-03-29 18:50:16', 1, 1),
(1690, 28, 3, '2025-03-29 10:00:00', 3, '2025-03-29 18:50:16', 3, '2025-03-29 18:50:16', 1, 1),
(1691, 28, 3, '2025-03-29 11:00:00', 3, '2025-03-29 18:50:16', 3, '2025-03-29 18:50:16', 1, 1),
(1692, 28, 3, '2025-03-29 12:00:00', 3, '2025-03-29 18:50:16', 3, '2025-03-29 18:50:16', 1, 1),
(1693, 28, 3, '2025-03-29 13:00:00', 3, '2025-03-29 18:50:17', 3, '2025-03-29 18:50:17', 1, 1),
(1694, 28, 3, '2025-03-29 14:00:00', 3, '2025-03-29 18:50:17', 3, '2025-03-29 18:50:17', 1, 1),
(1695, 28, 3, '2025-03-29 15:00:00', 3, '2025-03-29 18:50:17', 3, '2025-03-29 18:50:17', 1, 1),
(1696, 28, 3, '2025-03-29 16:00:00', 3, '2025-03-29 18:50:17', 3, '2025-03-29 18:50:17', 1, 1),
(1697, 28, 3, '2025-03-29 17:00:00', 3, '2025-03-29 18:50:17', 3, '2025-03-29 18:50:17', 1, 1),
(1698, 28, 3, '2025-03-29 18:00:00', 3, '2025-03-29 18:50:17', 3, '2025-03-29 18:50:17', 1, 1),
(1699, 28, 3, '2025-03-29 19:00:00', 3, '2025-03-29 18:50:17', 3, '2025-03-29 18:50:17', 1, 1),
(1700, 28, 3, '2025-03-29 20:00:00', 3, '2025-03-29 18:50:17', 3, '2025-03-29 18:50:17', 1, 1),
(1701, 28, 3, '2025-03-29 21:00:00', 3, '2025-03-29 18:50:17', 3, '2025-03-29 18:50:17', 1, 1),
(1702, 28, 3, '2025-03-29 22:00:00', 3, '2025-03-29 18:50:17', 3, '2025-03-29 18:50:17', 1, 1),
(1703, 28, 3, '2025-03-30 08:00:00', 3, '2025-03-29 18:50:17', 3, '2025-03-29 18:50:17', 1, 1),
(1704, 28, 3, '2025-03-30 09:00:00', 3, '2025-03-29 18:50:17', 3, '2025-03-29 18:50:17', 1, 1),
(1705, 28, 3, '2025-03-30 10:00:00', 3, '2025-03-29 18:50:17', 3, '2025-03-29 18:50:17', 1, 1),
(1706, 28, 3, '2025-03-30 11:00:00', 3, '2025-03-29 18:50:17', 3, '2025-03-29 18:50:17', 1, 1),
(1707, 28, 3, '2025-03-30 12:00:00', 3, '2025-03-29 18:50:17', 3, '2025-03-29 18:50:17', 1, 1),
(1708, 28, 3, '2025-03-30 13:00:00', 3, '2025-03-29 18:50:17', 3, '2025-03-29 18:50:17', 1, 1),
(1709, 28, 3, '2025-03-30 14:00:00', 3, '2025-03-29 18:50:17', 3, '2025-03-29 18:50:17', 1, 1),
(1710, 28, 3, '2025-03-30 15:00:00', 3, '2025-03-29 18:50:17', 3, '2025-03-29 18:50:17', 1, 1),
(1711, 28, 3, '2025-03-30 16:00:00', 3, '2025-03-29 18:50:17', 3, '2025-03-29 18:50:17', 1, 1),
(1712, 28, 3, '2025-03-30 17:00:00', 3, '2025-03-29 18:50:17', 3, '2025-03-29 18:50:17', 1, 1),
(1713, 28, 3, '2025-03-30 18:00:00', 3, '2025-03-29 18:50:17', 3, '2025-03-29 18:50:17', 1, 1),
(1714, 28, 3, '2025-03-30 19:00:00', 3, '2025-03-29 18:50:17', 3, '2025-03-29 18:50:17', 1, 1),
(1715, 28, 3, '2025-03-30 20:00:00', 3, '2025-03-29 18:50:17', 3, '2025-03-29 18:50:17', 1, 1),
(1716, 28, 3, '2025-03-30 21:00:00', 3, '2025-03-29 18:50:17', 3, '2025-03-29 18:50:17', 1, 1),
(1717, 28, 3, '2025-03-30 22:00:00', 3, '2025-03-29 18:50:17', 3, '2025-03-29 18:50:17', 1, 1),
(1718, 28, 3, '2025-03-31 08:00:00', 3, '2025-03-29 18:50:17', 3, '2025-03-29 18:50:17', 1, 1),
(1719, 28, 3, '2025-03-31 09:00:00', 3, '2025-03-29 18:50:17', 3, '2025-03-29 18:50:17', 1, 1),
(1720, 28, 3, '2025-03-31 10:00:00', 3, '2025-03-29 18:50:17', 3, '2025-03-29 18:50:17', 1, 1),
(1721, 28, 3, '2025-03-31 11:00:00', 3, '2025-03-29 18:50:17', 3, '2025-03-29 18:50:17', 1, 1),
(1722, 28, 3, '2025-03-31 12:00:00', 3, '2025-03-29 18:50:17', 3, '2025-03-29 18:50:17', 1, 1),
(1723, 28, 3, '2025-03-31 13:00:00', 3, '2025-03-29 18:50:17', 3, '2025-03-29 18:50:17', 1, 1),
(1724, 28, 3, '2025-03-31 14:00:00', 3, '2025-03-29 18:50:17', 3, '2025-03-29 18:50:17', 1, 1),
(1725, 28, 3, '2025-03-31 15:00:00', 3, '2025-03-29 18:50:17', 3, '2025-03-29 18:50:17', 1, 1),
(1726, 28, 3, '2025-03-31 16:00:00', 3, '2025-03-29 18:50:17', 3, '2025-03-29 18:50:17', 1, 1),
(1727, 28, 3, '2025-03-31 17:00:00', 3, '2025-03-29 18:50:17', 3, '2025-03-29 18:50:17', 1, 1),
(1728, 28, 3, '2025-03-31 18:00:00', 3, '2025-03-29 18:50:17', 3, '2025-03-29 18:50:17', 1, 1),
(1729, 28, 3, '2025-03-31 19:00:00', 3, '2025-03-29 18:50:17', 3, '2025-03-29 18:50:17', 1, 1),
(1730, 28, 3, '2025-03-31 20:00:00', 3, '2025-03-29 18:50:17', 3, '2025-03-29 18:50:17', 1, 1),
(1731, 28, 3, '2025-03-31 21:00:00', 3, '2025-03-29 18:50:17', 3, '2025-03-29 18:50:17', 1, 1),
(1732, 28, 3, '2025-03-31 22:00:00', 3, '2025-03-29 18:50:17', 3, '2025-03-29 18:50:17', 1, 1),
(1733, 28, 3, '2025-04-01 08:00:00', 3, '2025-03-29 18:50:17', 3, '2025-03-29 18:50:17', 1, 1),
(1734, 28, 3, '2025-04-01 09:00:00', 3, '2025-03-29 18:50:17', 3, '2025-03-29 18:50:17', 1, 1),
(1735, 28, 3, '2025-04-01 10:00:00', 3, '2025-03-29 18:50:17', 3, '2025-03-29 18:50:17', 1, 1),
(1736, 28, 3, '2025-04-01 11:00:00', 3, '2025-03-29 18:50:17', 3, '2025-03-29 18:50:17', 1, 1),
(1737, 28, 3, '2025-04-01 12:00:00', 3, '2025-03-29 18:50:17', 3, '2025-03-29 18:50:17', 1, 1),
(1738, 28, 3, '2025-04-01 13:00:00', 3, '2025-03-29 18:50:17', 3, '2025-03-29 18:50:17', 1, 1),
(1739, 28, 3, '2025-04-01 14:00:00', 3, '2025-03-29 18:50:17', 3, '2025-03-29 18:50:17', 1, 1),
(1740, 28, 3, '2025-04-01 15:00:00', 3, '2025-03-29 18:50:17', 3, '2025-03-29 18:50:17', 1, 1),
(1741, 28, 3, '2025-04-01 16:00:00', 3, '2025-03-29 18:50:17', 3, '2025-03-29 18:50:17', 1, 1),
(1742, 28, 3, '2025-04-01 17:00:00', 3, '2025-03-29 18:50:17', 3, '2025-03-29 18:50:17', 1, 1),
(1743, 28, 3, '2025-04-01 18:00:00', 3, '2025-03-29 18:50:17', 3, '2025-03-29 18:50:17', 1, 1),
(1744, 28, 3, '2025-04-01 19:00:00', 3, '2025-03-29 18:50:17', 3, '2025-03-29 18:50:17', 1, 1),
(1745, 28, 3, '2025-04-01 20:00:00', 3, '2025-03-29 18:50:17', 3, '2025-03-29 18:50:17', 1, 1),
(1746, 28, 3, '2025-04-01 21:00:00', 3, '2025-03-29 18:50:17', 3, '2025-03-29 18:50:17', 1, 1),
(1747, 28, 3, '2025-04-01 22:00:00', 3, '2025-03-29 18:50:17', 3, '2025-03-29 18:50:17', 1, 1),
(1748, 28, 3, '2025-04-02 08:00:00', 3, '2025-03-29 18:50:17', 3, '2025-03-29 18:50:17', 1, 1),
(1749, 28, 3, '2025-04-02 09:00:00', 3, '2025-03-29 18:50:17', 3, '2025-03-29 18:50:17', 1, 1),
(1750, 28, 3, '2025-04-02 10:00:00', 3, '2025-03-29 18:50:17', 3, '2025-03-29 18:50:17', 1, 1),
(1751, 28, 3, '2025-04-02 11:00:00', 3, '2025-03-29 18:50:17', 3, '2025-03-29 18:50:17', 1, 1),
(1752, 28, 3, '2025-04-02 12:00:00', 3, '2025-03-29 18:50:17', 3, '2025-03-29 18:50:17', 1, 1),
(1753, 28, 3, '2025-04-02 13:00:00', 3, '2025-03-29 18:50:17', 3, '2025-03-29 18:50:17', 1, 1),
(1754, 28, 3, '2025-04-02 14:00:00', 3, '2025-03-29 18:50:17', 3, '2025-03-29 18:50:17', 1, 1),
(1755, 28, 3, '2025-04-02 15:00:00', 3, '2025-03-29 18:50:17', 3, '2025-03-29 18:50:17', 1, 1),
(1756, 28, 3, '2025-04-02 16:00:00', 3, '2025-03-29 18:50:17', 3, '2025-03-29 18:50:17', 1, 1),
(1757, 28, 3, '2025-04-02 17:00:00', 3, '2025-03-29 18:50:17', 3, '2025-03-29 18:50:17', 1, 1),
(1758, 28, 3, '2025-04-02 18:00:00', 3, '2025-03-29 18:50:17', 3, '2025-03-29 18:50:17', 1, 1),
(1759, 28, 3, '2025-04-02 19:00:00', 3, '2025-03-29 18:50:17', 3, '2025-03-29 18:50:17', 1, 1),
(1760, 28, 3, '2025-04-02 20:00:00', 3, '2025-03-29 18:50:17', 3, '2025-03-29 18:50:17', 1, 1),
(1761, 28, 3, '2025-04-02 21:00:00', 3, '2025-03-29 18:50:17', 3, '2025-03-29 18:50:17', 1, 1),
(1762, 28, 3, '2025-04-02 22:00:00', 3, '2025-03-29 18:50:17', 3, '2025-03-29 18:50:17', 1, 1),
(1763, 28, 3, '2025-04-03 08:00:00', 3, '2025-03-29 18:50:17', 3, '2025-03-29 18:50:17', 1, 1),
(1764, 28, 3, '2025-04-03 09:00:00', 3, '2025-03-29 18:50:17', 3, '2025-03-29 18:50:17', 1, 1),
(1765, 28, 3, '2025-04-03 10:00:00', 3, '2025-03-29 18:50:17', 3, '2025-03-29 18:50:17', 1, 1),
(1766, 28, 3, '2025-04-03 11:00:00', 3, '2025-03-29 18:50:17', 3, '2025-03-29 18:50:17', 1, 1),
(1767, 28, 3, '2025-04-03 12:00:00', 3, '2025-03-29 18:50:17', 3, '2025-03-29 18:50:17', 1, 1),
(1768, 28, 3, '2025-04-03 13:00:00', 3, '2025-03-29 18:50:17', 3, '2025-03-29 18:50:17', 1, 1),
(1769, 28, 3, '2025-04-03 14:00:00', 3, '2025-03-29 18:50:17', 3, '2025-03-29 18:50:17', 1, 1),
(1770, 28, 3, '2025-04-03 15:00:00', 3, '2025-03-29 18:50:17', 3, '2025-03-29 18:50:17', 1, 1),
(1771, 28, 3, '2025-04-03 16:00:00', 3, '2025-03-29 18:50:17', 3, '2025-03-29 18:50:17', 1, 1),
(1772, 28, 3, '2025-04-03 17:00:00', 3, '2025-03-29 18:50:17', 3, '2025-03-29 18:50:17', 1, 1),
(1773, 28, 3, '2025-04-03 18:00:00', 3, '2025-03-29 18:50:17', 3, '2025-03-29 18:50:17', 1, 1),
(1774, 28, 3, '2025-04-03 19:00:00', 3, '2025-03-29 18:50:17', 3, '2025-03-29 18:50:17', 1, 1),
(1775, 28, 3, '2025-04-03 20:00:00', 3, '2025-03-29 18:50:17', 3, '2025-03-29 18:50:17', 1, 1),
(1776, 28, 3, '2025-04-03 21:00:00', 3, '2025-03-29 18:50:17', 3, '2025-03-29 18:50:17', 1, 1),
(1777, 28, 3, '2025-04-03 22:00:00', 3, '2025-03-29 18:50:17', 3, '2025-03-29 18:50:17', 1, 1),
(1778, 28, 3, '2025-04-04 08:00:00', 3, '2025-03-29 18:50:17', 3, '2025-03-29 18:50:17', 1, 1),
(1779, 28, 3, '2025-04-04 09:00:00', 3, '2025-03-29 18:50:17', 3, '2025-03-29 18:50:17', 1, 1),
(1780, 28, 3, '2025-04-04 10:00:00', 3, '2025-03-29 18:50:17', 3, '2025-03-29 18:50:17', 1, 1),
(1781, 28, 3, '2025-04-04 11:00:00', 3, '2025-03-29 18:50:17', 3, '2025-03-29 18:50:17', 1, 1),
(1782, 28, 3, '2025-04-04 12:00:00', 3, '2025-03-29 18:50:17', 3, '2025-03-29 18:50:17', 1, 1),
(1783, 28, 3, '2025-04-04 13:00:00', 3, '2025-03-29 18:50:17', 3, '2025-03-29 18:50:17', 1, 1),
(1784, 28, 3, '2025-04-04 14:00:00', 3, '2025-03-29 18:50:17', 3, '2025-03-29 18:50:17', 1, 1),
(1785, 28, 3, '2025-04-04 15:00:00', 3, '2025-03-29 18:50:17', 3, '2025-03-29 18:50:17', 1, 1),
(1786, 28, 3, '2025-04-04 16:00:00', 3, '2025-03-29 18:50:17', 3, '2025-03-29 18:50:17', 1, 1),
(1787, 28, 3, '2025-04-04 17:00:00', 3, '2025-03-29 18:50:17', 3, '2025-03-29 18:50:17', 1, 1),
(1788, 28, 3, '2025-04-04 18:00:00', 3, '2025-03-29 18:50:17', 3, '2025-03-29 18:50:17', 1, 1),
(1789, 28, 3, '2025-04-04 19:00:00', 3, '2025-03-29 18:50:17', 3, '2025-03-29 18:50:17', 1, 1),
(1790, 28, 3, '2025-04-04 20:00:00', 3, '2025-03-29 18:50:17', 3, '2025-03-29 18:50:17', 1, 1),
(1791, 28, 3, '2025-04-04 21:00:00', 3, '2025-03-29 18:50:17', 3, '2025-03-29 18:50:17', 1, 1),
(1792, 28, 3, '2025-04-04 22:00:00', 3, '2025-03-29 18:50:17', 3, '2025-03-29 18:50:17', 1, 1),
(1793, 28, 3, '2025-04-05 08:00:00', 3, '2025-03-29 18:50:17', 3, '2025-03-29 18:50:17', 1, 1),
(1794, 28, 3, '2025-04-05 09:00:00', 3, '2025-03-29 18:50:17', 3, '2025-03-29 18:50:17', 1, 1),
(1795, 28, 3, '2025-04-05 10:00:00', 3, '2025-03-29 18:50:17', 3, '2025-03-29 18:50:17', 1, 1),
(1796, 28, 3, '2025-04-05 11:00:00', 3, '2025-03-29 18:50:17', 3, '2025-03-29 18:50:17', 1, 1),
(1797, 28, 3, '2025-04-05 12:00:00', 3, '2025-03-29 18:50:17', 3, '2025-03-29 18:50:17', 1, 1),
(1798, 28, 3, '2025-04-05 13:00:00', 3, '2025-03-29 18:50:17', 3, '2025-03-29 18:50:17', 1, 1),
(1799, 28, 3, '2025-04-05 14:00:00', 3, '2025-03-29 18:50:17', 3, '2025-03-29 18:50:17', 1, 1),
(1800, 28, 3, '2025-04-05 15:00:00', 3, '2025-03-29 18:50:17', 3, '2025-03-29 18:50:17', 1, 1),
(1801, 28, 3, '2025-04-05 16:00:00', 3, '2025-03-29 18:50:17', 3, '2025-03-29 18:50:17', 1, 1),
(1802, 28, 3, '2025-04-05 17:00:00', 3, '2025-03-29 18:50:17', 3, '2025-03-29 18:50:17', 1, 1),
(1803, 28, 3, '2025-04-05 18:00:00', 3, '2025-03-29 18:50:17', 3, '2025-03-29 18:50:17', 1, 1),
(1804, 28, 3, '2025-04-05 19:00:00', 3, '2025-03-29 18:50:17', 3, '2025-03-29 18:50:17', 1, 1),
(1805, 28, 3, '2025-04-05 20:00:00', 3, '2025-03-29 18:50:17', 3, '2025-03-29 18:50:17', 1, 1),
(1806, 28, 3, '2025-04-05 21:00:00', 3, '2025-03-29 18:50:17', 3, '2025-03-29 18:50:17', 1, 1),
(1807, 28, 3, '2025-04-05 22:00:00', 3, '2025-03-29 18:50:17', 3, '2025-03-29 18:50:17', 1, 1),
(1808, 28, 3, '2025-04-06 08:00:00', 3, '2025-03-29 18:50:17', 3, '2025-03-29 18:50:17', 1, 1),
(1809, 28, 3, '2025-04-06 09:00:00', 3, '2025-03-29 18:50:17', 3, '2025-03-29 18:50:17', 1, 1),
(1810, 28, 3, '2025-04-06 10:00:00', 3, '2025-03-29 18:50:17', 3, '2025-03-29 18:50:17', 1, 1),
(1811, 28, 3, '2025-04-06 11:00:00', 3, '2025-03-29 18:50:17', 3, '2025-03-29 18:50:17', 1, 1),
(1812, 28, 3, '2025-04-06 12:00:00', 3, '2025-03-29 18:50:17', 3, '2025-03-29 18:50:17', 1, 1),
(1813, 28, 3, '2025-04-06 13:00:00', 3, '2025-03-29 18:50:17', 3, '2025-03-29 18:50:17', 1, 1),
(1814, 28, 3, '2025-04-06 14:00:00', 3, '2025-03-29 18:50:17', 3, '2025-03-29 18:50:17', 1, 1),
(1815, 28, 3, '2025-04-06 15:00:00', 3, '2025-03-29 18:50:17', 3, '2025-03-29 18:50:17', 1, 1),
(1816, 28, 3, '2025-04-06 16:00:00', 3, '2025-03-29 18:50:17', 3, '2025-03-29 18:50:17', 1, 1),
(1817, 28, 3, '2025-04-06 17:00:00', 3, '2025-03-29 18:50:17', 3, '2025-03-29 18:50:17', 1, 1),
(1818, 28, 3, '2025-04-06 18:00:00', 3, '2025-03-29 18:50:17', 3, '2025-03-29 18:50:17', 1, 1),
(1819, 28, 3, '2025-04-06 19:00:00', 3, '2025-03-29 18:50:17', 3, '2025-03-29 18:50:17', 1, 1),
(1820, 28, 3, '2025-04-06 20:00:00', 3, '2025-03-29 18:50:17', 3, '2025-03-29 18:50:17', 1, 1),
(1821, 28, 3, '2025-04-06 21:00:00', 3, '2025-03-29 18:50:17', 3, '2025-03-29 18:50:17', 1, 1),
(1822, 28, 3, '2025-04-06 22:00:00', 3, '2025-03-29 18:50:17', 3, '2025-03-29 18:50:17', 1, 1),
(1823, 28, 3, '2025-04-07 08:00:00', 3, '2025-03-29 18:50:17', 3, '2025-03-29 18:50:17', 1, 1),
(1824, 28, 3, '2025-04-07 09:00:00', 3, '2025-03-29 18:50:17', 3, '2025-03-29 18:50:17', 1, 1),
(1825, 28, 3, '2025-04-07 10:00:00', 3, '2025-03-29 18:50:17', 3, '2025-03-29 18:50:17', 1, 1),
(1826, 28, 3, '2025-04-07 11:00:00', 3, '2025-03-29 18:50:17', 3, '2025-03-29 18:50:17', 1, 1),
(1827, 28, 3, '2025-04-07 12:00:00', 3, '2025-03-29 18:50:17', 3, '2025-03-29 18:50:17', 1, 1),
(1828, 28, 3, '2025-04-07 13:00:00', 3, '2025-03-29 18:50:17', 3, '2025-03-29 18:50:17', 1, 1),
(1829, 28, 3, '2025-04-07 14:00:00', 3, '2025-03-29 18:50:17', 3, '2025-03-29 18:50:17', 1, 1),
(1830, 28, 3, '2025-04-07 15:00:00', 3, '2025-03-29 18:50:17', 3, '2025-03-29 18:50:17', 1, 1),
(1831, 28, 3, '2025-04-07 16:00:00', 3, '2025-03-29 18:50:17', 3, '2025-03-29 18:50:17', 1, 1),
(1832, 28, 3, '2025-04-07 17:00:00', 3, '2025-03-29 18:50:17', 3, '2025-03-29 18:50:17', 1, 1),
(1833, 28, 3, '2025-04-07 18:00:00', 3, '2025-03-29 18:50:17', 3, '2025-03-29 18:50:17', 1, 1),
(1834, 28, 3, '2025-04-07 19:00:00', 3, '2025-03-29 18:50:17', 3, '2025-03-29 18:50:17', 1, 1),
(1835, 28, 3, '2025-04-07 20:00:00', 3, '2025-03-29 18:50:17', 3, '2025-03-29 18:50:17', 1, 1),
(1836, 28, 3, '2025-04-07 21:00:00', 3, '2025-03-29 18:50:17', 3, '2025-03-29 18:50:17', 1, 1),
(1837, 28, 3, '2025-04-07 22:00:00', 3, '2025-03-29 18:50:17', 3, '2025-03-29 18:50:17', 1, 1),
(1838, 28, 3, '2025-04-08 08:00:00', 3, '2025-03-29 18:50:17', 3, '2025-03-29 18:50:17', 1, 1),
(1839, 28, 3, '2025-04-08 09:00:00', 3, '2025-03-29 18:50:17', 3, '2025-03-29 18:50:17', 1, 1),
(1840, 28, 3, '2025-04-08 10:00:00', 3, '2025-03-29 18:50:17', 3, '2025-03-29 18:50:17', 1, 1),
(1841, 28, 3, '2025-04-08 11:00:00', 3, '2025-03-29 18:50:17', 3, '2025-03-29 18:50:17', 1, 1),
(1842, 28, 3, '2025-04-08 12:00:00', 3, '2025-03-29 18:50:17', 3, '2025-03-29 18:50:17', 1, 1),
(1843, 28, 3, '2025-04-08 13:00:00', 3, '2025-03-29 18:50:17', 3, '2025-03-29 18:50:17', 1, 1),
(1844, 28, 3, '2025-04-08 14:00:00', 3, '2025-03-29 18:50:17', 3, '2025-03-29 18:50:17', 1, 1),
(1845, 28, 3, '2025-04-08 15:00:00', 3, '2025-03-29 18:50:17', 3, '2025-03-29 18:50:17', 1, 1),
(1846, 28, 3, '2025-04-08 16:00:00', 3, '2025-03-29 18:50:17', 3, '2025-03-29 18:50:17', 1, 1),
(1847, 28, 3, '2025-04-08 17:00:00', 3, '2025-03-29 18:50:17', 3, '2025-03-29 18:50:17', 1, 1),
(1848, 28, 3, '2025-04-08 18:00:00', 3, '2025-03-29 18:50:17', 3, '2025-03-29 18:50:17', 1, 1),
(1849, 28, 3, '2025-04-08 19:00:00', 3, '2025-03-29 18:50:17', 3, '2025-03-29 18:50:17', 1, 1),
(1850, 28, 3, '2025-04-08 20:00:00', 3, '2025-03-29 18:50:17', 3, '2025-03-29 18:50:17', 1, 1),
(1851, 28, 3, '2025-04-08 21:00:00', 3, '2025-03-29 18:50:17', 3, '2025-03-29 18:50:17', 1, 1),
(1852, 28, 3, '2025-04-08 22:00:00', 3, '2025-03-29 18:50:17', 3, '2025-03-29 18:50:17', 1, 1),
(1853, 28, 3, '2025-04-09 08:00:00', 3, '2025-03-29 18:50:17', 3, '2025-03-29 18:50:17', 1, 1),
(1854, 28, 3, '2025-04-09 09:00:00', 3, '2025-03-29 18:50:17', 3, '2025-03-29 18:50:17', 1, 1),
(1855, 28, 3, '2025-04-09 10:00:00', 3, '2025-03-29 18:50:17', 3, '2025-03-29 18:50:17', 1, 1),
(1856, 28, 3, '2025-04-09 11:00:00', 3, '2025-03-29 18:50:17', 3, '2025-03-29 18:50:17', 1, 1),
(1857, 28, 3, '2025-04-09 12:00:00', 3, '2025-03-29 18:50:17', 3, '2025-03-29 18:50:17', 1, 1),
(1858, 28, 3, '2025-04-09 13:00:00', 3, '2025-03-29 18:50:17', 3, '2025-03-29 18:50:17', 1, 1),
(1859, 28, 3, '2025-04-09 14:00:00', 3, '2025-03-29 18:50:17', 3, '2025-03-29 18:50:17', 1, 1),
(1860, 28, 3, '2025-04-09 15:00:00', 3, '2025-03-29 18:50:17', 3, '2025-03-29 18:50:17', 1, 1),
(1861, 28, 3, '2025-04-09 16:00:00', 3, '2025-03-29 18:50:17', 3, '2025-03-29 18:50:17', 1, 1),
(1862, 28, 3, '2025-04-09 17:00:00', 3, '2025-03-29 18:50:17', 3, '2025-03-29 18:50:17', 1, 1),
(1863, 28, 3, '2025-04-09 18:00:00', 3, '2025-03-29 18:50:17', 3, '2025-03-29 18:50:17', 1, 1),
(1864, 28, 3, '2025-04-09 19:00:00', 3, '2025-03-29 18:50:17', 3, '2025-03-29 18:50:17', 1, 1),
(1865, 28, 3, '2025-04-09 20:00:00', 3, '2025-03-29 18:50:17', 3, '2025-03-29 18:50:17', 1, 1),
(1866, 28, 3, '2025-04-09 21:00:00', 3, '2025-03-29 18:50:17', 3, '2025-03-29 18:50:17', 1, 1),
(1867, 28, 3, '2025-04-09 22:00:00', 3, '2025-03-29 18:50:17', 3, '2025-03-29 18:50:17', 1, 1),
(1868, 28, 3, '2025-04-10 08:00:00', 3, '2025-03-29 18:50:17', 3, '2025-03-29 18:50:17', 1, 1),
(1869, 28, 3, '2025-04-10 09:00:00', 3, '2025-03-29 18:50:17', 3, '2025-03-29 18:50:17', 1, 1),
(1870, 28, 3, '2025-04-10 10:00:00', 3, '2025-03-29 18:50:17', 3, '2025-03-29 18:50:17', 1, 1),
(1871, 28, 3, '2025-04-10 11:00:00', 3, '2025-03-29 18:50:17', 3, '2025-03-29 18:50:17', 1, 1),
(1872, 28, 3, '2025-04-10 12:00:00', 3, '2025-03-29 18:50:17', 3, '2025-03-29 18:50:17', 1, 1),
(1873, 28, 3, '2025-04-10 13:00:00', 3, '2025-03-29 18:50:17', 3, '2025-03-29 18:50:17', 1, 1),
(1874, 28, 3, '2025-04-10 14:00:00', 3, '2025-03-29 18:50:17', 3, '2025-03-29 18:50:17', 1, 1),
(1875, 28, 3, '2025-04-10 15:00:00', 3, '2025-03-29 18:50:17', 3, '2025-03-29 18:50:17', 1, 1),
(1876, 28, 3, '2025-04-10 16:00:00', 3, '2025-03-29 18:50:17', 3, '2025-03-29 18:50:17', 1, 1),
(1877, 28, 3, '2025-04-10 17:00:00', 3, '2025-03-29 18:50:17', 3, '2025-03-29 18:50:17', 1, 1),
(1878, 28, 3, '2025-04-10 18:00:00', 3, '2025-03-29 18:50:17', 3, '2025-03-29 18:50:17', 1, 1),
(1879, 28, 3, '2025-04-10 19:00:00', 3, '2025-03-29 18:50:17', 3, '2025-03-29 18:50:17', 1, 1),
(1880, 28, 3, '2025-04-10 20:00:00', 3, '2025-03-29 18:50:17', 3, '2025-03-29 18:50:17', 1, 1),
(1881, 28, 3, '2025-04-10 21:00:00', 3, '2025-03-29 18:50:17', 3, '2025-03-29 18:50:17', 1, 1),
(1882, 28, 3, '2025-04-10 22:00:00', 3, '2025-03-29 18:50:17', 3, '2025-03-29 18:50:17', 1, 1),
(1883, 28, 3, '2025-04-11 08:00:00', 3, '2025-03-29 18:50:17', 3, '2025-03-29 18:50:17', 1, 1),
(1884, 28, 3, '2025-04-11 09:00:00', 3, '2025-03-29 18:50:17', 3, '2025-03-29 18:50:17', 1, 1),
(1885, 28, 3, '2025-04-11 10:00:00', 3, '2025-03-29 18:50:17', 3, '2025-03-29 18:50:17', 1, 1),
(1886, 28, 3, '2025-04-11 11:00:00', 3, '2025-03-29 18:50:17', 3, '2025-03-29 18:50:17', 1, 1),
(1887, 28, 3, '2025-04-11 12:00:00', 3, '2025-03-29 18:50:17', 3, '2025-03-29 18:50:17', 1, 1),
(1888, 28, 3, '2025-04-11 13:00:00', 3, '2025-03-29 18:50:17', 3, '2025-03-29 18:50:17', 1, 1),
(1889, 28, 3, '2025-04-11 14:00:00', 3, '2025-03-29 18:50:17', 3, '2025-03-29 18:50:17', 1, 1),
(1890, 28, 3, '2025-04-11 15:00:00', 3, '2025-03-29 18:50:17', 3, '2025-03-29 18:50:17', 1, 1),
(1891, 28, 3, '2025-04-11 16:00:00', 3, '2025-03-29 18:50:17', 3, '2025-03-29 18:50:17', 1, 1),
(1892, 28, 3, '2025-04-11 17:00:00', 3, '2025-03-29 18:50:17', 3, '2025-03-29 18:50:17', 1, 1),
(1893, 28, 3, '2025-04-11 18:00:00', 3, '2025-03-29 18:50:17', 3, '2025-03-29 18:50:17', 1, 1),
(1894, 28, 3, '2025-04-11 19:00:00', 3, '2025-03-29 18:50:17', 3, '2025-03-29 18:50:17', 1, 1),
(1895, 28, 3, '2025-04-11 20:00:00', 3, '2025-03-29 18:50:17', 3, '2025-03-29 18:50:17', 1, 1),
(1896, 28, 3, '2025-04-11 21:00:00', 3, '2025-03-29 18:50:17', 3, '2025-03-29 18:50:17', 1, 1),
(1897, 28, 3, '2025-04-11 22:00:00', 3, '2025-03-29 18:50:17', 3, '2025-03-29 18:50:17', 1, 1),
(1898, 28, 2, '2025-03-29 08:00:00', 3, '2025-03-29 18:50:44', 3, '2025-03-29 18:50:44', 1, 1),
(1899, 28, 2, '2025-03-29 09:00:00', 3, '2025-03-29 18:50:44', 3, '2025-03-29 18:50:44', 1, 1),
(1900, 28, 2, '2025-03-29 10:00:00', 3, '2025-03-29 18:50:44', 3, '2025-03-29 18:50:44', 1, 1),
(1901, 28, 2, '2025-03-29 11:00:00', 3, '2025-03-29 18:50:44', 3, '2025-03-29 18:50:44', 1, 1),
(1902, 28, 2, '2025-03-29 12:00:00', 3, '2025-03-29 18:50:44', 3, '2025-03-29 18:50:44', 1, 1),
(1903, 28, 2, '2025-03-29 13:00:00', 3, '2025-03-29 18:50:44', 3, '2025-03-29 18:50:44', 1, 1),
(1904, 28, 2, '2025-03-29 14:00:00', 3, '2025-03-29 18:50:44', 3, '2025-03-29 18:50:44', 1, 1),
(1905, 28, 2, '2025-03-29 15:00:00', 3, '2025-03-29 18:50:44', 3, '2025-03-29 18:50:44', 1, 1),
(1906, 28, 2, '2025-03-29 16:00:00', 3, '2025-03-29 18:50:44', 3, '2025-03-29 18:50:44', 1, 1),
(1907, 28, 2, '2025-03-29 17:00:00', 3, '2025-03-29 18:50:44', 3, '2025-03-29 18:50:44', 1, 1),
(1908, 28, 2, '2025-03-29 18:00:00', 3, '2025-03-29 18:50:44', 3, '2025-03-29 18:50:44', 1, 1),
(1909, 28, 2, '2025-03-29 19:00:00', 3, '2025-03-29 18:50:44', 3, '2025-03-29 18:50:44', 1, 1),
(1910, 28, 2, '2025-03-29 20:00:00', 3, '2025-03-29 18:50:44', 3, '2025-03-29 18:50:44', 1, 1),
(1911, 28, 2, '2025-03-29 21:00:00', 3, '2025-03-29 18:50:44', 3, '2025-03-29 18:50:44', 1, 1),
(1912, 28, 2, '2025-03-29 22:00:00', 3, '2025-03-29 18:50:44', 3, '2025-03-29 18:50:44', 1, 1),
(1913, 28, 2, '2025-03-30 08:00:00', 3, '2025-03-29 18:50:44', 3, '2025-03-29 18:50:44', 1, 1),
(1914, 28, 2, '2025-03-30 09:00:00', 3, '2025-03-29 18:50:44', 3, '2025-03-29 18:50:44', 1, 1),
(1915, 28, 2, '2025-03-30 10:00:00', 3, '2025-03-29 18:50:44', 3, '2025-03-29 18:50:44', 1, 1),
(1916, 28, 2, '2025-03-30 11:00:00', 3, '2025-03-29 18:50:44', 3, '2025-03-29 18:50:44', 1, 1),
(1917, 28, 2, '2025-03-30 12:00:00', 3, '2025-03-29 18:50:44', 3, '2025-03-29 18:50:44', 1, 1),
(1918, 28, 2, '2025-03-30 13:00:00', 3, '2025-03-29 18:50:44', 3, '2025-03-29 18:50:44', 1, 1),
(1919, 28, 2, '2025-03-30 14:00:00', 3, '2025-03-29 18:50:44', 3, '2025-03-29 18:50:44', 1, 1),
(1920, 28, 2, '2025-03-30 15:00:00', 3, '2025-03-29 18:50:44', 3, '2025-03-29 18:50:44', 1, 1),
(1921, 28, 2, '2025-03-30 16:00:00', 3, '2025-03-29 18:50:44', 3, '2025-03-29 18:50:44', 1, 1),
(1922, 28, 2, '2025-03-30 17:00:00', 3, '2025-03-29 18:50:44', 3, '2025-03-29 18:50:44', 1, 1),
(1923, 28, 2, '2025-03-30 18:00:00', 3, '2025-03-29 18:50:44', 3, '2025-03-29 18:50:44', 1, 1),
(1924, 28, 2, '2025-03-30 19:00:00', 3, '2025-03-29 18:50:44', 3, '2025-03-29 18:50:44', 1, 1),
(1925, 28, 2, '2025-03-30 20:00:00', 3, '2025-03-29 18:50:44', 3, '2025-03-29 18:50:44', 1, 1),
(1926, 28, 2, '2025-03-30 21:00:00', 3, '2025-03-29 18:50:44', 3, '2025-03-29 18:50:44', 1, 1),
(1927, 28, 2, '2025-03-30 22:00:00', 3, '2025-03-29 18:50:44', 3, '2025-03-29 18:50:44', 1, 1),
(1928, 28, 2, '2025-03-31 08:00:00', 3, '2025-03-29 18:50:44', 3, '2025-03-29 18:50:44', 1, 1),
(1929, 28, 2, '2025-03-31 09:00:00', 3, '2025-03-29 18:50:44', 3, '2025-03-29 18:50:44', 1, 1),
(1930, 28, 2, '2025-03-31 10:00:00', 3, '2025-03-29 18:50:44', 3, '2025-03-29 18:50:44', 1, 1),
(1931, 28, 2, '2025-03-31 11:00:00', 3, '2025-03-29 18:50:44', 3, '2025-03-29 18:50:44', 1, 1),
(1932, 28, 2, '2025-03-31 12:00:00', 3, '2025-03-29 18:50:44', 3, '2025-03-29 18:50:44', 1, 1),
(1933, 28, 2, '2025-03-31 13:00:00', 3, '2025-03-29 18:50:44', 3, '2025-03-29 18:50:44', 1, 1),
(1934, 28, 2, '2025-03-31 14:00:00', 3, '2025-03-29 18:50:44', 3, '2025-03-29 18:50:44', 1, 1),
(1935, 28, 2, '2025-03-31 15:00:00', 3, '2025-03-29 18:50:44', 3, '2025-03-29 18:50:44', 1, 1),
(1936, 28, 2, '2025-03-31 16:00:00', 3, '2025-03-29 18:50:44', 3, '2025-03-29 18:50:44', 1, 1),
(1937, 28, 2, '2025-03-31 17:00:00', 3, '2025-03-29 18:50:44', 3, '2025-03-29 18:50:44', 1, 1),
(1938, 28, 2, '2025-03-31 18:00:00', 3, '2025-03-29 18:50:44', 3, '2025-03-29 18:50:44', 1, 1),
(1939, 28, 2, '2025-03-31 19:00:00', 3, '2025-03-29 18:50:44', 3, '2025-03-29 18:50:44', 1, 1),
(1940, 28, 2, '2025-03-31 20:00:00', 3, '2025-03-29 18:50:44', 3, '2025-03-29 18:50:44', 1, 1),
(1941, 28, 2, '2025-03-31 21:00:00', 3, '2025-03-29 18:50:44', 3, '2025-03-29 18:50:44', 1, 1),
(1942, 28, 2, '2025-03-31 22:00:00', 3, '2025-03-29 18:50:44', 3, '2025-03-29 18:50:44', 1, 1),
(1943, 28, 2, '2025-04-01 08:00:00', 3, '2025-03-29 18:50:44', 3, '2025-03-29 18:50:44', 1, 1),
(1944, 28, 2, '2025-04-01 09:00:00', 3, '2025-03-29 18:50:44', 3, '2025-03-29 18:50:44', 1, 1),
(1945, 28, 2, '2025-04-01 10:00:00', 3, '2025-03-29 18:50:44', 3, '2025-03-29 18:50:44', 1, 1),
(1946, 28, 2, '2025-04-01 11:00:00', 3, '2025-03-29 18:50:44', 3, '2025-03-29 18:50:44', 1, 1),
(1947, 28, 2, '2025-04-01 12:00:00', 3, '2025-03-29 18:50:44', 3, '2025-03-29 18:50:44', 1, 1),
(1948, 28, 2, '2025-04-01 13:00:00', 3, '2025-03-29 18:50:44', 3, '2025-03-29 18:50:44', 1, 1),
(1949, 28, 2, '2025-04-01 14:00:00', 3, '2025-03-29 18:50:44', 3, '2025-03-29 18:50:44', 1, 1),
(1950, 28, 2, '2025-04-01 15:00:00', 3, '2025-03-29 18:50:44', 3, '2025-03-29 18:50:44', 1, 1),
(1951, 28, 2, '2025-04-01 16:00:00', 3, '2025-03-29 18:50:44', 3, '2025-03-29 18:50:44', 1, 1),
(1952, 28, 2, '2025-04-01 17:00:00', 3, '2025-03-29 18:50:44', 3, '2025-03-29 18:50:44', 1, 1),
(1953, 28, 2, '2025-04-01 18:00:00', 3, '2025-03-29 18:50:44', 3, '2025-03-29 18:50:44', 1, 1),
(1954, 28, 2, '2025-04-01 19:00:00', 3, '2025-03-29 18:50:44', 3, '2025-03-29 18:50:44', 1, 1),
(1955, 28, 2, '2025-04-01 20:00:00', 3, '2025-03-29 18:50:44', 3, '2025-03-29 18:50:44', 1, 1),
(1956, 28, 2, '2025-04-01 21:00:00', 3, '2025-03-29 18:50:44', 3, '2025-03-29 18:50:44', 1, 1),
(1957, 28, 2, '2025-04-01 22:00:00', 3, '2025-03-29 18:50:44', 3, '2025-03-29 18:50:44', 1, 1),
(1958, 28, 2, '2025-04-02 08:00:00', 3, '2025-03-29 18:50:44', 3, '2025-03-29 18:50:44', 1, 1),
(1959, 28, 2, '2025-04-02 09:00:00', 3, '2025-03-29 18:50:44', 3, '2025-03-29 18:50:44', 1, 1),
(1960, 28, 2, '2025-04-02 10:00:00', 3, '2025-03-29 18:50:44', 3, '2025-03-29 18:50:44', 1, 1),
(1961, 28, 2, '2025-04-02 11:00:00', 3, '2025-03-29 18:50:44', 3, '2025-03-29 18:50:44', 1, 1),
(1962, 28, 2, '2025-04-02 12:00:00', 3, '2025-03-29 18:50:44', 3, '2025-03-29 18:50:44', 1, 1),
(1963, 28, 2, '2025-04-02 13:00:00', 3, '2025-03-29 18:50:44', 3, '2025-03-29 18:50:44', 1, 1),
(1964, 28, 2, '2025-04-02 14:00:00', 3, '2025-03-29 18:50:44', 3, '2025-03-29 18:50:44', 1, 1),
(1965, 28, 2, '2025-04-02 15:00:00', 3, '2025-03-29 18:50:44', 3, '2025-03-29 18:50:44', 1, 1),
(1966, 28, 2, '2025-04-02 16:00:00', 3, '2025-03-29 18:50:44', 3, '2025-03-29 18:50:44', 1, 1),
(1967, 28, 2, '2025-04-02 17:00:00', 3, '2025-03-29 18:50:44', 3, '2025-03-29 18:50:44', 1, 1),
(1968, 28, 2, '2025-04-02 18:00:00', 3, '2025-03-29 18:50:44', 3, '2025-03-29 18:50:44', 1, 1),
(1969, 28, 2, '2025-04-02 19:00:00', 3, '2025-03-29 18:50:44', 3, '2025-03-29 18:50:44', 1, 1),
(1970, 28, 2, '2025-04-02 20:00:00', 3, '2025-03-29 18:50:44', 3, '2025-03-29 18:50:44', 1, 1),
(1971, 28, 2, '2025-04-02 21:00:00', 3, '2025-03-29 18:50:44', 3, '2025-03-29 18:50:44', 1, 1),
(1972, 28, 2, '2025-04-02 22:00:00', 3, '2025-03-29 18:50:44', 3, '2025-03-29 18:50:44', 1, 1),
(1973, 28, 2, '2025-04-03 08:00:00', 3, '2025-03-29 18:50:44', 3, '2025-03-29 18:50:44', 1, 1),
(1974, 28, 2, '2025-04-03 09:00:00', 3, '2025-03-29 18:50:44', 3, '2025-03-29 18:50:44', 1, 1),
(1975, 28, 2, '2025-04-03 10:00:00', 3, '2025-03-29 18:50:44', 3, '2025-03-29 18:50:44', 1, 1),
(1976, 28, 2, '2025-04-03 11:00:00', 3, '2025-03-29 18:50:44', 3, '2025-03-29 18:50:44', 1, 1),
(1977, 28, 2, '2025-04-03 12:00:00', 3, '2025-03-29 18:50:44', 3, '2025-03-29 18:50:44', 1, 1),
(1978, 28, 2, '2025-04-03 13:00:00', 3, '2025-03-29 18:50:44', 3, '2025-03-29 18:50:44', 1, 1),
(1979, 28, 2, '2025-04-03 14:00:00', 3, '2025-03-29 18:50:44', 3, '2025-03-29 18:50:44', 1, 1),
(1980, 28, 2, '2025-04-03 15:00:00', 3, '2025-03-29 18:50:44', 3, '2025-03-29 18:50:44', 1, 1),
(1981, 28, 2, '2025-04-03 16:00:00', 3, '2025-03-29 18:50:44', 3, '2025-03-29 18:50:44', 1, 1),
(1982, 28, 2, '2025-04-03 17:00:00', 3, '2025-03-29 18:50:44', 3, '2025-03-29 18:50:44', 1, 1),
(1983, 28, 2, '2025-04-03 18:00:00', 3, '2025-03-29 18:50:44', 3, '2025-03-29 18:50:44', 1, 1),
(1984, 28, 2, '2025-04-03 19:00:00', 3, '2025-03-29 18:50:44', 3, '2025-03-29 18:50:44', 1, 1),
(1985, 28, 2, '2025-04-03 20:00:00', 3, '2025-03-29 18:50:44', 3, '2025-03-29 18:50:44', 1, 1),
(1986, 28, 2, '2025-04-03 21:00:00', 3, '2025-03-29 18:50:44', 3, '2025-03-29 18:50:44', 1, 1),
(1987, 28, 2, '2025-04-03 22:00:00', 3, '2025-03-29 18:50:44', 3, '2025-03-29 18:50:44', 1, 1),
(1988, 28, 2, '2025-04-04 08:00:00', 3, '2025-03-29 18:50:45', 3, '2025-03-29 18:50:45', 1, 1),
(1989, 28, 2, '2025-04-04 09:00:00', 3, '2025-03-29 18:50:45', 3, '2025-03-29 18:50:45', 1, 1),
(1990, 28, 2, '2025-04-04 10:00:00', 3, '2025-03-29 18:50:45', 3, '2025-03-29 18:50:45', 1, 1),
(1991, 28, 2, '2025-04-04 11:00:00', 3, '2025-03-29 18:50:45', 3, '2025-03-29 18:50:45', 1, 1),
(1992, 28, 2, '2025-04-04 12:00:00', 3, '2025-03-29 18:50:45', 3, '2025-03-29 18:50:45', 1, 1),
(1993, 28, 2, '2025-04-04 13:00:00', 3, '2025-03-29 18:50:45', 3, '2025-03-29 18:50:45', 1, 1),
(1994, 28, 2, '2025-04-04 14:00:00', 3, '2025-03-29 18:50:45', 3, '2025-03-29 18:50:45', 1, 1),
(1995, 28, 2, '2025-04-04 15:00:00', 3, '2025-03-29 18:50:45', 3, '2025-03-29 18:50:45', 1, 1),
(1996, 28, 2, '2025-04-04 16:00:00', 3, '2025-03-29 18:50:45', 3, '2025-03-29 18:50:45', 1, 1),
(1997, 28, 2, '2025-04-04 17:00:00', 3, '2025-03-29 18:50:45', 3, '2025-03-29 18:50:45', 1, 1),
(1998, 28, 2, '2025-04-04 18:00:00', 3, '2025-03-29 18:50:45', 3, '2025-03-29 18:50:45', 1, 1),
(1999, 28, 2, '2025-04-04 19:00:00', 3, '2025-03-29 18:50:45', 3, '2025-03-29 18:50:45', 1, 1),
(2000, 28, 2, '2025-04-04 20:00:00', 3, '2025-03-29 18:50:45', 3, '2025-03-29 18:50:45', 1, 1),
(2001, 28, 2, '2025-04-04 21:00:00', 3, '2025-03-29 18:50:45', 3, '2025-03-29 18:50:45', 1, 1),
(2002, 28, 2, '2025-04-04 22:00:00', 3, '2025-03-29 18:50:45', 3, '2025-03-29 18:50:45', 1, 1),
(2003, 28, 2, '2025-04-05 08:00:00', 3, '2025-03-29 18:50:45', 3, '2025-03-29 18:50:45', 1, 1),
(2004, 28, 2, '2025-04-05 09:00:00', 3, '2025-03-29 18:50:45', 3, '2025-03-29 18:50:45', 1, 1),
(2005, 28, 2, '2025-04-05 10:00:00', 3, '2025-03-29 18:50:45', 3, '2025-03-29 18:50:45', 1, 1),
(2006, 28, 2, '2025-04-05 11:00:00', 3, '2025-03-29 18:50:45', 3, '2025-03-29 18:50:45', 1, 1),
(2007, 28, 2, '2025-04-05 12:00:00', 3, '2025-03-29 18:50:45', 3, '2025-03-29 18:50:45', 1, 1),
(2008, 28, 2, '2025-04-05 13:00:00', 3, '2025-03-29 18:50:45', 3, '2025-03-29 18:50:45', 1, 1),
(2009, 28, 2, '2025-04-05 14:00:00', 3, '2025-03-29 18:50:45', 3, '2025-03-29 18:50:45', 1, 1),
(2010, 28, 2, '2025-04-05 15:00:00', 3, '2025-03-29 18:50:45', 3, '2025-03-29 18:50:45', 1, 1),
(2011, 28, 2, '2025-04-05 16:00:00', 3, '2025-03-29 18:50:45', 3, '2025-03-29 18:50:45', 1, 1),
(2012, 28, 2, '2025-04-05 17:00:00', 3, '2025-03-29 18:50:45', 3, '2025-03-29 18:50:45', 1, 1),
(2013, 28, 2, '2025-04-05 18:00:00', 3, '2025-03-29 18:50:45', 3, '2025-03-29 18:50:45', 1, 1),
(2014, 28, 2, '2025-04-05 19:00:00', 3, '2025-03-29 18:50:45', 3, '2025-03-29 18:50:45', 1, 1),
(2015, 28, 2, '2025-04-05 20:00:00', 3, '2025-03-29 18:50:45', 3, '2025-03-29 18:50:45', 1, 1),
(2016, 28, 2, '2025-04-05 21:00:00', 3, '2025-03-29 18:50:45', 3, '2025-03-29 18:50:45', 1, 1),
(2017, 28, 2, '2025-04-05 22:00:00', 3, '2025-03-29 18:50:45', 3, '2025-03-29 18:50:45', 1, 1),
(2018, 28, 2, '2025-04-06 08:00:00', 3, '2025-03-29 18:50:45', 3, '2025-03-29 18:50:45', 1, 1),
(2019, 28, 2, '2025-04-06 09:00:00', 3, '2025-03-29 18:50:45', 3, '2025-03-29 18:50:45', 1, 1),
(2020, 28, 2, '2025-04-06 10:00:00', 3, '2025-03-29 18:50:45', 3, '2025-03-29 18:50:45', 1, 1),
(2021, 28, 2, '2025-04-06 11:00:00', 3, '2025-03-29 18:50:45', 3, '2025-03-29 18:50:45', 1, 1),
(2022, 28, 2, '2025-04-06 12:00:00', 3, '2025-03-29 18:50:45', 3, '2025-03-29 18:50:45', 1, 1),
(2023, 28, 2, '2025-04-06 13:00:00', 3, '2025-03-29 18:50:45', 3, '2025-03-29 18:50:45', 1, 1),
(2024, 28, 2, '2025-04-06 14:00:00', 3, '2025-03-29 18:50:45', 3, '2025-03-29 18:50:45', 1, 1),
(2025, 28, 2, '2025-04-06 15:00:00', 3, '2025-03-29 18:50:45', 3, '2025-03-29 18:50:45', 1, 1),
(2026, 28, 2, '2025-04-06 16:00:00', 3, '2025-03-29 18:50:45', 3, '2025-03-29 18:50:45', 1, 1),
(2027, 28, 2, '2025-04-06 17:00:00', 3, '2025-03-29 18:50:45', 3, '2025-03-29 18:50:45', 1, 1),
(2028, 28, 2, '2025-04-06 18:00:00', 3, '2025-03-29 18:50:45', 3, '2025-03-29 18:50:45', 1, 1),
(2029, 28, 2, '2025-04-06 19:00:00', 3, '2025-03-29 18:50:45', 3, '2025-03-29 18:50:45', 1, 1),
(2030, 28, 2, '2025-04-06 20:00:00', 3, '2025-03-29 18:50:45', 3, '2025-03-29 18:50:45', 1, 1),
(2031, 28, 2, '2025-04-06 21:00:00', 3, '2025-03-29 18:50:45', 3, '2025-03-29 18:50:45', 1, 1),
(2032, 28, 2, '2025-04-06 22:00:00', 3, '2025-03-29 18:50:45', 3, '2025-03-29 18:50:45', 1, 1),
(2033, 28, 2, '2025-04-07 08:00:00', 3, '2025-03-29 18:50:45', 3, '2025-03-29 18:50:45', 1, 1),
(2034, 28, 2, '2025-04-07 09:00:00', 3, '2025-03-29 18:50:45', 3, '2025-03-29 18:50:45', 1, 1),
(2035, 28, 2, '2025-04-07 10:00:00', 3, '2025-03-29 18:50:45', 3, '2025-03-29 18:50:45', 1, 1),
(2036, 28, 2, '2025-04-07 11:00:00', 3, '2025-03-29 18:50:45', 3, '2025-03-29 18:50:45', 1, 1),
(2037, 28, 2, '2025-04-07 12:00:00', 3, '2025-03-29 18:50:45', 3, '2025-03-29 18:50:45', 1, 1),
(2038, 28, 2, '2025-04-07 13:00:00', 3, '2025-03-29 18:50:45', 3, '2025-03-29 18:50:45', 1, 1),
(2039, 28, 2, '2025-04-07 14:00:00', 3, '2025-03-29 18:50:45', 3, '2025-03-29 18:50:45', 1, 1),
(2040, 28, 2, '2025-04-07 15:00:00', 3, '2025-03-29 18:50:45', 3, '2025-03-29 18:50:45', 1, 1),
(2041, 28, 2, '2025-04-07 16:00:00', 3, '2025-03-29 18:50:45', 3, '2025-03-29 18:50:45', 1, 1),
(2042, 28, 2, '2025-04-07 17:00:00', 3, '2025-03-29 18:50:45', 3, '2025-03-29 18:50:45', 1, 1),
(2043, 28, 2, '2025-04-07 18:00:00', 3, '2025-03-29 18:50:45', 3, '2025-03-29 18:50:45', 1, 1),
(2044, 28, 2, '2025-04-07 19:00:00', 3, '2025-03-29 18:50:45', 3, '2025-03-29 18:50:45', 1, 1),
(2045, 28, 2, '2025-04-07 20:00:00', 3, '2025-03-29 18:50:45', 3, '2025-03-29 18:50:45', 1, 1),
(2046, 28, 2, '2025-04-07 21:00:00', 3, '2025-03-29 18:50:45', 3, '2025-03-29 18:50:45', 1, 1),
(2047, 28, 2, '2025-04-07 22:00:00', 3, '2025-03-29 18:50:45', 3, '2025-03-29 18:50:45', 1, 1),
(2048, 28, 2, '2025-04-08 08:00:00', 3, '2025-03-29 18:50:45', 3, '2025-03-29 18:50:45', 1, 1),
(2049, 28, 2, '2025-04-08 09:00:00', 3, '2025-03-29 18:50:45', 3, '2025-03-29 18:50:45', 1, 1),
(2050, 28, 2, '2025-04-08 10:00:00', 3, '2025-03-29 18:50:45', 3, '2025-03-29 18:50:45', 1, 1),
(2051, 28, 2, '2025-04-08 11:00:00', 3, '2025-03-29 18:50:45', 3, '2025-03-29 18:50:45', 1, 1),
(2052, 28, 2, '2025-04-08 12:00:00', 3, '2025-03-29 18:50:45', 3, '2025-03-29 18:50:45', 1, 1),
(2053, 28, 2, '2025-04-08 13:00:00', 3, '2025-03-29 18:50:45', 3, '2025-03-29 18:50:45', 1, 1),
(2054, 28, 2, '2025-04-08 14:00:00', 3, '2025-03-29 18:50:45', 3, '2025-03-29 18:50:45', 1, 1),
(2055, 28, 2, '2025-04-08 15:00:00', 3, '2025-03-29 18:50:45', 3, '2025-03-29 18:50:45', 1, 1),
(2056, 28, 2, '2025-04-08 16:00:00', 3, '2025-03-29 18:50:45', 3, '2025-03-29 18:50:45', 1, 1),
(2057, 28, 2, '2025-04-08 17:00:00', 3, '2025-03-29 18:50:45', 3, '2025-03-29 18:50:45', 1, 1),
(2058, 28, 2, '2025-04-08 18:00:00', 3, '2025-03-29 18:50:45', 3, '2025-03-29 18:50:45', 1, 1),
(2059, 28, 2, '2025-04-08 19:00:00', 3, '2025-03-29 18:50:45', 3, '2025-03-29 18:50:45', 1, 1),
(2060, 28, 2, '2025-04-08 20:00:00', 3, '2025-03-29 18:50:45', 3, '2025-03-29 18:50:45', 1, 1),
(2061, 28, 2, '2025-04-08 21:00:00', 3, '2025-03-29 18:50:45', 3, '2025-03-29 18:50:45', 1, 1),
(2062, 28, 2, '2025-04-08 22:00:00', 3, '2025-03-29 18:50:45', 3, '2025-03-29 18:50:45', 1, 1),
(2063, 28, 2, '2025-04-09 08:00:00', 3, '2025-03-29 18:50:45', 3, '2025-03-29 18:50:45', 1, 1),
(2064, 28, 2, '2025-04-09 09:00:00', 3, '2025-03-29 18:50:45', 3, '2025-03-29 18:50:45', 1, 1),
(2065, 28, 2, '2025-04-09 10:00:00', 3, '2025-03-29 18:50:45', 3, '2025-03-29 18:50:45', 1, 1),
(2066, 28, 2, '2025-04-09 11:00:00', 3, '2025-03-29 18:50:45', 3, '2025-03-29 18:50:45', 1, 1),
(2067, 28, 2, '2025-04-09 12:00:00', 3, '2025-03-29 18:50:45', 3, '2025-03-29 18:50:45', 1, 1),
(2068, 28, 2, '2025-04-09 13:00:00', 3, '2025-03-29 18:50:45', 3, '2025-03-29 18:50:45', 1, 1),
(2069, 28, 2, '2025-04-09 14:00:00', 3, '2025-03-29 18:50:45', 3, '2025-03-29 18:50:45', 1, 1),
(2070, 28, 2, '2025-04-09 15:00:00', 3, '2025-03-29 18:50:45', 3, '2025-03-29 18:50:45', 1, 1),
(2071, 28, 2, '2025-04-09 16:00:00', 3, '2025-03-29 18:50:45', 3, '2025-03-29 18:50:45', 1, 1),
(2072, 28, 2, '2025-04-09 17:00:00', 3, '2025-03-29 18:50:45', 3, '2025-03-29 18:50:45', 1, 1),
(2073, 28, 2, '2025-04-09 18:00:00', 3, '2025-03-29 18:50:45', 3, '2025-03-29 18:50:45', 1, 1),
(2074, 28, 2, '2025-04-09 19:00:00', 3, '2025-03-29 18:50:45', 3, '2025-03-29 18:50:45', 1, 1),
(2075, 28, 2, '2025-04-09 20:00:00', 3, '2025-03-29 18:50:45', 3, '2025-03-29 18:50:45', 1, 1),
(2076, 28, 2, '2025-04-09 21:00:00', 3, '2025-03-29 18:50:45', 3, '2025-03-29 18:50:45', 1, 1),
(2077, 28, 2, '2025-04-09 22:00:00', 3, '2025-03-29 18:50:45', 3, '2025-03-29 18:50:45', 1, 1),
(2078, 28, 2, '2025-04-10 08:00:00', 3, '2025-03-29 18:50:45', 3, '2025-03-29 18:50:45', 1, 1),
(2079, 28, 2, '2025-04-10 09:00:00', 3, '2025-03-29 18:50:45', 3, '2025-03-29 18:50:45', 1, 1),
(2080, 28, 2, '2025-04-10 10:00:00', 3, '2025-03-29 18:50:45', 3, '2025-03-29 18:50:45', 1, 1),
(2081, 28, 2, '2025-04-10 11:00:00', 3, '2025-03-29 18:50:45', 3, '2025-03-29 18:50:45', 1, 1),
(2082, 28, 2, '2025-04-10 12:00:00', 3, '2025-03-29 18:50:45', 3, '2025-03-29 18:50:45', 1, 1),
(2083, 28, 2, '2025-04-10 13:00:00', 3, '2025-03-29 18:50:45', 3, '2025-03-29 18:50:45', 1, 1),
(2084, 28, 2, '2025-04-10 14:00:00', 3, '2025-03-29 18:50:45', 3, '2025-03-29 18:50:45', 1, 1),
(2085, 28, 2, '2025-04-10 15:00:00', 3, '2025-03-29 18:50:45', 3, '2025-03-29 18:50:45', 1, 1),
(2086, 28, 2, '2025-04-10 16:00:00', 3, '2025-03-29 18:50:45', 3, '2025-03-29 18:50:45', 1, 1),
(2087, 28, 2, '2025-04-10 17:00:00', 3, '2025-03-29 18:50:45', 3, '2025-03-29 18:50:45', 1, 1),
(2088, 28, 2, '2025-04-10 18:00:00', 3, '2025-03-29 18:50:45', 3, '2025-03-29 18:50:45', 1, 1),
(2089, 28, 2, '2025-04-10 19:00:00', 3, '2025-03-29 18:50:45', 3, '2025-03-29 18:50:45', 1, 1),
(2090, 28, 2, '2025-04-10 20:00:00', 3, '2025-03-29 18:50:45', 3, '2025-03-29 18:50:45', 1, 1),
(2091, 28, 2, '2025-04-10 21:00:00', 3, '2025-03-29 18:50:45', 3, '2025-03-29 18:50:45', 1, 1),
(2092, 28, 2, '2025-04-10 22:00:00', 3, '2025-03-29 18:50:45', 3, '2025-03-29 18:50:45', 1, 1),
(2093, 28, 2, '2025-04-11 08:00:00', 3, '2025-03-29 18:50:45', 3, '2025-03-29 18:50:45', 1, 1),
(2094, 28, 2, '2025-04-11 09:00:00', 3, '2025-03-29 18:50:45', 3, '2025-03-29 18:50:45', 1, 1),
(2095, 28, 2, '2025-04-11 10:00:00', 3, '2025-03-29 18:50:45', 3, '2025-03-29 18:50:45', 1, 1),
(2096, 28, 2, '2025-04-11 11:00:00', 3, '2025-03-29 18:50:45', 3, '2025-03-29 18:50:45', 1, 1),
(2097, 28, 2, '2025-04-11 12:00:00', 3, '2025-03-29 18:50:45', 3, '2025-03-29 18:50:45', 1, 1),
(2098, 28, 2, '2025-04-11 13:00:00', 3, '2025-03-29 18:50:45', 3, '2025-03-29 18:50:45', 1, 1),
(2099, 28, 2, '2025-04-11 14:00:00', 3, '2025-03-29 18:50:45', 3, '2025-03-29 18:50:45', 1, 1),
(2100, 28, 2, '2025-04-11 15:00:00', 3, '2025-03-29 18:50:45', 3, '2025-03-29 18:50:45', 1, 1),
(2101, 28, 2, '2025-04-11 16:00:00', 3, '2025-03-29 18:50:45', 3, '2025-03-29 18:50:45', 1, 1),
(2102, 28, 2, '2025-04-11 17:00:00', 3, '2025-03-29 18:50:45', 3, '2025-03-29 18:50:45', 1, 1),
(2103, 28, 2, '2025-04-11 18:00:00', 3, '2025-03-29 18:50:45', 3, '2025-03-29 18:50:45', 1, 1),
(2104, 28, 2, '2025-04-11 19:00:00', 3, '2025-03-29 18:50:45', 3, '2025-03-29 18:50:45', 1, 1),
(2105, 28, 2, '2025-04-11 20:00:00', 3, '2025-03-29 18:50:45', 3, '2025-03-29 18:50:45', 1, 1),
(2106, 28, 2, '2025-04-11 21:00:00', 3, '2025-03-29 18:50:45', 3, '2025-03-29 18:50:45', 1, 1),
(2107, 28, 2, '2025-04-11 22:00:00', 3, '2025-03-29 18:50:45', 3, '2025-03-29 18:50:45', 1, 1),
(2108, 104, 8, '2025-03-30 08:00:00', 3, '2025-03-30 22:02:38', 3, '2025-03-30 22:02:38', 1, 1),
(2109, 104, 8, '2025-03-30 09:00:00', 3, '2025-03-30 22:02:38', 3, '2025-03-30 22:02:38', 1, 1),
(2110, 104, 8, '2025-03-30 10:00:00', 3, '2025-03-30 22:02:38', 3, '2025-03-30 22:02:38', 1, 1),
(2111, 104, 8, '2025-03-30 11:00:00', 3, '2025-03-30 22:02:38', 3, '2025-03-30 22:02:38', 1, 1),
(2112, 104, 8, '2025-03-30 12:00:00', 3, '2025-03-30 22:02:38', 3, '2025-03-30 22:02:38', 1, 1),
(2113, 104, 8, '2025-03-30 13:00:00', 3, '2025-03-30 22:02:38', 3, '2025-03-30 22:02:38', 1, 1),
(2114, 104, 8, '2025-03-30 14:00:00', 3, '2025-03-30 22:02:38', 3, '2025-03-30 22:02:38', 1, 1),
(2115, 104, 8, '2025-03-30 15:00:00', 3, '2025-03-30 22:02:38', 3, '2025-03-30 22:02:38', 1, 1),
(2116, 104, 8, '2025-03-30 16:00:00', 3, '2025-03-30 22:02:38', 3, '2025-03-30 22:02:38', 1, 1),
(2117, 104, 8, '2025-03-30 17:00:00', 3, '2025-03-30 22:02:38', 3, '2025-03-30 22:02:38', 1, 1),
(2118, 104, 8, '2025-03-30 18:00:00', 3, '2025-03-30 22:02:38', 3, '2025-03-30 22:02:38', 1, 1),
(2119, 104, 8, '2025-03-30 19:00:00', 3, '2025-03-30 22:02:38', 3, '2025-03-30 22:02:38', 1, 1),
(2120, 104, 8, '2025-03-30 20:00:00', 3, '2025-03-30 22:02:38', 3, '2025-03-30 22:02:38', 1, 1),
(2121, 104, 8, '2025-03-30 21:00:00', 3, '2025-03-30 22:02:38', 3, '2025-03-30 22:02:38', 1, 1),
(2122, 104, 8, '2025-03-30 22:00:00', 3, '2025-03-30 22:02:38', 3, '2025-03-30 22:02:38', 1, 1),
(2123, 104, 8, '2025-03-31 08:00:00', 3, '2025-03-30 22:02:38', 3, '2025-03-30 22:02:38', 1, 1),
(2124, 104, 8, '2025-03-31 09:00:00', 3, '2025-03-30 22:02:38', 3, '2025-03-30 22:02:38', 1, 1),
(2125, 104, 8, '2025-03-31 10:00:00', 3, '2025-03-30 22:02:38', 3, '2025-03-30 22:02:38', 1, 1),
(2126, 104, 8, '2025-03-31 11:00:00', 3, '2025-03-30 22:02:38', 3, '2025-03-30 22:02:38', 1, 1),
(2127, 104, 8, '2025-03-31 12:00:00', 3, '2025-03-30 22:02:38', 3, '2025-03-30 22:02:38', 1, 1),
(2128, 104, 8, '2025-03-31 13:00:00', 3, '2025-03-30 22:02:38', 3, '2025-03-30 22:02:38', 1, 1),
(2129, 104, 8, '2025-03-31 14:00:00', 3, '2025-03-30 22:02:38', 3, '2025-03-30 22:02:38', 1, 1),
(2130, 104, 8, '2025-03-31 15:00:00', 3, '2025-03-30 22:02:38', 3, '2025-03-30 22:02:38', 1, 1),
(2131, 104, 8, '2025-03-31 16:00:00', 3, '2025-03-30 22:02:38', 3, '2025-03-30 22:02:38', 1, 1),
(2132, 104, 8, '2025-03-31 17:00:00', 3, '2025-03-30 22:02:38', 3, '2025-03-30 22:02:38', 1, 1),
(2133, 104, 8, '2025-03-31 18:00:00', 3, '2025-03-30 22:02:38', 3, '2025-03-30 22:02:38', 1, 1),
(2134, 104, 8, '2025-03-31 19:00:00', 3, '2025-03-30 22:02:38', 3, '2025-03-30 22:02:38', 1, 1),
(2135, 104, 8, '2025-03-31 20:00:00', 3, '2025-03-30 22:02:38', 3, '2025-03-30 22:02:38', 1, 1),
(2136, 104, 8, '2025-03-31 21:00:00', 3, '2025-03-30 22:02:38', 3, '2025-03-30 22:02:38', 1, 1),
(2137, 104, 8, '2025-03-31 22:00:00', 3, '2025-03-30 22:02:38', 3, '2025-03-30 22:02:38', 1, 1),
(2138, 104, 8, '2025-04-01 08:00:00', 3, '2025-03-30 22:02:38', 3, '2025-03-30 22:02:38', 1, 1),
(2139, 104, 8, '2025-04-01 09:00:00', 3, '2025-03-30 22:02:38', 3, '2025-03-30 22:02:38', 1, 1),
(2140, 104, 8, '2025-04-01 10:00:00', 3, '2025-03-30 22:02:38', 3, '2025-03-30 22:02:38', 1, 1),
(2141, 104, 8, '2025-04-01 11:00:00', 3, '2025-03-30 22:02:38', 3, '2025-03-30 22:02:38', 1, 1),
(2142, 104, 8, '2025-04-01 12:00:00', 3, '2025-03-30 22:02:38', 3, '2025-03-30 22:02:38', 1, 1),
(2143, 104, 8, '2025-04-01 13:00:00', 3, '2025-03-30 22:02:38', 3, '2025-03-30 22:02:38', 1, 1),
(2144, 104, 8, '2025-04-01 14:00:00', 3, '2025-03-30 22:02:38', 3, '2025-03-30 22:02:38', 1, 1),
(2145, 104, 8, '2025-04-01 15:00:00', 3, '2025-03-30 22:02:38', 3, '2025-03-30 22:02:38', 1, 1),
(2146, 104, 8, '2025-04-01 16:00:00', 3, '2025-03-30 22:02:38', 3, '2025-03-30 22:02:38', 1, 1),
(2147, 104, 8, '2025-04-01 17:00:00', 3, '2025-03-30 22:02:38', 3, '2025-03-30 22:02:38', 1, 1),
(2148, 104, 8, '2025-04-01 18:00:00', 3, '2025-03-30 22:02:38', 3, '2025-03-30 22:02:38', 1, 1),
(2149, 104, 8, '2025-04-01 19:00:00', 3, '2025-03-30 22:02:38', 3, '2025-03-30 22:02:38', 1, 1),
(2150, 104, 8, '2025-04-01 20:00:00', 3, '2025-03-30 22:02:38', 3, '2025-03-30 22:02:38', 1, 1),
(2151, 104, 8, '2025-04-01 21:00:00', 3, '2025-03-30 22:02:38', 3, '2025-03-30 22:02:38', 1, 1),
(2152, 104, 8, '2025-04-01 22:00:00', 3, '2025-03-30 22:02:38', 3, '2025-03-30 22:02:38', 1, 1),
(2153, 104, 8, '2025-04-02 08:00:00', 3, '2025-03-30 22:02:38', 3, '2025-03-30 22:02:38', 1, 1);
INSERT INTO `suatchieu` (`MaSuatChieu`, `MaPhim`, `MaPhong`, `GioChieu`, `NguoiTao`, `NgayTao`, `NguoiCapNhat`, `NgayCapNhat`, `TrangThai`, `MaRap`) VALUES
(2154, 104, 8, '2025-04-02 09:00:00', 3, '2025-03-30 22:02:38', 3, '2025-03-30 22:02:38', 1, 1),
(2155, 104, 8, '2025-04-02 10:00:00', 3, '2025-03-30 22:02:38', 3, '2025-03-30 22:02:38', 1, 1),
(2156, 104, 8, '2025-04-02 11:00:00', 3, '2025-03-30 22:02:38', 3, '2025-03-30 22:02:38', 1, 1),
(2157, 104, 8, '2025-04-02 12:00:00', 3, '2025-03-30 22:02:38', 3, '2025-03-30 22:02:38', 1, 1),
(2158, 104, 8, '2025-04-02 13:00:00', 3, '2025-03-30 22:02:38', 3, '2025-03-30 22:02:38', 1, 1),
(2159, 104, 8, '2025-04-02 14:00:00', 3, '2025-03-30 22:02:38', 3, '2025-03-30 22:02:38', 1, 1),
(2160, 104, 8, '2025-04-02 15:00:00', 3, '2025-03-30 22:02:38', 3, '2025-03-30 22:02:38', 1, 1),
(2161, 104, 8, '2025-04-02 16:00:00', 3, '2025-03-30 22:02:38', 3, '2025-03-30 22:02:38', 1, 1),
(2162, 104, 8, '2025-04-02 17:00:00', 3, '2025-03-30 22:02:38', 3, '2025-03-30 22:02:38', 1, 1),
(2163, 104, 8, '2025-04-02 18:00:00', 3, '2025-03-30 22:02:38', 3, '2025-03-30 22:02:38', 1, 1),
(2164, 104, 8, '2025-04-02 19:00:00', 3, '2025-03-30 22:02:38', 3, '2025-03-30 22:02:38', 1, 1),
(2165, 104, 8, '2025-04-02 20:00:00', 3, '2025-03-30 22:02:38', 3, '2025-03-30 22:02:38', 1, 1),
(2166, 104, 8, '2025-04-02 21:00:00', 3, '2025-03-30 22:02:38', 3, '2025-03-30 22:02:38', 1, 1),
(2167, 104, 8, '2025-04-02 22:00:00', 3, '2025-03-30 22:02:38', 3, '2025-03-30 22:02:38', 1, 1),
(2168, 104, 8, '2025-04-03 08:00:00', 3, '2025-03-30 22:02:38', 3, '2025-03-30 22:02:38', 1, 1),
(2169, 104, 8, '2025-04-03 09:00:00', 3, '2025-03-30 22:02:38', 3, '2025-03-30 22:02:38', 1, 1),
(2170, 104, 8, '2025-04-03 10:00:00', 3, '2025-03-30 22:02:38', 3, '2025-03-30 22:02:38', 1, 1),
(2171, 104, 8, '2025-04-03 11:00:00', 3, '2025-03-30 22:02:38', 3, '2025-03-30 22:02:38', 1, 1),
(2172, 104, 8, '2025-04-03 12:00:00', 3, '2025-03-30 22:02:38', 3, '2025-03-30 22:02:38', 1, 1),
(2173, 104, 8, '2025-04-03 13:00:00', 3, '2025-03-30 22:02:38', 3, '2025-03-30 22:02:38', 1, 1),
(2174, 104, 8, '2025-04-03 14:00:00', 3, '2025-03-30 22:02:38', 3, '2025-03-30 22:02:38', 1, 1),
(2175, 104, 8, '2025-04-03 15:00:00', 3, '2025-03-30 22:02:38', 3, '2025-03-30 22:02:38', 1, 1),
(2176, 104, 8, '2025-04-03 16:00:00', 3, '2025-03-30 22:02:38', 3, '2025-03-30 22:02:38', 1, 1),
(2177, 104, 8, '2025-04-03 17:00:00', 3, '2025-03-30 22:02:38', 3, '2025-03-30 22:02:38', 1, 1),
(2178, 104, 8, '2025-04-03 18:00:00', 3, '2025-03-30 22:02:38', 3, '2025-03-30 22:02:38', 1, 1),
(2179, 104, 8, '2025-04-03 19:00:00', 3, '2025-03-30 22:02:38', 3, '2025-03-30 22:02:38', 1, 1),
(2180, 104, 8, '2025-04-03 20:00:00', 3, '2025-03-30 22:02:38', 3, '2025-03-30 22:02:38', 1, 1),
(2181, 104, 8, '2025-04-03 21:00:00', 3, '2025-03-30 22:02:38', 3, '2025-03-30 22:02:38', 1, 1),
(2182, 104, 8, '2025-04-03 22:00:00', 3, '2025-03-30 22:02:38', 3, '2025-03-30 22:02:38', 1, 1),
(2183, 104, 8, '2025-04-04 08:00:00', 3, '2025-03-30 22:02:38', 3, '2025-03-30 22:02:38', 1, 1),
(2184, 104, 8, '2025-04-04 09:00:00', 3, '2025-03-30 22:02:38', 3, '2025-03-30 22:02:38', 1, 1),
(2185, 104, 8, '2025-04-04 10:00:00', 3, '2025-03-30 22:02:38', 3, '2025-03-30 22:02:38', 1, 1),
(2186, 104, 8, '2025-04-04 11:00:00', 3, '2025-03-30 22:02:38', 3, '2025-03-30 22:02:38', 1, 1),
(2187, 104, 8, '2025-04-04 12:00:00', 3, '2025-03-30 22:02:38', 3, '2025-03-30 22:02:38', 1, 1),
(2188, 104, 8, '2025-04-04 13:00:00', 3, '2025-03-30 22:02:38', 3, '2025-03-30 22:02:38', 1, 1),
(2189, 104, 8, '2025-04-04 14:00:00', 3, '2025-03-30 22:02:38', 3, '2025-03-30 22:02:38', 1, 1),
(2190, 104, 8, '2025-04-04 15:00:00', 3, '2025-03-30 22:02:38', 3, '2025-03-30 22:02:38', 1, 1),
(2191, 104, 8, '2025-04-04 16:00:00', 3, '2025-03-30 22:02:38', 3, '2025-03-30 22:02:38', 1, 1),
(2192, 104, 8, '2025-04-04 17:00:00', 3, '2025-03-30 22:02:38', 3, '2025-03-30 22:02:38', 1, 1),
(2193, 104, 8, '2025-04-04 18:00:00', 3, '2025-03-30 22:02:38', 3, '2025-03-30 22:02:38', 1, 1),
(2194, 104, 8, '2025-04-04 19:00:00', 3, '2025-03-30 22:02:38', 3, '2025-03-30 22:02:38', 1, 1),
(2195, 104, 8, '2025-04-04 20:00:00', 3, '2025-03-30 22:02:38', 3, '2025-03-30 22:02:38', 1, 1),
(2196, 104, 8, '2025-04-04 21:00:00', 3, '2025-03-30 22:02:38', 3, '2025-03-30 22:02:38', 1, 1),
(2197, 104, 8, '2025-04-04 22:00:00', 3, '2025-03-30 22:02:38', 3, '2025-03-30 22:02:38', 1, 1),
(2198, 104, 8, '2025-04-05 08:00:00', 3, '2025-03-30 22:02:38', 3, '2025-03-30 22:02:38', 1, 1),
(2199, 104, 8, '2025-04-05 09:00:00', 3, '2025-03-30 22:02:38', 3, '2025-03-30 22:02:38', 1, 1),
(2200, 104, 8, '2025-04-05 10:00:00', 3, '2025-03-30 22:02:38', 3, '2025-03-30 22:02:38', 1, 1),
(2201, 104, 8, '2025-04-05 11:00:00', 3, '2025-03-30 22:02:38', 3, '2025-03-30 22:02:38', 1, 1),
(2202, 104, 8, '2025-04-05 12:00:00', 3, '2025-03-30 22:02:38', 3, '2025-03-30 22:02:38', 1, 1),
(2203, 104, 8, '2025-04-05 13:00:00', 3, '2025-03-30 22:02:38', 3, '2025-03-30 22:02:38', 1, 1),
(2204, 104, 8, '2025-04-05 14:00:00', 3, '2025-03-30 22:02:38', 3, '2025-03-30 22:02:38', 1, 1),
(2205, 104, 8, '2025-04-05 15:00:00', 3, '2025-03-30 22:02:38', 3, '2025-03-30 22:02:38', 1, 1),
(2206, 104, 8, '2025-04-05 16:00:00', 3, '2025-03-30 22:02:38', 3, '2025-03-30 22:02:38', 1, 1),
(2207, 104, 8, '2025-04-05 17:00:00', 3, '2025-03-30 22:02:38', 3, '2025-03-30 22:02:38', 1, 1),
(2208, 104, 8, '2025-04-05 18:00:00', 3, '2025-03-30 22:02:38', 3, '2025-03-30 22:02:38', 1, 1),
(2209, 104, 8, '2025-04-05 19:00:00', 3, '2025-03-30 22:02:38', 3, '2025-03-30 22:02:38', 1, 1),
(2210, 104, 8, '2025-04-05 20:00:00', 3, '2025-03-30 22:02:38', 3, '2025-03-30 22:02:38', 1, 1),
(2211, 104, 8, '2025-04-05 21:00:00', 3, '2025-03-30 22:02:38', 3, '2025-03-30 22:02:38', 1, 1),
(2212, 104, 8, '2025-04-05 22:00:00', 3, '2025-03-30 22:02:38', 3, '2025-03-30 22:02:38', 1, 1),
(2213, 104, 8, '2025-04-06 08:00:00', 3, '2025-03-30 22:02:38', 3, '2025-03-30 22:02:38', 1, 1),
(2214, 104, 8, '2025-04-06 09:00:00', 3, '2025-03-30 22:02:38', 3, '2025-03-30 22:02:38', 1, 1),
(2215, 104, 8, '2025-04-06 10:00:00', 3, '2025-03-30 22:02:38', 3, '2025-03-30 22:02:38', 1, 1),
(2216, 104, 8, '2025-04-06 11:00:00', 3, '2025-03-30 22:02:38', 3, '2025-03-30 22:02:38', 1, 1),
(2217, 104, 8, '2025-04-06 12:00:00', 3, '2025-03-30 22:02:38', 3, '2025-03-30 22:02:38', 1, 1),
(2218, 104, 8, '2025-04-06 13:00:00', 3, '2025-03-30 22:02:38', 3, '2025-03-30 22:02:38', 1, 1),
(2219, 104, 8, '2025-04-06 14:00:00', 3, '2025-03-30 22:02:38', 3, '2025-03-30 22:02:38', 1, 1),
(2220, 104, 8, '2025-04-06 15:00:00', 3, '2025-03-30 22:02:38', 3, '2025-03-30 22:02:38', 1, 1),
(2221, 104, 8, '2025-04-06 16:00:00', 3, '2025-03-30 22:02:38', 3, '2025-03-30 22:02:38', 1, 1),
(2222, 104, 8, '2025-04-06 17:00:00', 3, '2025-03-30 22:02:38', 3, '2025-03-30 22:02:38', 1, 1),
(2223, 104, 8, '2025-04-06 18:00:00', 3, '2025-03-30 22:02:38', 3, '2025-03-30 22:02:38', 1, 1),
(2224, 104, 8, '2025-04-06 19:00:00', 3, '2025-03-30 22:02:38', 3, '2025-03-30 22:02:38', 1, 1),
(2225, 104, 8, '2025-04-06 20:00:00', 3, '2025-03-30 22:02:38', 3, '2025-03-30 22:02:38', 1, 1),
(2226, 104, 8, '2025-04-06 21:00:00', 3, '2025-03-30 22:02:38', 3, '2025-03-30 22:02:38', 1, 1),
(2227, 104, 8, '2025-04-06 22:00:00', 3, '2025-03-30 22:02:38', 3, '2025-03-30 22:02:38', 1, 1),
(2228, 104, 8, '2025-04-07 08:00:00', 3, '2025-03-30 22:02:38', 3, '2025-03-30 22:02:38', 1, 1),
(2229, 104, 8, '2025-04-07 09:00:00', 3, '2025-03-30 22:02:38', 3, '2025-03-30 22:02:38', 1, 1),
(2230, 104, 8, '2025-04-07 10:00:00', 3, '2025-03-30 22:02:38', 3, '2025-03-30 22:02:38', 1, 1),
(2231, 104, 8, '2025-04-07 11:00:00', 3, '2025-03-30 22:02:38', 3, '2025-03-30 22:02:38', 1, 1),
(2232, 104, 8, '2025-04-07 12:00:00', 3, '2025-03-30 22:02:38', 3, '2025-03-30 22:02:38', 1, 1),
(2233, 104, 8, '2025-04-07 13:00:00', 3, '2025-03-30 22:02:38', 3, '2025-03-30 22:02:38', 1, 1),
(2234, 104, 8, '2025-04-07 14:00:00', 3, '2025-03-30 22:02:38', 3, '2025-03-30 22:02:38', 1, 1),
(2235, 104, 8, '2025-04-07 15:00:00', 3, '2025-03-30 22:02:38', 3, '2025-03-30 22:02:38', 1, 1),
(2236, 104, 8, '2025-04-07 16:00:00', 3, '2025-03-30 22:02:38', 3, '2025-03-30 22:02:38', 1, 1),
(2237, 104, 8, '2025-04-07 17:00:00', 3, '2025-03-30 22:02:38', 3, '2025-03-30 22:02:38', 1, 1),
(2238, 104, 8, '2025-04-07 18:00:00', 3, '2025-03-30 22:02:38', 3, '2025-03-30 22:02:38', 1, 1),
(2239, 104, 8, '2025-04-07 19:00:00', 3, '2025-03-30 22:02:38', 3, '2025-03-30 22:02:38', 1, 1),
(2240, 104, 8, '2025-04-07 20:00:00', 3, '2025-03-30 22:02:38', 3, '2025-03-30 22:02:38', 1, 1),
(2241, 104, 8, '2025-04-07 21:00:00', 3, '2025-03-30 22:02:38', 3, '2025-03-30 22:02:38', 1, 1),
(2242, 104, 8, '2025-04-07 22:00:00', 3, '2025-03-30 22:02:38', 3, '2025-03-30 22:02:38', 1, 1),
(2243, 104, 8, '2025-04-08 08:00:00', 3, '2025-03-30 22:02:38', 3, '2025-03-30 22:02:38', 1, 1),
(2244, 104, 8, '2025-04-08 09:00:00', 3, '2025-03-30 22:02:38', 3, '2025-03-30 22:02:38', 1, 1),
(2245, 104, 8, '2025-04-08 10:00:00', 3, '2025-03-30 22:02:38', 3, '2025-03-30 22:02:38', 1, 1),
(2246, 104, 8, '2025-04-08 11:00:00', 3, '2025-03-30 22:02:38', 3, '2025-03-30 22:02:38', 1, 1),
(2247, 104, 8, '2025-04-08 12:00:00', 3, '2025-03-30 22:02:38', 3, '2025-03-30 22:02:38', 1, 1),
(2248, 104, 8, '2025-04-08 13:00:00', 3, '2025-03-30 22:02:38', 3, '2025-03-30 22:02:38', 1, 1),
(2249, 104, 8, '2025-04-08 14:00:00', 3, '2025-03-30 22:02:38', 3, '2025-03-30 22:02:38', 1, 1),
(2250, 104, 8, '2025-04-08 15:00:00', 3, '2025-03-30 22:02:38', 3, '2025-03-30 22:02:38', 1, 1),
(2251, 104, 8, '2025-04-08 16:00:00', 3, '2025-03-30 22:02:38', 3, '2025-03-30 22:02:38', 1, 1),
(2252, 104, 8, '2025-04-08 17:00:00', 3, '2025-03-30 22:02:38', 3, '2025-03-30 22:02:38', 1, 1),
(2253, 104, 8, '2025-04-08 18:00:00', 3, '2025-03-30 22:02:38', 3, '2025-03-30 22:02:38', 1, 1),
(2254, 104, 8, '2025-04-08 19:00:00', 3, '2025-03-30 22:02:38', 3, '2025-03-30 22:02:38', 1, 1),
(2255, 104, 8, '2025-04-08 20:00:00', 3, '2025-03-30 22:02:38', 3, '2025-03-30 22:02:38', 1, 1),
(2256, 104, 8, '2025-04-08 21:00:00', 3, '2025-03-30 22:02:38', 3, '2025-03-30 22:02:38', 1, 1),
(2257, 104, 8, '2025-04-08 22:00:00', 3, '2025-03-30 22:02:38', 3, '2025-03-30 22:02:38', 1, 1),
(2258, 104, 8, '2025-04-09 08:00:00', 3, '2025-03-30 22:02:38', 3, '2025-03-30 22:02:38', 1, 1),
(2259, 104, 8, '2025-04-09 09:00:00', 3, '2025-03-30 22:02:38', 3, '2025-03-30 22:02:38', 1, 1),
(2260, 104, 8, '2025-04-09 10:00:00', 3, '2025-03-30 22:02:38', 3, '2025-03-30 22:02:38', 1, 1),
(2261, 104, 8, '2025-04-09 11:00:00', 3, '2025-03-30 22:02:38', 3, '2025-03-30 22:02:38', 1, 1),
(2262, 104, 8, '2025-04-09 12:00:00', 3, '2025-03-30 22:02:38', 3, '2025-03-30 22:02:38', 1, 1),
(2263, 104, 8, '2025-04-09 13:00:00', 3, '2025-03-30 22:02:38', 3, '2025-03-30 22:02:38', 1, 1),
(2264, 104, 8, '2025-04-09 14:00:00', 3, '2025-03-30 22:02:38', 3, '2025-03-30 22:02:38', 1, 1),
(2265, 104, 8, '2025-04-09 15:00:00', 3, '2025-03-30 22:02:38', 3, '2025-03-30 22:02:38', 1, 1),
(2266, 104, 8, '2025-04-09 16:00:00', 3, '2025-03-30 22:02:38', 3, '2025-03-30 22:02:38', 1, 1),
(2267, 104, 8, '2025-04-09 17:00:00', 3, '2025-03-30 22:02:38', 3, '2025-03-30 22:02:38', 1, 1),
(2268, 104, 8, '2025-04-09 18:00:00', 3, '2025-03-30 22:02:38', 3, '2025-03-30 22:02:38', 1, 1),
(2269, 104, 8, '2025-04-09 19:00:00', 3, '2025-03-30 22:02:38', 3, '2025-03-30 22:02:38', 1, 1),
(2270, 104, 8, '2025-04-09 20:00:00', 3, '2025-03-30 22:02:38', 3, '2025-03-30 22:02:38', 1, 1),
(2271, 104, 8, '2025-04-09 21:00:00', 3, '2025-03-30 22:02:38', 3, '2025-03-30 22:02:38', 1, 1),
(2272, 104, 8, '2025-04-09 22:00:00', 3, '2025-03-30 22:02:38', 3, '2025-03-30 22:02:38', 1, 1),
(2273, 104, 8, '2025-04-10 08:00:00', 3, '2025-03-30 22:02:38', 3, '2025-03-30 22:02:38', 1, 1),
(2274, 104, 8, '2025-04-10 09:00:00', 3, '2025-03-30 22:02:38', 3, '2025-03-30 22:02:38', 1, 1),
(2275, 104, 8, '2025-04-10 10:00:00', 3, '2025-03-30 22:02:38', 3, '2025-03-30 22:02:38', 1, 1),
(2276, 104, 8, '2025-04-10 11:00:00', 3, '2025-03-30 22:02:38', 3, '2025-03-30 22:02:38', 1, 1),
(2277, 104, 8, '2025-04-10 12:00:00', 3, '2025-03-30 22:02:38', 3, '2025-03-30 22:02:38', 1, 1),
(2278, 104, 8, '2025-04-10 13:00:00', 3, '2025-03-30 22:02:38', 3, '2025-03-30 22:02:38', 1, 1),
(2279, 104, 8, '2025-04-10 14:00:00', 3, '2025-03-30 22:02:38', 3, '2025-03-30 22:02:38', 1, 1),
(2280, 104, 8, '2025-04-10 15:00:00', 3, '2025-03-30 22:02:38', 3, '2025-03-30 22:02:38', 1, 1),
(2281, 104, 8, '2025-04-10 16:00:00', 3, '2025-03-30 22:02:38', 3, '2025-03-30 22:02:38', 1, 1),
(2282, 104, 8, '2025-04-10 17:00:00', 3, '2025-03-30 22:02:38', 3, '2025-03-30 22:02:38', 1, 1),
(2283, 104, 8, '2025-04-10 18:00:00', 3, '2025-03-30 22:02:38', 3, '2025-03-30 22:02:38', 1, 1),
(2284, 104, 8, '2025-04-10 19:00:00', 3, '2025-03-30 22:02:38', 3, '2025-03-30 22:02:38', 1, 1),
(2285, 104, 8, '2025-04-10 20:00:00', 3, '2025-03-30 22:02:38', 3, '2025-03-30 22:02:38', 1, 1),
(2286, 104, 8, '2025-04-10 21:00:00', 3, '2025-03-30 22:02:38', 3, '2025-03-30 22:02:38', 1, 1),
(2287, 104, 8, '2025-04-10 22:00:00', 3, '2025-03-30 22:02:38', 3, '2025-03-30 22:02:38', 1, 1),
(2288, 104, 8, '2025-04-11 08:00:00', 3, '2025-03-30 22:02:38', 3, '2025-03-30 22:02:38', 1, 1),
(2289, 104, 8, '2025-04-11 09:00:00', 3, '2025-03-30 22:02:38', 3, '2025-03-30 22:02:38', 1, 1),
(2290, 104, 8, '2025-04-11 10:00:00', 3, '2025-03-30 22:02:38', 3, '2025-03-30 22:02:38', 1, 1),
(2291, 104, 8, '2025-04-11 11:00:00', 3, '2025-03-30 22:02:38', 3, '2025-03-30 22:02:38', 1, 1),
(2292, 104, 8, '2025-04-11 12:00:00', 3, '2025-03-30 22:02:38', 3, '2025-03-30 22:02:38', 1, 1),
(2293, 104, 8, '2025-04-11 13:00:00', 3, '2025-03-30 22:02:38', 3, '2025-03-30 22:02:38', 1, 1),
(2294, 104, 8, '2025-04-11 14:00:00', 3, '2025-03-30 22:02:38', 3, '2025-03-30 22:02:38', 1, 1),
(2295, 104, 8, '2025-04-11 15:00:00', 3, '2025-03-30 22:02:38', 3, '2025-03-30 22:02:38', 1, 1),
(2296, 104, 8, '2025-04-11 16:00:00', 3, '2025-03-30 22:02:38', 3, '2025-03-30 22:02:38', 1, 1),
(2297, 104, 8, '2025-04-11 17:00:00', 3, '2025-03-30 22:02:38', 3, '2025-03-30 22:02:38', 1, 1),
(2298, 104, 8, '2025-04-11 18:00:00', 3, '2025-03-30 22:02:38', 3, '2025-03-30 22:02:38', 1, 1),
(2299, 104, 8, '2025-04-11 19:00:00', 3, '2025-03-30 22:02:38', 3, '2025-03-30 22:02:38', 1, 1),
(2300, 104, 8, '2025-04-11 20:00:00', 3, '2025-03-30 22:02:38', 3, '2025-03-30 22:02:38', 1, 1),
(2301, 104, 8, '2025-04-11 21:00:00', 3, '2025-03-30 22:02:38', 3, '2025-03-30 22:02:38', 1, 1),
(2302, 104, 8, '2025-04-11 22:00:00', 3, '2025-03-30 22:02:38', 3, '2025-03-30 22:02:38', 1, 1),
(2303, 41, 2, '2025-04-12 08:00:00', 3, '2025-04-04 21:29:04', 3, '2025-04-04 21:29:04', 1, 3),
(2304, 41, 2, '2025-04-12 09:00:00', 3, '2025-04-04 21:29:04', 3, '2025-04-04 21:29:04', 1, 3),
(2305, 41, 2, '2025-04-12 10:00:00', 3, '2025-04-04 21:29:04', 3, '2025-04-04 21:29:04', 1, 3),
(2306, 41, 2, '2025-04-12 11:00:00', 3, '2025-04-04 21:29:04', 3, '2025-04-04 21:29:04', 1, 3),
(2307, 41, 2, '2025-04-12 12:00:00', 3, '2025-04-04 21:29:04', 3, '2025-04-04 21:29:04', 1, 3),
(2308, 41, 2, '2025-04-12 13:00:00', 3, '2025-04-04 21:29:04', 3, '2025-04-04 21:29:04', 1, 3),
(2309, 41, 2, '2025-04-12 14:00:00', 3, '2025-04-04 21:29:04', 3, '2025-04-04 21:29:04', 1, 3),
(2310, 41, 2, '2025-04-12 15:00:00', 3, '2025-04-04 21:29:04', 3, '2025-04-04 21:29:04', 1, 3),
(2311, 41, 2, '2025-04-12 16:00:00', 3, '2025-04-04 21:29:04', 3, '2025-04-04 21:29:04', 1, 3),
(2312, 41, 2, '2025-04-12 17:00:00', 3, '2025-04-04 21:29:04', 3, '2025-04-04 21:29:04', 1, 3),
(2313, 41, 2, '2025-04-12 18:00:00', 3, '2025-04-04 21:29:04', 3, '2025-04-04 21:29:04', 1, 3),
(2314, 41, 2, '2025-04-12 19:00:00', 3, '2025-04-04 21:29:04', 3, '2025-04-04 21:29:04', 1, 3),
(2315, 41, 2, '2025-04-12 20:00:00', 3, '2025-04-04 21:29:04', 3, '2025-04-04 21:29:04', 1, 3),
(2316, 41, 2, '2025-04-12 21:00:00', 3, '2025-04-04 21:29:04', 3, '2025-04-04 21:29:04', 1, 3),
(2317, 41, 2, '2025-04-12 22:00:00', 3, '2025-04-04 21:29:04', 3, '2025-04-04 21:29:04', 1, 3),
(2318, 41, 2, '2025-04-13 08:00:00', 3, '2025-04-04 21:29:04', 3, '2025-04-04 21:29:04', 1, 3),
(2319, 41, 2, '2025-04-13 09:00:00', 3, '2025-04-04 21:29:04', 3, '2025-04-04 21:29:04', 1, 3),
(2320, 41, 2, '2025-04-13 10:00:00', 3, '2025-04-04 21:29:04', 3, '2025-04-04 21:29:04', 1, 3),
(2321, 41, 2, '2025-04-13 11:00:00', 3, '2025-04-04 21:29:04', 3, '2025-04-04 21:29:04', 1, 3),
(2322, 41, 2, '2025-04-13 12:00:00', 3, '2025-04-04 21:29:04', 3, '2025-04-04 21:29:04', 1, 3),
(2323, 41, 2, '2025-04-13 13:00:00', 3, '2025-04-04 21:29:04', 3, '2025-04-04 21:29:04', 1, 3),
(2324, 41, 2, '2025-04-13 14:00:00', 3, '2025-04-04 21:29:04', 3, '2025-04-04 21:29:04', 1, 3),
(2325, 41, 2, '2025-04-13 15:00:00', 3, '2025-04-04 21:29:04', 3, '2025-04-04 21:29:04', 1, 3),
(2326, 41, 2, '2025-04-13 16:00:00', 3, '2025-04-04 21:29:04', 3, '2025-04-04 21:29:04', 1, 3),
(2327, 41, 2, '2025-04-13 17:00:00', 3, '2025-04-04 21:29:04', 3, '2025-04-04 21:29:04', 1, 3),
(2328, 41, 2, '2025-04-13 18:00:00', 3, '2025-04-04 21:29:04', 3, '2025-04-04 21:29:04', 1, 3),
(2329, 41, 2, '2025-04-13 19:00:00', 3, '2025-04-04 21:29:04', 3, '2025-04-04 21:29:04', 1, 3),
(2330, 41, 2, '2025-04-13 20:00:00', 3, '2025-04-04 21:29:04', 3, '2025-04-04 21:29:04', 1, 3),
(2331, 41, 2, '2025-04-13 21:00:00', 3, '2025-04-04 21:29:04', 3, '2025-04-04 21:29:04', 1, 3),
(2332, 41, 2, '2025-04-13 22:00:00', 3, '2025-04-04 21:29:04', 3, '2025-04-04 21:29:04', 1, 3),
(2333, 41, 2, '2025-04-14 08:00:00', 3, '2025-04-04 21:29:04', 3, '2025-04-04 21:29:04', 1, 3),
(2334, 41, 2, '2025-04-14 09:00:00', 3, '2025-04-04 21:29:04', 3, '2025-04-04 21:29:04', 1, 3),
(2335, 41, 2, '2025-04-14 10:00:00', 3, '2025-04-04 21:29:04', 3, '2025-04-04 21:29:04', 1, 3),
(2336, 41, 2, '2025-04-14 11:00:00', 3, '2025-04-04 21:29:04', 3, '2025-04-04 21:29:04', 1, 3),
(2337, 41, 2, '2025-04-14 12:00:00', 3, '2025-04-04 21:29:04', 3, '2025-04-04 21:29:04', 1, 3),
(2338, 41, 2, '2025-04-14 13:00:00', 3, '2025-04-04 21:29:04', 3, '2025-04-04 21:29:04', 1, 3),
(2339, 41, 2, '2025-04-14 14:00:00', 3, '2025-04-04 21:29:04', 3, '2025-04-04 21:29:04', 1, 3),
(2340, 41, 2, '2025-04-14 15:00:00', 3, '2025-04-04 21:29:04', 3, '2025-04-04 21:29:04', 1, 3),
(2341, 41, 2, '2025-04-14 16:00:00', 3, '2025-04-04 21:29:04', 3, '2025-04-04 21:29:04', 1, 3),
(2342, 41, 2, '2025-04-14 17:00:00', 3, '2025-04-04 21:29:04', 3, '2025-04-04 21:29:04', 1, 3),
(2343, 41, 2, '2025-04-14 18:00:00', 3, '2025-04-04 21:29:04', 3, '2025-04-04 21:29:04', 1, 3),
(2344, 41, 2, '2025-04-14 19:00:00', 3, '2025-04-04 21:29:04', 3, '2025-04-04 21:29:04', 1, 3),
(2345, 41, 2, '2025-04-14 20:00:00', 3, '2025-04-04 21:29:04', 3, '2025-04-04 21:29:04', 1, 3),
(2346, 41, 2, '2025-04-14 21:00:00', 3, '2025-04-04 21:29:04', 3, '2025-04-04 21:29:04', 1, 3),
(2347, 41, 2, '2025-04-14 22:00:00', 3, '2025-04-04 21:29:04', 3, '2025-04-04 21:29:04', 1, 3),
(2348, 41, 2, '2025-04-15 08:00:00', 3, '2025-04-04 21:29:04', 3, '2025-04-04 21:29:04', 1, 3),
(2349, 41, 2, '2025-04-15 09:00:00', 3, '2025-04-04 21:29:04', 3, '2025-04-04 21:29:04', 1, 3),
(2350, 41, 2, '2025-04-15 10:00:00', 3, '2025-04-04 21:29:04', 3, '2025-04-04 21:29:04', 1, 3),
(2351, 41, 2, '2025-04-15 11:00:00', 3, '2025-04-04 21:29:04', 3, '2025-04-04 21:29:04', 1, 3),
(2352, 41, 2, '2025-04-15 12:00:00', 3, '2025-04-04 21:29:04', 3, '2025-04-04 21:29:04', 1, 3),
(2353, 41, 2, '2025-04-15 13:00:00', 3, '2025-04-04 21:29:04', 3, '2025-04-04 21:29:04', 1, 3),
(2354, 41, 2, '2025-04-15 14:00:00', 3, '2025-04-04 21:29:04', 3, '2025-04-04 21:29:04', 1, 3),
(2355, 41, 2, '2025-04-15 15:00:00', 3, '2025-04-04 21:29:04', 3, '2025-04-04 21:29:04', 1, 3),
(2356, 41, 2, '2025-04-15 16:00:00', 3, '2025-04-04 21:29:04', 3, '2025-04-04 21:29:04', 1, 3),
(2357, 41, 2, '2025-04-15 17:00:00', 3, '2025-04-04 21:29:04', 3, '2025-04-04 21:29:04', 1, 3),
(2358, 41, 2, '2025-04-15 18:00:00', 3, '2025-04-04 21:29:04', 3, '2025-04-04 21:29:04', 1, 3),
(2359, 41, 2, '2025-04-15 19:00:00', 3, '2025-04-04 21:29:04', 3, '2025-04-04 21:29:04', 1, 3),
(2360, 41, 2, '2025-04-15 20:00:00', 3, '2025-04-04 21:29:04', 3, '2025-04-04 21:29:04', 1, 3),
(2361, 41, 2, '2025-04-15 21:00:00', 3, '2025-04-04 21:29:04', 3, '2025-04-04 21:29:04', 1, 3),
(2362, 41, 2, '2025-04-15 22:00:00', 3, '2025-04-04 21:29:04', 3, '2025-04-04 21:29:04', 1, 3),
(2363, 41, 2, '2025-04-16 08:00:00', 3, '2025-04-04 21:29:04', 3, '2025-04-04 21:29:04', 1, 3),
(2364, 41, 2, '2025-04-16 09:00:00', 3, '2025-04-04 21:29:04', 3, '2025-04-04 21:29:04', 1, 3),
(2365, 41, 2, '2025-04-16 10:00:00', 3, '2025-04-04 21:29:04', 3, '2025-04-04 21:29:04', 1, 3),
(2366, 41, 2, '2025-04-16 11:00:00', 3, '2025-04-04 21:29:04', 3, '2025-04-04 21:29:04', 1, 3),
(2367, 41, 2, '2025-04-16 12:00:00', 3, '2025-04-04 21:29:04', 3, '2025-04-04 21:29:04', 1, 3),
(2368, 41, 2, '2025-04-16 13:00:00', 3, '2025-04-04 21:29:04', 3, '2025-04-04 21:29:04', 1, 3),
(2369, 41, 2, '2025-04-16 14:00:00', 3, '2025-04-04 21:29:04', 3, '2025-04-04 21:29:04', 1, 3),
(2370, 41, 2, '2025-04-16 15:00:00', 3, '2025-04-04 21:29:04', 3, '2025-04-04 21:29:04', 1, 3),
(2371, 41, 2, '2025-04-16 16:00:00', 3, '2025-04-04 21:29:04', 3, '2025-04-04 21:29:04', 1, 3),
(2372, 41, 2, '2025-04-16 17:00:00', 3, '2025-04-04 21:29:04', 3, '2025-04-04 21:29:04', 1, 3),
(2373, 41, 2, '2025-04-16 18:00:00', 3, '2025-04-04 21:29:04', 3, '2025-04-04 21:29:04', 1, 3),
(2374, 41, 2, '2025-04-16 19:00:00', 3, '2025-04-04 21:29:04', 3, '2025-04-04 21:29:04', 1, 3),
(2375, 41, 2, '2025-04-16 20:00:00', 3, '2025-04-04 21:29:04', 3, '2025-04-04 21:29:04', 1, 3),
(2376, 41, 2, '2025-04-16 21:00:00', 3, '2025-04-04 21:29:04', 3, '2025-04-04 21:29:04', 1, 3),
(2377, 41, 2, '2025-04-16 22:00:00', 3, '2025-04-04 21:29:04', 3, '2025-04-04 21:29:04', 1, 3),
(2378, 41, 2, '2025-04-17 08:00:00', 3, '2025-04-04 21:29:04', 3, '2025-04-04 21:29:04', 1, 3),
(2379, 41, 2, '2025-04-17 09:00:00', 3, '2025-04-04 21:29:04', 3, '2025-04-04 21:29:04', 1, 3),
(2380, 41, 2, '2025-04-17 10:00:00', 3, '2025-04-04 21:29:04', 3, '2025-04-04 21:29:04', 1, 3),
(2381, 41, 2, '2025-04-17 11:00:00', 3, '2025-04-04 21:29:04', 3, '2025-04-04 21:29:04', 1, 3),
(2382, 41, 2, '2025-04-17 12:00:00', 3, '2025-04-04 21:29:04', 3, '2025-04-04 21:29:04', 1, 3),
(2383, 41, 2, '2025-04-17 13:00:00', 3, '2025-04-04 21:29:04', 3, '2025-04-04 21:29:04', 1, 3),
(2384, 41, 2, '2025-04-17 14:00:00', 3, '2025-04-04 21:29:04', 3, '2025-04-04 21:29:04', 1, 3),
(2385, 41, 2, '2025-04-17 15:00:00', 3, '2025-04-04 21:29:04', 3, '2025-04-04 21:29:04', 1, 3),
(2386, 41, 2, '2025-04-17 16:00:00', 3, '2025-04-04 21:29:04', 3, '2025-04-04 21:29:04', 1, 3),
(2387, 41, 2, '2025-04-17 17:00:00', 3, '2025-04-04 21:29:04', 3, '2025-04-04 21:29:04', 1, 3),
(2388, 41, 2, '2025-04-17 18:00:00', 3, '2025-04-04 21:29:04', 3, '2025-04-04 21:29:04', 1, 3),
(2389, 41, 2, '2025-04-17 19:00:00', 3, '2025-04-04 21:29:04', 3, '2025-04-04 21:29:04', 1, 3),
(2390, 41, 2, '2025-04-17 20:00:00', 3, '2025-04-04 21:29:04', 3, '2025-04-04 21:29:04', 1, 3),
(2391, 41, 2, '2025-04-17 21:00:00', 3, '2025-04-04 21:29:04', 3, '2025-04-04 21:29:04', 1, 3),
(2392, 41, 2, '2025-04-17 22:00:00', 3, '2025-04-04 21:29:04', 3, '2025-04-04 21:29:04', 1, 3),
(2393, 41, 2, '2025-04-18 08:00:00', 3, '2025-04-04 21:29:04', 3, '2025-04-04 21:29:04', 1, 3),
(2394, 41, 2, '2025-04-18 09:00:00', 3, '2025-04-04 21:29:04', 3, '2025-04-04 21:29:04', 1, 3),
(2395, 41, 2, '2025-04-18 10:00:00', 3, '2025-04-04 21:29:04', 3, '2025-04-04 21:29:04', 1, 3),
(2396, 41, 2, '2025-04-18 11:00:00', 3, '2025-04-04 21:29:04', 3, '2025-04-04 21:29:04', 1, 3),
(2397, 41, 2, '2025-04-18 12:00:00', 3, '2025-04-04 21:29:04', 3, '2025-04-04 21:29:04', 1, 3),
(2398, 41, 2, '2025-04-18 13:00:00', 3, '2025-04-04 21:29:04', 3, '2025-04-04 21:29:04', 1, 3),
(2399, 41, 2, '2025-04-18 14:00:00', 3, '2025-04-04 21:29:04', 3, '2025-04-04 21:29:04', 1, 3),
(2400, 41, 2, '2025-04-18 15:00:00', 3, '2025-04-04 21:29:04', 3, '2025-04-04 21:29:04', 1, 3),
(2401, 41, 2, '2025-04-18 16:00:00', 3, '2025-04-04 21:29:04', 3, '2025-04-04 21:29:04', 1, 3),
(2402, 41, 2, '2025-04-18 17:00:00', 3, '2025-04-04 21:29:04', 3, '2025-04-04 21:29:04', 1, 3),
(2403, 41, 2, '2025-04-18 18:00:00', 3, '2025-04-04 21:29:04', 3, '2025-04-04 21:29:04', 1, 3),
(2404, 41, 2, '2025-04-18 19:00:00', 3, '2025-04-04 21:29:04', 3, '2025-04-04 21:29:04', 1, 3),
(2405, 41, 2, '2025-04-18 20:00:00', 3, '2025-04-04 21:29:04', 3, '2025-04-04 21:29:04', 1, 3),
(2406, 41, 2, '2025-04-18 21:00:00', 3, '2025-04-04 21:29:04', 3, '2025-04-04 21:29:04', 1, 3),
(2407, 41, 2, '2025-04-18 22:00:00', 3, '2025-04-04 21:29:04', 3, '2025-04-04 21:29:04', 1, 3),
(2408, 41, 2, '2025-04-19 08:00:00', 3, '2025-04-04 21:29:04', 3, '2025-04-04 21:29:04', 1, 3),
(2409, 41, 2, '2025-04-19 09:00:00', 3, '2025-04-04 21:29:04', 3, '2025-04-04 21:29:04', 1, 3),
(2410, 41, 2, '2025-04-19 10:00:00', 3, '2025-04-04 21:29:04', 3, '2025-04-04 21:29:04', 1, 3),
(2411, 41, 2, '2025-04-19 11:00:00', 3, '2025-04-04 21:29:04', 3, '2025-04-04 21:29:04', 1, 3),
(2412, 41, 2, '2025-04-19 12:00:00', 3, '2025-04-04 21:29:04', 3, '2025-04-04 21:29:04', 1, 3),
(2413, 41, 2, '2025-04-19 13:00:00', 3, '2025-04-04 21:29:04', 3, '2025-04-04 21:29:04', 1, 3),
(2414, 41, 2, '2025-04-19 14:00:00', 3, '2025-04-04 21:29:04', 3, '2025-04-04 21:29:04', 1, 3),
(2415, 41, 2, '2025-04-19 15:00:00', 3, '2025-04-04 21:29:04', 3, '2025-04-04 21:29:04', 1, 3),
(2416, 41, 2, '2025-04-19 16:00:00', 3, '2025-04-04 21:29:04', 3, '2025-04-04 21:29:04', 1, 3),
(2417, 41, 2, '2025-04-19 17:00:00', 3, '2025-04-04 21:29:04', 3, '2025-04-04 21:29:04', 1, 3),
(2418, 41, 2, '2025-04-19 18:00:00', 3, '2025-04-04 21:29:04', 3, '2025-04-04 21:29:04', 1, 3),
(2419, 41, 2, '2025-04-19 19:00:00', 3, '2025-04-04 21:29:04', 3, '2025-04-04 21:29:04', 1, 3),
(2420, 41, 2, '2025-04-19 20:00:00', 3, '2025-04-04 21:29:04', 3, '2025-04-04 21:29:04', 1, 3),
(2421, 41, 2, '2025-04-19 21:00:00', 3, '2025-04-04 21:29:04', 3, '2025-04-04 21:29:04', 1, 3),
(2422, 41, 2, '2025-04-19 22:00:00', 3, '2025-04-04 21:29:04', 3, '2025-04-04 21:29:04', 1, 3),
(2423, 41, 2, '2025-04-20 08:00:00', 3, '2025-04-04 21:29:04', 3, '2025-04-04 21:29:04', 1, 3),
(2424, 41, 2, '2025-04-20 09:00:00', 3, '2025-04-04 21:29:04', 3, '2025-04-04 21:29:04', 1, 3),
(2425, 41, 2, '2025-04-20 10:00:00', 3, '2025-04-04 21:29:04', 3, '2025-04-04 21:29:04', 1, 3),
(2426, 41, 2, '2025-04-20 11:00:00', 3, '2025-04-04 21:29:04', 3, '2025-04-04 21:29:04', 1, 3),
(2427, 41, 2, '2025-04-20 12:00:00', 3, '2025-04-04 21:29:04', 3, '2025-04-04 21:29:04', 1, 3),
(2428, 41, 2, '2025-04-20 13:00:00', 3, '2025-04-04 21:29:04', 3, '2025-04-04 21:29:04', 1, 3),
(2429, 41, 2, '2025-04-20 14:00:00', 3, '2025-04-04 21:29:04', 3, '2025-04-04 21:29:04', 1, 3),
(2430, 41, 2, '2025-04-20 15:00:00', 3, '2025-04-04 21:29:04', 3, '2025-04-04 21:29:04', 1, 3),
(2431, 41, 2, '2025-04-20 16:00:00', 3, '2025-04-04 21:29:04', 3, '2025-04-04 21:29:04', 1, 3),
(2432, 41, 2, '2025-04-20 17:00:00', 3, '2025-04-04 21:29:04', 3, '2025-04-04 21:29:04', 1, 3),
(2433, 41, 2, '2025-04-20 18:00:00', 3, '2025-04-04 21:29:04', 3, '2025-04-04 21:29:04', 1, 3),
(2434, 41, 2, '2025-04-20 19:00:00', 3, '2025-04-04 21:29:04', 3, '2025-04-04 21:29:04', 1, 3),
(2435, 41, 2, '2025-04-20 20:00:00', 3, '2025-04-04 21:29:04', 3, '2025-04-04 21:29:04', 1, 3),
(2436, 41, 2, '2025-04-20 21:00:00', 3, '2025-04-04 21:29:04', 3, '2025-04-04 21:29:04', 1, 3),
(2437, 41, 2, '2025-04-20 22:00:00', 3, '2025-04-04 21:29:04', 3, '2025-04-04 21:29:04', 1, 3),
(2438, 28, 2, '2025-04-09 08:00:00', 3, '2025-04-09 02:25:32', 3, '2025-04-09 02:25:32', 1, 7),
(2439, 28, 2, '2025-04-09 09:00:00', 3, '2025-04-09 02:25:32', 3, '2025-04-09 02:25:32', 1, 7),
(2440, 28, 2, '2025-04-09 10:00:00', 3, '2025-04-09 02:25:32', 3, '2025-04-09 02:25:32', 1, 7),
(2441, 28, 2, '2025-04-09 11:00:00', 3, '2025-04-09 02:25:32', 3, '2025-04-09 02:25:32', 1, 7),
(2442, 28, 2, '2025-04-09 12:00:00', 3, '2025-04-09 02:25:32', 3, '2025-04-09 02:25:32', 1, 7),
(2443, 28, 2, '2025-04-09 13:00:00', 3, '2025-04-09 02:25:32', 3, '2025-04-09 02:25:32', 1, 7),
(2444, 28, 2, '2025-04-09 14:00:00', 3, '2025-04-09 02:25:32', 3, '2025-04-09 02:25:32', 1, 7),
(2445, 28, 2, '2025-04-09 15:00:00', 3, '2025-04-09 02:25:32', 3, '2025-04-09 02:25:32', 1, 7),
(2446, 28, 2, '2025-04-09 16:00:00', 3, '2025-04-09 02:25:32', 3, '2025-04-09 02:25:32', 1, 7),
(2447, 28, 2, '2025-04-09 17:00:00', 3, '2025-04-09 02:25:32', 3, '2025-04-09 02:25:32', 1, 7),
(2448, 28, 2, '2025-04-09 18:00:00', 3, '2025-04-09 02:25:32', 3, '2025-04-09 02:25:32', 1, 7),
(2449, 28, 2, '2025-04-09 19:00:00', 3, '2025-04-09 02:25:32', 3, '2025-04-09 02:25:32', 1, 7),
(2450, 28, 2, '2025-04-09 20:00:00', 3, '2025-04-09 02:25:32', 3, '2025-04-09 02:25:32', 1, 7),
(2451, 28, 2, '2025-04-09 21:00:00', 3, '2025-04-09 02:25:32', 3, '2025-04-09 02:25:32', 1, 7),
(2452, 28, 2, '2025-04-09 22:00:00', 3, '2025-04-09 02:25:32', 3, '2025-04-09 02:25:32', 1, 7),
(2453, 28, 2, '2025-04-10 08:00:00', 3, '2025-04-09 02:25:32', 3, '2025-04-09 02:25:32', 1, 7),
(2454, 28, 2, '2025-04-10 09:00:00', 3, '2025-04-09 02:25:32', 3, '2025-04-09 02:25:32', 1, 7),
(2455, 28, 2, '2025-04-10 10:00:00', 3, '2025-04-09 02:25:32', 3, '2025-04-09 02:25:32', 1, 7),
(2456, 28, 2, '2025-04-10 11:00:00', 3, '2025-04-09 02:25:32', 3, '2025-04-09 02:25:32', 1, 7),
(2457, 28, 2, '2025-04-10 12:00:00', 3, '2025-04-09 02:25:32', 3, '2025-04-09 02:25:32', 1, 7),
(2458, 28, 2, '2025-04-10 13:00:00', 3, '2025-04-09 02:25:32', 3, '2025-04-09 02:25:32', 1, 7),
(2459, 28, 2, '2025-04-10 14:00:00', 3, '2025-04-09 02:25:32', 3, '2025-04-09 02:25:32', 1, 7),
(2460, 28, 2, '2025-04-10 15:00:00', 3, '2025-04-09 02:25:32', 3, '2025-04-09 02:25:32', 1, 7),
(2461, 28, 2, '2025-04-10 16:00:00', 3, '2025-04-09 02:25:32', 3, '2025-04-09 02:25:32', 1, 7),
(2462, 28, 2, '2025-04-10 17:00:00', 3, '2025-04-09 02:25:32', 3, '2025-04-09 02:25:32', 1, 7),
(2463, 28, 2, '2025-04-10 18:00:00', 3, '2025-04-09 02:25:32', 3, '2025-04-09 02:25:32', 1, 7),
(2464, 28, 2, '2025-04-10 19:00:00', 3, '2025-04-09 02:25:32', 3, '2025-04-09 02:25:32', 1, 7),
(2465, 28, 2, '2025-04-10 20:00:00', 3, '2025-04-09 02:25:32', 3, '2025-04-09 02:25:32', 1, 7),
(2466, 28, 2, '2025-04-10 21:00:00', 3, '2025-04-09 02:25:32', 3, '2025-04-09 02:25:32', 1, 7),
(2467, 28, 2, '2025-04-10 22:00:00', 3, '2025-04-09 02:25:32', 3, '2025-04-09 02:25:32', 1, 7),
(2468, 28, 2, '2025-04-11 08:00:00', 3, '2025-04-09 02:25:32', 3, '2025-04-09 02:25:32', 1, 7),
(2469, 28, 2, '2025-04-11 09:00:00', 3, '2025-04-09 02:25:32', 3, '2025-04-09 02:25:32', 1, 7),
(2470, 28, 2, '2025-04-11 10:00:00', 3, '2025-04-09 02:25:32', 3, '2025-04-09 02:25:32', 1, 7),
(2471, 28, 2, '2025-04-11 11:00:00', 3, '2025-04-09 02:25:32', 3, '2025-04-09 02:25:32', 1, 7),
(2472, 28, 2, '2025-04-11 12:00:00', 3, '2025-04-09 02:25:32', 3, '2025-04-09 02:25:32', 1, 7),
(2473, 28, 2, '2025-04-11 13:00:00', 3, '2025-04-09 02:25:32', 3, '2025-04-09 02:25:32', 1, 7),
(2474, 28, 2, '2025-04-11 14:00:00', 3, '2025-04-09 02:25:32', 3, '2025-04-09 02:25:32', 1, 7),
(2475, 28, 2, '2025-04-11 15:00:00', 3, '2025-04-09 02:25:32', 3, '2025-04-09 02:25:32', 1, 7),
(2476, 28, 2, '2025-04-11 16:00:00', 3, '2025-04-09 02:25:32', 3, '2025-04-09 02:25:32', 1, 7),
(2477, 28, 2, '2025-04-11 17:00:00', 3, '2025-04-09 02:25:32', 3, '2025-04-09 02:25:32', 1, 7),
(2478, 28, 2, '2025-04-11 18:00:00', 3, '2025-04-09 02:25:32', 3, '2025-04-09 02:25:32', 1, 7),
(2479, 28, 2, '2025-04-11 19:00:00', 3, '2025-04-09 02:25:32', 3, '2025-04-09 02:25:32', 1, 7),
(2480, 28, 2, '2025-04-11 20:00:00', 3, '2025-04-09 02:25:32', 3, '2025-04-09 02:25:32', 1, 7),
(2481, 28, 2, '2025-04-11 21:00:00', 3, '2025-04-09 02:25:32', 3, '2025-04-09 02:25:32', 1, 7),
(2482, 28, 2, '2025-04-11 22:00:00', 3, '2025-04-09 02:25:32', 3, '2025-04-09 02:25:32', 1, 7),
(2483, 28, 2, '2025-04-12 08:00:00', 3, '2025-04-09 02:25:32', 3, '2025-04-09 02:25:32', 1, 7),
(2484, 28, 2, '2025-04-12 09:00:00', 3, '2025-04-09 02:25:32', 3, '2025-04-09 02:25:32', 1, 7),
(2485, 28, 2, '2025-04-12 10:00:00', 3, '2025-04-09 02:25:32', 3, '2025-04-09 02:25:32', 1, 7),
(2486, 28, 2, '2025-04-12 11:00:00', 3, '2025-04-09 02:25:32', 3, '2025-04-09 02:25:32', 1, 7),
(2487, 28, 2, '2025-04-12 12:00:00', 3, '2025-04-09 02:25:32', 3, '2025-04-09 02:25:32', 1, 7),
(2488, 28, 2, '2025-04-12 13:00:00', 3, '2025-04-09 02:25:32', 3, '2025-04-09 02:25:32', 1, 7),
(2489, 28, 2, '2025-04-12 14:00:00', 3, '2025-04-09 02:25:32', 3, '2025-04-09 02:25:32', 1, 7),
(2490, 28, 2, '2025-04-12 15:00:00', 3, '2025-04-09 02:25:32', 3, '2025-04-09 02:25:32', 1, 7),
(2491, 28, 2, '2025-04-12 16:00:00', 3, '2025-04-09 02:25:32', 3, '2025-04-09 02:25:32', 1, 7),
(2492, 28, 2, '2025-04-12 17:00:00', 3, '2025-04-09 02:25:32', 3, '2025-04-09 02:25:32', 1, 7),
(2493, 28, 2, '2025-04-12 18:00:00', 3, '2025-04-09 02:25:32', 3, '2025-04-09 02:25:32', 1, 7),
(2494, 28, 2, '2025-04-12 19:00:00', 3, '2025-04-09 02:25:32', 3, '2025-04-09 02:25:32', 1, 7),
(2495, 28, 2, '2025-04-12 20:00:00', 3, '2025-04-09 02:25:32', 3, '2025-04-09 02:25:32', 1, 7),
(2496, 28, 2, '2025-04-12 21:00:00', 3, '2025-04-09 02:25:32', 3, '2025-04-09 02:25:32', 1, 7),
(2497, 28, 2, '2025-04-12 22:00:00', 3, '2025-04-09 02:25:32', 3, '2025-04-09 02:25:32', 1, 7),
(2498, 28, 2, '2025-04-13 08:00:00', 3, '2025-04-09 02:25:32', 3, '2025-04-09 02:25:32', 1, 7),
(2499, 28, 2, '2025-04-13 09:00:00', 3, '2025-04-09 02:25:32', 3, '2025-04-09 02:25:32', 1, 7),
(2500, 28, 2, '2025-04-13 10:00:00', 3, '2025-04-09 02:25:32', 3, '2025-04-09 02:25:32', 1, 7),
(2501, 28, 2, '2025-04-13 11:00:00', 3, '2025-04-09 02:25:32', 3, '2025-04-09 02:25:32', 1, 7),
(2502, 28, 2, '2025-04-13 12:00:00', 3, '2025-04-09 02:25:32', 3, '2025-04-09 02:25:32', 1, 7),
(2503, 28, 2, '2025-04-13 13:00:00', 3, '2025-04-09 02:25:32', 3, '2025-04-09 02:25:32', 1, 7),
(2504, 28, 2, '2025-04-13 14:00:00', 3, '2025-04-09 02:25:32', 3, '2025-04-09 02:25:32', 1, 7),
(2505, 28, 2, '2025-04-13 15:00:00', 3, '2025-04-09 02:25:32', 3, '2025-04-09 02:25:32', 1, 7),
(2506, 28, 2, '2025-04-13 16:00:00', 3, '2025-04-09 02:25:32', 3, '2025-04-09 02:25:32', 1, 7),
(2507, 28, 2, '2025-04-13 17:00:00', 3, '2025-04-09 02:25:32', 3, '2025-04-09 02:25:32', 1, 7),
(2508, 28, 2, '2025-04-13 18:00:00', 3, '2025-04-09 02:25:32', 3, '2025-04-09 02:25:32', 1, 7),
(2509, 28, 2, '2025-04-13 19:00:00', 3, '2025-04-09 02:25:32', 3, '2025-04-09 02:25:32', 1, 7),
(2510, 28, 2, '2025-04-13 20:00:00', 3, '2025-04-09 02:25:32', 3, '2025-04-09 02:25:32', 1, 7),
(2511, 28, 2, '2025-04-13 21:00:00', 3, '2025-04-09 02:25:32', 3, '2025-04-09 02:25:32', 1, 7),
(2512, 28, 2, '2025-04-13 22:00:00', 3, '2025-04-09 02:25:32', 3, '2025-04-09 02:25:32', 1, 7),
(2513, 28, 2, '2025-04-14 08:00:00', 3, '2025-04-09 02:25:32', 3, '2025-04-09 02:25:32', 1, 7),
(2514, 28, 2, '2025-04-14 09:00:00', 3, '2025-04-09 02:25:32', 3, '2025-04-09 02:25:32', 1, 7),
(2515, 28, 2, '2025-04-14 10:00:00', 3, '2025-04-09 02:25:32', 3, '2025-04-09 02:25:32', 1, 7),
(2516, 28, 2, '2025-04-14 11:00:00', 3, '2025-04-09 02:25:32', 3, '2025-04-09 02:25:32', 1, 7),
(2517, 28, 2, '2025-04-14 12:00:00', 3, '2025-04-09 02:25:32', 3, '2025-04-09 02:25:32', 1, 7),
(2518, 28, 2, '2025-04-14 13:00:00', 3, '2025-04-09 02:25:32', 3, '2025-04-09 02:25:32', 1, 7),
(2519, 28, 2, '2025-04-14 14:00:00', 3, '2025-04-09 02:25:32', 3, '2025-04-09 02:25:32', 1, 7),
(2520, 28, 2, '2025-04-14 15:00:00', 3, '2025-04-09 02:25:32', 3, '2025-04-09 02:25:32', 1, 7),
(2521, 28, 2, '2025-04-14 16:00:00', 3, '2025-04-09 02:25:32', 3, '2025-04-09 02:25:32', 1, 7),
(2522, 28, 2, '2025-04-14 17:00:00', 3, '2025-04-09 02:25:32', 3, '2025-04-09 02:25:32', 1, 7),
(2523, 28, 2, '2025-04-14 18:00:00', 3, '2025-04-09 02:25:32', 3, '2025-04-09 02:25:32', 1, 7),
(2524, 28, 2, '2025-04-14 19:00:00', 3, '2025-04-09 02:25:32', 3, '2025-04-09 02:25:32', 1, 7),
(2525, 28, 2, '2025-04-14 20:00:00', 3, '2025-04-09 02:25:32', 3, '2025-04-09 02:25:32', 1, 7),
(2526, 28, 2, '2025-04-14 21:00:00', 3, '2025-04-09 02:25:32', 3, '2025-04-09 02:25:32', 1, 7),
(2527, 28, 2, '2025-04-14 22:00:00', 3, '2025-04-09 02:25:32', 3, '2025-04-09 02:25:32', 1, 7),
(2528, 28, 2, '2025-04-15 08:00:00', 3, '2025-04-09 02:25:32', 3, '2025-04-09 02:25:32', 1, 7),
(2529, 28, 2, '2025-04-15 09:00:00', 3, '2025-04-09 02:25:32', 3, '2025-04-09 02:25:32', 1, 7),
(2530, 28, 2, '2025-04-15 10:00:00', 3, '2025-04-09 02:25:32', 3, '2025-04-09 02:25:32', 1, 7),
(2531, 28, 2, '2025-04-15 11:00:00', 3, '2025-04-09 02:25:32', 3, '2025-04-09 02:25:32', 1, 7),
(2532, 28, 2, '2025-04-15 12:00:00', 3, '2025-04-09 02:25:32', 3, '2025-04-09 02:25:32', 1, 7),
(2533, 28, 2, '2025-04-15 13:00:00', 3, '2025-04-09 02:25:32', 3, '2025-04-09 02:25:32', 1, 7),
(2534, 28, 2, '2025-04-15 14:00:00', 3, '2025-04-09 02:25:32', 3, '2025-04-09 02:25:32', 1, 7),
(2535, 28, 2, '2025-04-15 15:00:00', 3, '2025-04-09 02:25:32', 3, '2025-04-09 02:25:32', 1, 7),
(2536, 28, 2, '2025-04-15 16:00:00', 3, '2025-04-09 02:25:32', 3, '2025-04-09 02:25:32', 1, 7),
(2537, 28, 2, '2025-04-15 17:00:00', 3, '2025-04-09 02:25:32', 3, '2025-04-09 02:25:32', 1, 7),
(2538, 28, 2, '2025-04-15 18:00:00', 3, '2025-04-09 02:25:32', 3, '2025-04-09 02:25:32', 1, 7),
(2539, 28, 2, '2025-04-15 19:00:00', 3, '2025-04-09 02:25:32', 3, '2025-04-09 02:25:32', 1, 7),
(2540, 28, 2, '2025-04-15 20:00:00', 3, '2025-04-09 02:25:32', 3, '2025-04-09 02:25:32', 1, 7),
(2541, 28, 2, '2025-04-15 21:00:00', 3, '2025-04-09 02:25:32', 3, '2025-04-09 02:25:32', 1, 7),
(2542, 28, 2, '2025-04-15 22:00:00', 3, '2025-04-09 02:25:32', 3, '2025-04-09 02:25:32', 1, 7),
(2543, 28, 2, '2025-04-16 08:00:00', 3, '2025-04-09 02:25:32', 3, '2025-04-09 02:25:32', 1, 7),
(2544, 28, 2, '2025-04-16 09:00:00', 3, '2025-04-09 02:25:32', 3, '2025-04-09 02:25:32', 1, 7),
(2545, 28, 2, '2025-04-16 10:00:00', 3, '2025-04-09 02:25:32', 3, '2025-04-09 02:25:32', 1, 7),
(2546, 28, 2, '2025-04-16 11:00:00', 3, '2025-04-09 02:25:32', 3, '2025-04-09 02:25:32', 1, 7),
(2547, 28, 2, '2025-04-16 12:00:00', 3, '2025-04-09 02:25:32', 3, '2025-04-09 02:25:32', 1, 7),
(2548, 28, 2, '2025-04-16 13:00:00', 3, '2025-04-09 02:25:32', 3, '2025-04-09 02:25:32', 1, 7),
(2549, 28, 2, '2025-04-16 14:00:00', 3, '2025-04-09 02:25:32', 3, '2025-04-09 02:25:32', 1, 7),
(2550, 28, 2, '2025-04-16 15:00:00', 3, '2025-04-09 02:25:32', 3, '2025-04-09 02:25:32', 1, 7),
(2551, 28, 2, '2025-04-16 16:00:00', 3, '2025-04-09 02:25:32', 3, '2025-04-09 02:25:32', 1, 7),
(2552, 28, 2, '2025-04-16 17:00:00', 3, '2025-04-09 02:25:32', 3, '2025-04-09 02:25:32', 1, 7),
(2553, 28, 2, '2025-04-16 18:00:00', 3, '2025-04-09 02:25:32', 3, '2025-04-09 02:25:32', 1, 7),
(2554, 28, 2, '2025-04-16 19:00:00', 3, '2025-04-09 02:25:32', 3, '2025-04-09 02:25:32', 1, 7),
(2555, 28, 2, '2025-04-16 20:00:00', 3, '2025-04-09 02:25:32', 3, '2025-04-09 02:25:32', 1, 7),
(2556, 28, 2, '2025-04-16 21:00:00', 3, '2025-04-09 02:25:32', 3, '2025-04-09 02:25:32', 1, 7),
(2557, 28, 2, '2025-04-16 22:00:00', 3, '2025-04-09 02:25:32', 3, '2025-04-09 02:25:32', 1, 7),
(2558, 28, 2, '2025-04-17 08:00:00', 3, '2025-04-09 02:25:32', 3, '2025-04-09 02:25:32', 1, 7),
(2559, 28, 2, '2025-04-17 09:00:00', 3, '2025-04-09 02:25:32', 3, '2025-04-09 02:25:32', 1, 7),
(2560, 28, 2, '2025-04-17 10:00:00', 3, '2025-04-09 02:25:32', 3, '2025-04-09 02:25:32', 1, 7),
(2561, 28, 2, '2025-04-17 11:00:00', 3, '2025-04-09 02:25:32', 3, '2025-04-09 02:25:32', 1, 7),
(2562, 28, 2, '2025-04-17 12:00:00', 3, '2025-04-09 02:25:32', 3, '2025-04-09 02:25:32', 1, 7),
(2563, 28, 2, '2025-04-17 13:00:00', 3, '2025-04-09 02:25:32', 3, '2025-04-09 02:25:32', 1, 7),
(2564, 28, 2, '2025-04-17 14:00:00', 3, '2025-04-09 02:25:32', 3, '2025-04-09 02:25:32', 1, 7),
(2565, 28, 2, '2025-04-17 15:00:00', 3, '2025-04-09 02:25:32', 3, '2025-04-09 02:25:32', 1, 7),
(2566, 28, 2, '2025-04-17 16:00:00', 3, '2025-04-09 02:25:32', 3, '2025-04-09 02:25:32', 1, 7),
(2567, 28, 2, '2025-04-17 17:00:00', 3, '2025-04-09 02:25:32', 3, '2025-04-09 02:25:32', 1, 7),
(2568, 28, 2, '2025-04-17 18:00:00', 3, '2025-04-09 02:25:32', 3, '2025-04-09 02:25:32', 1, 7),
(2569, 28, 2, '2025-04-17 19:00:00', 3, '2025-04-09 02:25:32', 3, '2025-04-09 02:25:32', 1, 7),
(2570, 28, 2, '2025-04-17 20:00:00', 3, '2025-04-09 02:25:32', 3, '2025-04-09 02:25:32', 1, 7),
(2571, 28, 2, '2025-04-17 21:00:00', 3, '2025-04-09 02:25:32', 3, '2025-04-09 02:25:32', 1, 7),
(2572, 28, 2, '2025-04-17 22:00:00', 3, '2025-04-09 02:25:32', 3, '2025-04-09 02:25:32', 1, 7),
(2573, 28, 2, '2025-04-18 08:00:00', 3, '2025-04-09 02:25:32', 3, '2025-04-09 02:25:32', 1, 7),
(2574, 28, 2, '2025-04-18 09:00:00', 3, '2025-04-09 02:25:32', 3, '2025-04-09 02:25:32', 1, 7),
(2575, 28, 2, '2025-04-18 10:00:00', 3, '2025-04-09 02:25:32', 3, '2025-04-09 02:25:32', 1, 7),
(2576, 28, 2, '2025-04-18 11:00:00', 3, '2025-04-09 02:25:32', 3, '2025-04-09 02:25:32', 1, 7),
(2577, 28, 2, '2025-04-18 12:00:00', 3, '2025-04-09 02:25:32', 3, '2025-04-09 02:25:32', 1, 7),
(2578, 28, 2, '2025-04-18 13:00:00', 3, '2025-04-09 02:25:32', 3, '2025-04-09 02:25:32', 1, 7),
(2579, 28, 2, '2025-04-18 14:00:00', 3, '2025-04-09 02:25:32', 3, '2025-04-09 02:25:32', 1, 7),
(2580, 28, 2, '2025-04-18 15:00:00', 3, '2025-04-09 02:25:32', 3, '2025-04-09 02:25:32', 1, 7),
(2581, 28, 2, '2025-04-18 16:00:00', 3, '2025-04-09 02:25:32', 3, '2025-04-09 02:25:32', 1, 7),
(2582, 28, 2, '2025-04-18 17:00:00', 3, '2025-04-09 02:25:32', 3, '2025-04-09 02:25:32', 1, 7),
(2583, 28, 2, '2025-04-18 18:00:00', 3, '2025-04-09 02:25:32', 3, '2025-04-09 02:25:32', 1, 7),
(2584, 28, 2, '2025-04-18 19:00:00', 3, '2025-04-09 02:25:32', 3, '2025-04-09 02:25:32', 1, 7),
(2585, 28, 2, '2025-04-18 20:00:00', 3, '2025-04-09 02:25:32', 3, '2025-04-09 02:25:32', 1, 7),
(2586, 28, 2, '2025-04-18 21:00:00', 3, '2025-04-09 02:25:32', 3, '2025-04-09 02:25:32', 1, 7),
(2587, 28, 2, '2025-04-18 22:00:00', 3, '2025-04-09 02:25:32', 3, '2025-04-09 02:25:32', 1, 7),
(2588, 28, 2, '2025-04-19 08:00:00', 3, '2025-04-09 02:25:32', 3, '2025-04-09 02:25:32', 1, 7),
(2589, 28, 2, '2025-04-19 09:00:00', 3, '2025-04-09 02:25:32', 3, '2025-04-09 02:25:32', 1, 7),
(2590, 28, 2, '2025-04-19 10:00:00', 3, '2025-04-09 02:25:32', 3, '2025-04-09 02:25:32', 1, 7),
(2591, 28, 2, '2025-04-19 11:00:00', 3, '2025-04-09 02:25:32', 3, '2025-04-09 02:25:32', 1, 7),
(2592, 28, 2, '2025-04-19 12:00:00', 3, '2025-04-09 02:25:32', 3, '2025-04-09 02:25:32', 1, 7),
(2593, 28, 2, '2025-04-19 13:00:00', 3, '2025-04-09 02:25:32', 3, '2025-04-09 02:25:32', 1, 7),
(2594, 28, 2, '2025-04-19 14:00:00', 3, '2025-04-09 02:25:32', 3, '2025-04-09 02:25:32', 1, 7),
(2595, 28, 2, '2025-04-19 15:00:00', 3, '2025-04-09 02:25:32', 3, '2025-04-09 02:25:32', 1, 7),
(2596, 28, 2, '2025-04-19 16:00:00', 3, '2025-04-09 02:25:32', 3, '2025-04-09 02:25:32', 1, 7),
(2597, 28, 2, '2025-04-19 17:00:00', 3, '2025-04-09 02:25:32', 3, '2025-04-09 02:25:32', 1, 7),
(2598, 28, 2, '2025-04-19 18:00:00', 3, '2025-04-09 02:25:32', 3, '2025-04-09 02:25:32', 1, 7),
(2599, 28, 2, '2025-04-19 19:00:00', 3, '2025-04-09 02:25:32', 3, '2025-04-09 02:25:32', 1, 7),
(2600, 28, 2, '2025-04-19 20:00:00', 3, '2025-04-09 02:25:32', 3, '2025-04-09 02:25:32', 1, 7),
(2601, 28, 2, '2025-04-19 21:00:00', 3, '2025-04-09 02:25:32', 3, '2025-04-09 02:25:32', 1, 7),
(2602, 28, 2, '2025-04-19 22:00:00', 3, '2025-04-09 02:25:32', 3, '2025-04-09 02:25:32', 1, 7),
(2603, 28, 2, '2025-04-20 08:00:00', 3, '2025-04-09 02:25:32', 3, '2025-04-09 02:25:32', 1, 7),
(2604, 28, 2, '2025-04-20 09:00:00', 3, '2025-04-09 02:25:32', 3, '2025-04-09 02:25:32', 1, 7),
(2605, 28, 2, '2025-04-20 10:00:00', 3, '2025-04-09 02:25:32', 3, '2025-04-09 02:25:32', 1, 7),
(2606, 28, 2, '2025-04-20 11:00:00', 3, '2025-04-09 02:25:32', 3, '2025-04-09 02:25:32', 1, 7),
(2607, 28, 2, '2025-04-20 12:00:00', 3, '2025-04-09 02:25:32', 3, '2025-04-09 02:25:32', 1, 7),
(2608, 28, 2, '2025-04-20 13:00:00', 3, '2025-04-09 02:25:32', 3, '2025-04-09 02:25:32', 1, 7),
(2609, 28, 2, '2025-04-20 14:00:00', 3, '2025-04-09 02:25:32', 3, '2025-04-09 02:25:32', 1, 7),
(2610, 28, 2, '2025-04-20 15:00:00', 3, '2025-04-09 02:25:32', 3, '2025-04-09 02:25:32', 1, 7),
(2611, 28, 2, '2025-04-20 16:00:00', 3, '2025-04-09 02:25:32', 3, '2025-04-09 02:25:32', 1, 7),
(2612, 28, 2, '2025-04-20 17:00:00', 3, '2025-04-09 02:25:32', 3, '2025-04-09 02:25:32', 1, 7),
(2613, 28, 2, '2025-04-20 18:00:00', 3, '2025-04-09 02:25:32', 3, '2025-04-09 02:25:32', 1, 7),
(2614, 28, 2, '2025-04-20 19:00:00', 3, '2025-04-09 02:25:32', 3, '2025-04-09 02:25:32', 1, 7),
(2615, 28, 2, '2025-04-20 20:00:00', 3, '2025-04-09 02:25:32', 3, '2025-04-09 02:25:32', 1, 7),
(2616, 28, 2, '2025-04-20 21:00:00', 3, '2025-04-09 02:25:32', 3, '2025-04-09 02:25:32', 1, 7),
(2617, 28, 2, '2025-04-20 22:00:00', 3, '2025-04-09 02:25:32', 3, '2025-04-09 02:25:32', 1, 7),
(2618, 28, 2, '2025-04-21 08:00:00', 3, '2025-04-09 02:25:32', 3, '2025-04-09 02:25:32', 1, 7),
(2619, 28, 2, '2025-04-21 09:00:00', 3, '2025-04-09 02:25:32', 3, '2025-04-09 02:25:32', 1, 7),
(2620, 28, 2, '2025-04-21 10:00:00', 3, '2025-04-09 02:25:32', 3, '2025-04-09 02:25:32', 1, 7),
(2621, 28, 2, '2025-04-21 11:00:00', 3, '2025-04-09 02:25:32', 3, '2025-04-09 02:25:32', 1, 7),
(2622, 28, 2, '2025-04-21 12:00:00', 3, '2025-04-09 02:25:32', 3, '2025-04-09 02:25:32', 1, 7),
(2623, 28, 2, '2025-04-21 13:00:00', 3, '2025-04-09 02:25:32', 3, '2025-04-09 02:25:32', 1, 7),
(2624, 28, 2, '2025-04-21 14:00:00', 3, '2025-04-09 02:25:32', 3, '2025-04-09 02:25:32', 1, 7),
(2625, 28, 2, '2025-04-21 15:00:00', 3, '2025-04-09 02:25:32', 3, '2025-04-09 02:25:32', 1, 7),
(2626, 28, 2, '2025-04-21 16:00:00', 3, '2025-04-09 02:25:32', 3, '2025-04-09 02:25:32', 1, 7),
(2627, 28, 2, '2025-04-21 17:00:00', 3, '2025-04-09 02:25:32', 3, '2025-04-09 02:25:32', 1, 7),
(2628, 28, 2, '2025-04-21 18:00:00', 3, '2025-04-09 02:25:32', 3, '2025-04-09 02:25:32', 1, 7),
(2629, 28, 2, '2025-04-21 19:00:00', 3, '2025-04-09 02:25:32', 3, '2025-04-09 02:25:32', 1, 7),
(2630, 28, 2, '2025-04-21 20:00:00', 3, '2025-04-09 02:25:32', 3, '2025-04-09 02:25:32', 1, 7),
(2631, 28, 2, '2025-04-21 21:00:00', 3, '2025-04-09 02:25:32', 3, '2025-04-09 02:25:32', 1, 7),
(2632, 28, 2, '2025-04-21 22:00:00', 3, '2025-04-09 02:25:32', 3, '2025-04-09 02:25:32', 1, 7),
(2633, 28, 2, '2025-04-22 08:00:00', 3, '2025-04-09 02:25:32', 3, '2025-04-09 02:25:32', 1, 7),
(2634, 28, 2, '2025-04-22 09:00:00', 3, '2025-04-09 02:25:32', 3, '2025-04-09 02:25:32', 1, 7),
(2635, 28, 2, '2025-04-22 10:00:00', 3, '2025-04-09 02:25:32', 3, '2025-04-09 02:25:32', 1, 7),
(2636, 28, 2, '2025-04-22 11:00:00', 3, '2025-04-09 02:25:32', 3, '2025-04-09 02:25:32', 1, 7),
(2637, 28, 2, '2025-04-22 12:00:00', 3, '2025-04-09 02:25:32', 3, '2025-04-09 02:25:32', 1, 7),
(2638, 28, 2, '2025-04-22 13:00:00', 3, '2025-04-09 02:25:32', 3, '2025-04-09 02:25:32', 1, 7),
(2639, 28, 2, '2025-04-22 14:00:00', 3, '2025-04-09 02:25:32', 3, '2025-04-09 02:25:32', 1, 7),
(2640, 28, 2, '2025-04-22 15:00:00', 3, '2025-04-09 02:25:32', 3, '2025-04-09 02:25:32', 1, 7),
(2641, 28, 2, '2025-04-22 16:00:00', 3, '2025-04-09 02:25:32', 3, '2025-04-09 02:25:32', 1, 7),
(2642, 28, 2, '2025-04-22 17:00:00', 3, '2025-04-09 02:25:32', 3, '2025-04-09 02:25:32', 1, 7),
(2643, 28, 2, '2025-04-22 18:00:00', 3, '2025-04-09 02:25:32', 3, '2025-04-09 02:25:32', 1, 7),
(2644, 28, 2, '2025-04-22 19:00:00', 3, '2025-04-09 02:25:32', 3, '2025-04-09 02:25:32', 1, 7),
(2645, 28, 2, '2025-04-22 20:00:00', 3, '2025-04-09 02:25:32', 3, '2025-04-09 02:25:32', 1, 7),
(2646, 28, 2, '2025-04-22 21:00:00', 3, '2025-04-09 02:25:32', 3, '2025-04-09 02:25:32', 1, 7),
(2647, 28, 2, '2025-04-22 22:00:00', 3, '2025-04-09 02:25:32', 3, '2025-04-09 02:25:32', 1, 7),
(2648, 28, 2, '2025-04-23 08:00:00', 3, '2025-04-09 02:25:32', 3, '2025-04-09 02:25:32', 1, 7),
(2649, 28, 2, '2025-04-23 09:00:00', 3, '2025-04-09 02:25:32', 3, '2025-04-09 02:25:32', 1, 7),
(2650, 28, 2, '2025-04-23 10:00:00', 3, '2025-04-09 02:25:32', 3, '2025-04-09 02:25:32', 1, 7),
(2651, 28, 2, '2025-04-23 11:00:00', 3, '2025-04-09 02:25:32', 3, '2025-04-09 02:25:32', 1, 7),
(2652, 28, 2, '2025-04-23 12:00:00', 3, '2025-04-09 02:25:32', 3, '2025-04-09 02:25:32', 1, 7),
(2653, 28, 2, '2025-04-23 13:00:00', 3, '2025-04-09 02:25:32', 3, '2025-04-09 02:25:32', 1, 7),
(2654, 28, 2, '2025-04-23 14:00:00', 3, '2025-04-09 02:25:32', 3, '2025-04-09 02:25:32', 1, 7),
(2655, 28, 2, '2025-04-23 15:00:00', 3, '2025-04-09 02:25:32', 3, '2025-04-09 02:25:32', 1, 7),
(2656, 28, 2, '2025-04-23 16:00:00', 3, '2025-04-09 02:25:32', 3, '2025-04-09 02:25:32', 1, 7),
(2657, 28, 2, '2025-04-23 17:00:00', 3, '2025-04-09 02:25:32', 3, '2025-04-09 02:25:32', 1, 7),
(2658, 28, 2, '2025-04-23 18:00:00', 3, '2025-04-09 02:25:32', 3, '2025-04-09 02:25:32', 1, 7),
(2659, 28, 2, '2025-04-23 19:00:00', 3, '2025-04-09 02:25:32', 3, '2025-04-09 02:25:32', 1, 7),
(2660, 28, 2, '2025-04-23 20:00:00', 3, '2025-04-09 02:25:32', 3, '2025-04-09 02:25:32', 1, 7),
(2661, 28, 2, '2025-04-23 21:00:00', 3, '2025-04-09 02:25:32', 3, '2025-04-09 02:25:32', 1, 7),
(2662, 28, 2, '2025-04-23 22:00:00', 3, '2025-04-09 02:25:32', 3, '2025-04-09 02:25:32', 1, 7),
(2663, 28, 2, '2025-04-24 08:00:00', 3, '2025-04-09 02:25:32', 3, '2025-04-09 02:25:32', 1, 7),
(2664, 28, 2, '2025-04-24 09:00:00', 3, '2025-04-09 02:25:32', 3, '2025-04-09 02:25:32', 1, 7),
(2665, 28, 2, '2025-04-24 10:00:00', 3, '2025-04-09 02:25:32', 3, '2025-04-09 02:25:32', 1, 7),
(2666, 28, 2, '2025-04-24 11:00:00', 3, '2025-04-09 02:25:32', 3, '2025-04-09 02:25:32', 1, 7),
(2667, 28, 2, '2025-04-24 12:00:00', 3, '2025-04-09 02:25:32', 3, '2025-04-09 02:25:32', 1, 7),
(2668, 28, 2, '2025-04-24 13:00:00', 3, '2025-04-09 02:25:32', 3, '2025-04-09 02:25:32', 1, 7),
(2669, 28, 2, '2025-04-24 14:00:00', 3, '2025-04-09 02:25:32', 3, '2025-04-09 02:25:32', 1, 7),
(2670, 28, 2, '2025-04-24 15:00:00', 3, '2025-04-09 02:25:32', 3, '2025-04-09 02:25:32', 1, 7),
(2671, 28, 2, '2025-04-24 16:00:00', 3, '2025-04-09 02:25:32', 3, '2025-04-09 02:25:32', 1, 7),
(2672, 28, 2, '2025-04-24 17:00:00', 3, '2025-04-09 02:25:32', 3, '2025-04-09 02:25:32', 1, 7),
(2673, 28, 2, '2025-04-24 18:00:00', 3, '2025-04-09 02:25:32', 3, '2025-04-09 02:25:32', 1, 7),
(2674, 28, 2, '2025-04-24 19:00:00', 3, '2025-04-09 02:25:32', 3, '2025-04-09 02:25:32', 1, 7),
(2675, 28, 2, '2025-04-24 20:00:00', 3, '2025-04-09 02:25:32', 3, '2025-04-09 02:25:32', 1, 7),
(2676, 28, 2, '2025-04-24 21:00:00', 3, '2025-04-09 02:25:32', 3, '2025-04-09 02:25:32', 1, 7),
(2677, 28, 2, '2025-04-24 22:00:00', 3, '2025-04-09 02:25:32', 3, '2025-04-09 02:25:32', 1, 7),
(2678, 28, 2, '2025-04-25 08:00:00', 3, '2025-04-09 02:25:32', 3, '2025-04-09 02:25:32', 1, 7),
(2679, 28, 2, '2025-04-25 09:00:00', 3, '2025-04-09 02:25:32', 3, '2025-04-09 02:25:32', 1, 7),
(2680, 28, 2, '2025-04-25 10:00:00', 3, '2025-04-09 02:25:32', 3, '2025-04-09 02:25:32', 1, 7),
(2681, 28, 2, '2025-04-25 11:00:00', 3, '2025-04-09 02:25:32', 3, '2025-04-09 02:25:32', 1, 7);
INSERT INTO `suatchieu` (`MaSuatChieu`, `MaPhim`, `MaPhong`, `GioChieu`, `NguoiTao`, `NgayTao`, `NguoiCapNhat`, `NgayCapNhat`, `TrangThai`, `MaRap`) VALUES
(2682, 28, 2, '2025-04-25 12:00:00', 3, '2025-04-09 02:25:32', 3, '2025-04-09 02:25:32', 1, 7),
(2683, 28, 2, '2025-04-25 13:00:00', 3, '2025-04-09 02:25:32', 3, '2025-04-09 02:25:32', 1, 7),
(2684, 28, 2, '2025-04-25 14:00:00', 3, '2025-04-09 02:25:32', 3, '2025-04-09 02:25:32', 1, 7),
(2685, 28, 2, '2025-04-25 15:00:00', 3, '2025-04-09 02:25:32', 3, '2025-04-09 02:25:32', 1, 7),
(2686, 28, 2, '2025-04-25 16:00:00', 3, '2025-04-09 02:25:32', 3, '2025-04-09 02:25:32', 1, 7),
(2687, 28, 2, '2025-04-25 17:00:00', 3, '2025-04-09 02:25:32', 3, '2025-04-09 02:25:32', 1, 7),
(2688, 28, 2, '2025-04-25 18:00:00', 3, '2025-04-09 02:25:32', 3, '2025-04-09 02:25:32', 1, 7),
(2689, 28, 2, '2025-04-25 19:00:00', 3, '2025-04-09 02:25:32', 3, '2025-04-09 02:25:32', 1, 7),
(2690, 28, 2, '2025-04-25 20:00:00', 3, '2025-04-09 02:25:32', 3, '2025-04-09 02:25:32', 1, 7),
(2691, 28, 2, '2025-04-25 21:00:00', 3, '2025-04-09 02:25:32', 3, '2025-04-09 02:25:32', 1, 7),
(2692, 28, 2, '2025-04-25 22:00:00', 3, '2025-04-09 02:25:32', 3, '2025-04-09 02:25:32', 1, 7),
(2693, 28, 2, '2025-04-26 08:00:00', 3, '2025-04-09 02:25:32', 3, '2025-04-09 02:25:32', 1, 7),
(2694, 28, 2, '2025-04-26 09:00:00', 3, '2025-04-09 02:25:32', 3, '2025-04-09 02:25:32', 1, 7),
(2695, 28, 2, '2025-04-26 10:00:00', 3, '2025-04-09 02:25:32', 3, '2025-04-09 02:25:32', 1, 7),
(2696, 28, 2, '2025-04-26 11:00:00', 3, '2025-04-09 02:25:32', 3, '2025-04-09 02:25:32', 1, 7),
(2697, 28, 2, '2025-04-26 12:00:00', 3, '2025-04-09 02:25:32', 3, '2025-04-09 02:25:32', 1, 7),
(2698, 28, 2, '2025-04-26 13:00:00', 3, '2025-04-09 02:25:32', 3, '2025-04-09 02:25:32', 1, 7),
(2699, 28, 2, '2025-04-26 14:00:00', 3, '2025-04-09 02:25:32', 3, '2025-04-09 02:25:32', 1, 7),
(2700, 28, 2, '2025-04-26 15:00:00', 3, '2025-04-09 02:25:32', 3, '2025-04-09 02:25:32', 1, 7),
(2701, 28, 2, '2025-04-26 16:00:00', 3, '2025-04-09 02:25:32', 3, '2025-04-09 02:25:32', 1, 7),
(2702, 28, 2, '2025-04-26 17:00:00', 3, '2025-04-09 02:25:32', 3, '2025-04-09 02:25:32', 1, 7),
(2703, 28, 2, '2025-04-26 18:00:00', 3, '2025-04-09 02:25:32', 3, '2025-04-09 02:25:32', 1, 7),
(2704, 28, 2, '2025-04-26 19:00:00', 3, '2025-04-09 02:25:32', 3, '2025-04-09 02:25:32', 1, 7),
(2705, 28, 2, '2025-04-26 20:00:00', 3, '2025-04-09 02:25:32', 3, '2025-04-09 02:25:32', 1, 7),
(2706, 28, 2, '2025-04-26 21:00:00', 3, '2025-04-09 02:25:32', 3, '2025-04-09 02:25:32', 1, 7),
(2707, 28, 2, '2025-04-26 22:00:00', 3, '2025-04-09 02:25:32', 3, '2025-04-09 02:25:32', 1, 7),
(2708, 28, 2, '2025-04-27 08:00:00', 3, '2025-04-09 02:25:32', 3, '2025-04-09 02:25:32', 1, 7),
(2709, 28, 2, '2025-04-27 09:00:00', 3, '2025-04-09 02:25:32', 3, '2025-04-09 02:25:32', 1, 7),
(2710, 28, 2, '2025-04-27 10:00:00', 3, '2025-04-09 02:25:32', 3, '2025-04-09 02:25:32', 1, 7),
(2711, 28, 2, '2025-04-27 11:00:00', 3, '2025-04-09 02:25:32', 3, '2025-04-09 02:25:32', 1, 7),
(2712, 28, 2, '2025-04-27 12:00:00', 3, '2025-04-09 02:25:32', 3, '2025-04-09 02:25:32', 1, 7),
(2713, 28, 2, '2025-04-27 13:00:00', 3, '2025-04-09 02:25:32', 3, '2025-04-09 02:25:32', 1, 7),
(2714, 28, 2, '2025-04-27 14:00:00', 3, '2025-04-09 02:25:32', 3, '2025-04-09 02:25:32', 1, 7),
(2715, 28, 2, '2025-04-27 15:00:00', 3, '2025-04-09 02:25:32', 3, '2025-04-09 02:25:32', 1, 7),
(2716, 28, 2, '2025-04-27 16:00:00', 3, '2025-04-09 02:25:32', 3, '2025-04-09 02:25:32', 1, 7),
(2717, 28, 2, '2025-04-27 17:00:00', 3, '2025-04-09 02:25:32', 3, '2025-04-09 02:25:32', 1, 7),
(2718, 28, 2, '2025-04-27 18:00:00', 3, '2025-04-09 02:25:32', 3, '2025-04-09 02:25:32', 1, 7),
(2719, 28, 2, '2025-04-27 19:00:00', 3, '2025-04-09 02:25:32', 3, '2025-04-09 02:25:32', 1, 7),
(2720, 28, 2, '2025-04-27 20:00:00', 3, '2025-04-09 02:25:32', 3, '2025-04-09 02:25:32', 1, 7),
(2721, 28, 2, '2025-04-27 21:00:00', 3, '2025-04-09 02:25:32', 3, '2025-04-09 02:25:32', 1, 7),
(2722, 28, 2, '2025-04-27 22:00:00', 3, '2025-04-09 02:25:32', 3, '2025-04-09 02:25:32', 1, 7),
(2723, 28, 2, '2025-04-28 08:00:00', 3, '2025-04-09 02:25:32', 3, '2025-04-09 02:25:32', 1, 7),
(2724, 28, 2, '2025-04-28 09:00:00', 3, '2025-04-09 02:25:32', 3, '2025-04-09 02:25:32', 1, 7),
(2725, 28, 2, '2025-04-28 10:00:00', 3, '2025-04-09 02:25:32', 3, '2025-04-09 02:25:32', 1, 7),
(2726, 28, 2, '2025-04-28 11:00:00', 3, '2025-04-09 02:25:32', 3, '2025-04-09 02:25:32', 1, 7),
(2727, 28, 2, '2025-04-28 12:00:00', 3, '2025-04-09 02:25:32', 3, '2025-04-09 02:25:32', 1, 7),
(2728, 28, 2, '2025-04-28 13:00:00', 3, '2025-04-09 02:25:32', 3, '2025-04-09 02:25:32', 1, 7),
(2729, 28, 2, '2025-04-28 14:00:00', 3, '2025-04-09 02:25:32', 3, '2025-04-09 02:25:32', 1, 7),
(2730, 28, 2, '2025-04-28 15:00:00', 3, '2025-04-09 02:25:32', 3, '2025-04-09 02:25:32', 1, 7),
(2731, 28, 2, '2025-04-28 16:00:00', 3, '2025-04-09 02:25:32', 3, '2025-04-09 02:25:32', 1, 7),
(2732, 28, 2, '2025-04-28 17:00:00', 3, '2025-04-09 02:25:32', 3, '2025-04-09 02:25:32', 1, 7),
(2733, 28, 2, '2025-04-28 18:00:00', 3, '2025-04-09 02:25:32', 3, '2025-04-09 02:25:32', 1, 7),
(2734, 28, 2, '2025-04-28 19:00:00', 3, '2025-04-09 02:25:32', 3, '2025-04-09 02:25:32', 1, 7),
(2735, 28, 2, '2025-04-28 20:00:00', 3, '2025-04-09 02:25:32', 3, '2025-04-09 02:25:32', 1, 7),
(2736, 28, 2, '2025-04-28 21:00:00', 3, '2025-04-09 02:25:32', 3, '2025-04-09 02:25:32', 1, 7),
(2737, 28, 2, '2025-04-28 22:00:00', 3, '2025-04-09 02:25:32', 3, '2025-04-09 02:25:32', 1, 7),
(2738, 28, 2, '2025-04-29 08:00:00', 3, '2025-04-09 02:25:32', 3, '2025-04-09 02:25:32', 1, 7),
(2739, 28, 2, '2025-04-29 09:00:00', 3, '2025-04-09 02:25:32', 3, '2025-04-09 02:25:32', 1, 7),
(2740, 28, 2, '2025-04-29 10:00:00', 3, '2025-04-09 02:25:32', 3, '2025-04-09 02:25:32', 1, 7),
(2741, 28, 2, '2025-04-29 11:00:00', 3, '2025-04-09 02:25:32', 3, '2025-04-09 02:25:32', 1, 7),
(2742, 28, 2, '2025-04-29 12:00:00', 3, '2025-04-09 02:25:32', 3, '2025-04-09 02:25:32', 1, 7),
(2743, 28, 2, '2025-04-29 13:00:00', 3, '2025-04-09 02:25:32', 3, '2025-04-09 02:25:32', 1, 7),
(2744, 28, 2, '2025-04-29 14:00:00', 3, '2025-04-09 02:25:32', 3, '2025-04-09 02:25:32', 1, 7),
(2745, 28, 2, '2025-04-29 15:00:00', 3, '2025-04-09 02:25:32', 3, '2025-04-09 02:25:32', 1, 7),
(2746, 28, 2, '2025-04-29 16:00:00', 3, '2025-04-09 02:25:32', 3, '2025-04-09 02:25:32', 1, 7),
(2747, 28, 2, '2025-04-29 17:00:00', 3, '2025-04-09 02:25:32', 3, '2025-04-09 02:25:32', 1, 7),
(2748, 28, 2, '2025-04-29 18:00:00', 3, '2025-04-09 02:25:32', 3, '2025-04-09 02:25:32', 1, 7),
(2749, 28, 2, '2025-04-29 19:00:00', 3, '2025-04-09 02:25:32', 3, '2025-04-09 02:25:32', 1, 7),
(2750, 28, 2, '2025-04-29 20:00:00', 3, '2025-04-09 02:25:32', 3, '2025-04-09 02:25:32', 1, 7),
(2751, 28, 2, '2025-04-29 21:00:00', 3, '2025-04-09 02:25:32', 3, '2025-04-09 02:25:32', 1, 7),
(2752, 28, 2, '2025-04-29 22:00:00', 3, '2025-04-09 02:25:32', 3, '2025-04-09 02:25:32', 1, 7),
(2753, 28, 2, '2025-04-30 08:00:00', 3, '2025-04-09 02:25:32', 3, '2025-04-09 02:25:32', 1, 7),
(2754, 28, 2, '2025-04-30 09:00:00', 3, '2025-04-09 02:25:32', 3, '2025-04-09 02:25:32', 1, 7),
(2755, 28, 2, '2025-04-30 10:00:00', 3, '2025-04-09 02:25:32', 3, '2025-04-09 02:25:32', 1, 7),
(2756, 28, 2, '2025-04-30 11:00:00', 3, '2025-04-09 02:25:32', 3, '2025-04-09 02:25:32', 1, 7),
(2757, 28, 2, '2025-04-30 12:00:00', 3, '2025-04-09 02:25:32', 3, '2025-04-09 02:25:32', 1, 7),
(2758, 28, 2, '2025-04-30 13:00:00', 3, '2025-04-09 02:25:32', 3, '2025-04-09 02:25:32', 1, 7),
(2759, 28, 2, '2025-04-30 14:00:00', 3, '2025-04-09 02:25:32', 3, '2025-04-09 02:25:32', 1, 7),
(2760, 28, 2, '2025-04-30 15:00:00', 3, '2025-04-09 02:25:32', 3, '2025-04-09 02:25:32', 1, 7),
(2761, 28, 2, '2025-04-30 16:00:00', 3, '2025-04-09 02:25:33', 3, '2025-04-09 02:25:33', 1, 7),
(2762, 28, 2, '2025-04-30 17:00:00', 3, '2025-04-09 02:25:33', 3, '2025-04-09 02:25:33', 1, 7),
(2763, 28, 2, '2025-04-30 18:00:00', 3, '2025-04-09 02:25:33', 3, '2025-04-09 02:25:33', 1, 7),
(2764, 28, 2, '2025-04-30 19:00:00', 3, '2025-04-09 02:25:33', 3, '2025-04-09 02:25:33', 1, 7),
(2765, 28, 2, '2025-04-30 20:00:00', 3, '2025-04-09 02:25:33', 3, '2025-04-09 02:25:33', 1, 7),
(2766, 28, 2, '2025-04-30 21:00:00', 3, '2025-04-09 02:25:33', 3, '2025-04-09 02:25:33', 1, 7),
(2767, 28, 2, '2025-04-30 22:00:00', 3, '2025-04-09 02:25:33', 3, '2025-04-09 02:25:33', 1, 7),
(2768, 28, 2, '2025-04-09 08:00:00', 3, '2025-04-09 02:26:19', 3, '2025-04-09 02:26:19', 1, 5),
(2769, 28, 2, '2025-04-09 09:00:00', 3, '2025-04-09 02:26:19', 3, '2025-04-09 02:26:19', 1, 5),
(2770, 28, 2, '2025-04-09 10:00:00', 3, '2025-04-09 02:26:19', 3, '2025-04-09 02:26:19', 1, 5),
(2771, 28, 2, '2025-04-09 11:00:00', 3, '2025-04-09 02:26:19', 3, '2025-04-09 02:26:19', 1, 5),
(2772, 28, 2, '2025-04-09 12:00:00', 3, '2025-04-09 02:26:19', 3, '2025-04-09 02:26:19', 1, 5),
(2773, 28, 2, '2025-04-09 13:00:00', 3, '2025-04-09 02:26:19', 3, '2025-04-09 02:26:19', 1, 5),
(2774, 28, 2, '2025-04-09 14:00:00', 3, '2025-04-09 02:26:19', 3, '2025-04-09 02:26:19', 1, 5),
(2775, 28, 2, '2025-04-09 15:00:00', 3, '2025-04-09 02:26:19', 3, '2025-04-09 02:26:19', 1, 5),
(2776, 28, 2, '2025-04-09 16:00:00', 3, '2025-04-09 02:26:19', 3, '2025-04-09 02:26:19', 1, 5),
(2777, 28, 2, '2025-04-09 17:00:00', 3, '2025-04-09 02:26:19', 3, '2025-04-09 02:26:19', 1, 5),
(2778, 28, 2, '2025-04-09 18:00:00', 3, '2025-04-09 02:26:19', 3, '2025-04-09 02:26:19', 1, 5),
(2779, 28, 2, '2025-04-09 19:00:00', 3, '2025-04-09 02:26:19', 3, '2025-04-09 02:26:19', 1, 5),
(2780, 28, 2, '2025-04-09 20:00:00', 3, '2025-04-09 02:26:19', 3, '2025-04-09 02:26:19', 1, 5),
(2781, 28, 2, '2025-04-09 21:00:00', 3, '2025-04-09 02:26:19', 3, '2025-04-09 02:26:19', 1, 5),
(2782, 28, 2, '2025-04-09 22:00:00', 3, '2025-04-09 02:26:19', 3, '2025-04-09 02:26:19', 1, 5),
(2783, 28, 2, '2025-04-10 08:00:00', 3, '2025-04-09 02:26:19', 3, '2025-04-09 02:26:19', 1, 5),
(2784, 28, 2, '2025-04-10 09:00:00', 3, '2025-04-09 02:26:19', 3, '2025-04-09 02:26:19', 1, 5),
(2785, 28, 2, '2025-04-10 10:00:00', 3, '2025-04-09 02:26:19', 3, '2025-04-09 02:26:19', 1, 5),
(2786, 28, 2, '2025-04-10 11:00:00', 3, '2025-04-09 02:26:19', 3, '2025-04-09 02:26:19', 1, 5),
(2787, 28, 2, '2025-04-10 12:00:00', 3, '2025-04-09 02:26:19', 3, '2025-04-09 02:26:19', 1, 5),
(2788, 28, 2, '2025-04-10 13:00:00', 3, '2025-04-09 02:26:19', 3, '2025-04-09 02:26:19', 1, 5),
(2789, 28, 2, '2025-04-10 14:00:00', 3, '2025-04-09 02:26:19', 3, '2025-04-09 02:26:19', 1, 5),
(2790, 28, 2, '2025-04-10 15:00:00', 3, '2025-04-09 02:26:19', 3, '2025-04-09 02:26:19', 1, 5),
(2791, 28, 2, '2025-04-10 16:00:00', 3, '2025-04-09 02:26:19', 3, '2025-04-09 02:26:19', 1, 5),
(2792, 28, 2, '2025-04-10 17:00:00', 3, '2025-04-09 02:26:19', 3, '2025-04-09 02:26:19', 1, 5),
(2793, 28, 2, '2025-04-10 18:00:00', 3, '2025-04-09 02:26:19', 3, '2025-04-09 02:26:19', 1, 5),
(2794, 28, 2, '2025-04-10 19:00:00', 3, '2025-04-09 02:26:19', 3, '2025-04-09 02:26:19', 1, 5),
(2795, 28, 2, '2025-04-10 20:00:00', 3, '2025-04-09 02:26:19', 3, '2025-04-09 02:26:19', 1, 5),
(2796, 28, 2, '2025-04-10 21:00:00', 3, '2025-04-09 02:26:19', 3, '2025-04-09 02:26:19', 1, 5),
(2797, 28, 2, '2025-04-10 22:00:00', 3, '2025-04-09 02:26:19', 3, '2025-04-09 02:26:19', 1, 5),
(2798, 28, 2, '2025-04-11 08:00:00', 3, '2025-04-09 02:26:19', 3, '2025-04-09 02:26:19', 1, 5),
(2799, 28, 2, '2025-04-11 09:00:00', 3, '2025-04-09 02:26:19', 3, '2025-04-09 02:26:19', 1, 5),
(2800, 28, 2, '2025-04-11 10:00:00', 3, '2025-04-09 02:26:19', 3, '2025-04-09 02:26:19', 1, 5),
(2801, 28, 2, '2025-04-11 11:00:00', 3, '2025-04-09 02:26:19', 3, '2025-04-09 02:26:19', 1, 5),
(2802, 28, 2, '2025-04-11 12:00:00', 3, '2025-04-09 02:26:19', 3, '2025-04-09 02:26:19', 1, 5),
(2803, 28, 2, '2025-04-11 13:00:00', 3, '2025-04-09 02:26:19', 3, '2025-04-09 02:26:19', 1, 5),
(2804, 28, 2, '2025-04-11 14:00:00', 3, '2025-04-09 02:26:19', 3, '2025-04-09 02:26:19', 1, 5),
(2805, 28, 2, '2025-04-11 15:00:00', 3, '2025-04-09 02:26:19', 3, '2025-04-09 02:26:19', 1, 5),
(2806, 28, 2, '2025-04-11 16:00:00', 3, '2025-04-09 02:26:19', 3, '2025-04-09 02:26:19', 1, 5),
(2807, 28, 2, '2025-04-11 17:00:00', 3, '2025-04-09 02:26:19', 3, '2025-04-09 02:26:19', 1, 5),
(2808, 28, 2, '2025-04-11 18:00:00', 3, '2025-04-09 02:26:19', 3, '2025-04-09 02:26:19', 1, 5),
(2809, 28, 2, '2025-04-11 19:00:00', 3, '2025-04-09 02:26:19', 3, '2025-04-09 02:26:19', 1, 5),
(2810, 28, 2, '2025-04-11 20:00:00', 3, '2025-04-09 02:26:19', 3, '2025-04-09 02:26:19', 1, 5),
(2811, 28, 2, '2025-04-11 21:00:00', 3, '2025-04-09 02:26:19', 3, '2025-04-09 02:26:19', 1, 5),
(2812, 28, 2, '2025-04-11 22:00:00', 3, '2025-04-09 02:26:19', 3, '2025-04-09 02:26:19', 1, 5),
(2813, 28, 2, '2025-04-12 08:00:00', 3, '2025-04-09 02:26:19', 3, '2025-04-09 02:26:19', 1, 5),
(2814, 28, 2, '2025-04-12 09:00:00', 3, '2025-04-09 02:26:19', 3, '2025-04-09 02:26:19', 1, 5),
(2815, 28, 2, '2025-04-12 10:00:00', 3, '2025-04-09 02:26:19', 3, '2025-04-09 02:26:19', 1, 5),
(2816, 28, 2, '2025-04-12 11:00:00', 3, '2025-04-09 02:26:19', 3, '2025-04-09 02:26:19', 1, 5),
(2817, 28, 2, '2025-04-12 12:00:00', 3, '2025-04-09 02:26:19', 3, '2025-04-09 02:26:19', 1, 5),
(2818, 28, 2, '2025-04-12 13:00:00', 3, '2025-04-09 02:26:19', 3, '2025-04-09 02:26:19', 1, 5),
(2819, 28, 2, '2025-04-12 14:00:00', 3, '2025-04-09 02:26:19', 3, '2025-04-09 02:26:19', 1, 5),
(2820, 28, 2, '2025-04-12 15:00:00', 3, '2025-04-09 02:26:19', 3, '2025-04-09 02:26:19', 1, 5),
(2821, 28, 2, '2025-04-12 16:00:00', 3, '2025-04-09 02:26:19', 3, '2025-04-09 02:26:19', 1, 5),
(2822, 28, 2, '2025-04-12 17:00:00', 3, '2025-04-09 02:26:19', 3, '2025-04-09 02:26:19', 1, 5),
(2823, 28, 2, '2025-04-12 18:00:00', 3, '2025-04-09 02:26:19', 3, '2025-04-09 02:26:19', 1, 5),
(2824, 28, 2, '2025-04-12 19:00:00', 3, '2025-04-09 02:26:19', 3, '2025-04-09 02:26:19', 1, 5),
(2825, 28, 2, '2025-04-12 20:00:00', 3, '2025-04-09 02:26:19', 3, '2025-04-09 02:26:19', 1, 5),
(2826, 28, 2, '2025-04-12 21:00:00', 3, '2025-04-09 02:26:19', 3, '2025-04-09 02:26:19', 1, 5),
(2827, 28, 2, '2025-04-12 22:00:00', 3, '2025-04-09 02:26:19', 3, '2025-04-09 02:26:19', 1, 5),
(2828, 28, 2, '2025-04-13 08:00:00', 3, '2025-04-09 02:26:19', 3, '2025-04-09 02:26:19', 1, 5),
(2829, 28, 2, '2025-04-13 09:00:00', 3, '2025-04-09 02:26:19', 3, '2025-04-09 02:26:19', 1, 5),
(2830, 28, 2, '2025-04-13 10:00:00', 3, '2025-04-09 02:26:19', 3, '2025-04-09 02:26:19', 1, 5),
(2831, 28, 2, '2025-04-13 11:00:00', 3, '2025-04-09 02:26:19', 3, '2025-04-09 02:26:19', 1, 5),
(2832, 28, 2, '2025-04-13 12:00:00', 3, '2025-04-09 02:26:19', 3, '2025-04-09 02:26:19', 1, 5),
(2833, 28, 2, '2025-04-13 13:00:00', 3, '2025-04-09 02:26:19', 3, '2025-04-09 02:26:19', 1, 5),
(2834, 28, 2, '2025-04-13 14:00:00', 3, '2025-04-09 02:26:19', 3, '2025-04-09 02:26:19', 1, 5),
(2835, 28, 2, '2025-04-13 15:00:00', 3, '2025-04-09 02:26:19', 3, '2025-04-09 02:26:19', 1, 5),
(2836, 28, 2, '2025-04-13 16:00:00', 3, '2025-04-09 02:26:19', 3, '2025-04-09 02:26:19', 1, 5),
(2837, 28, 2, '2025-04-13 17:00:00', 3, '2025-04-09 02:26:19', 3, '2025-04-09 02:26:19', 1, 5),
(2838, 28, 2, '2025-04-13 18:00:00', 3, '2025-04-09 02:26:19', 3, '2025-04-09 02:26:19', 1, 5),
(2839, 28, 2, '2025-04-13 19:00:00', 3, '2025-04-09 02:26:19', 3, '2025-04-09 02:26:19', 1, 5),
(2840, 28, 2, '2025-04-13 20:00:00', 3, '2025-04-09 02:26:19', 3, '2025-04-09 02:26:19', 1, 5),
(2841, 28, 2, '2025-04-13 21:00:00', 3, '2025-04-09 02:26:19', 3, '2025-04-09 02:26:19', 1, 5),
(2842, 28, 2, '2025-04-13 22:00:00', 3, '2025-04-09 02:26:19', 3, '2025-04-09 02:26:19', 1, 5),
(2843, 28, 2, '2025-04-14 08:00:00', 3, '2025-04-09 02:26:19', 3, '2025-04-09 02:26:19', 1, 5),
(2844, 28, 2, '2025-04-14 09:00:00', 3, '2025-04-09 02:26:19', 3, '2025-04-09 02:26:19', 1, 5),
(2845, 28, 2, '2025-04-14 10:00:00', 3, '2025-04-09 02:26:19', 3, '2025-04-09 02:26:19', 1, 5),
(2846, 28, 2, '2025-04-14 11:00:00', 3, '2025-04-09 02:26:19', 3, '2025-04-09 02:26:19', 1, 5),
(2847, 28, 2, '2025-04-14 12:00:00', 3, '2025-04-09 02:26:19', 3, '2025-04-09 02:26:19', 1, 5),
(2848, 28, 2, '2025-04-14 13:00:00', 3, '2025-04-09 02:26:19', 3, '2025-04-09 02:26:19', 1, 5),
(2849, 28, 2, '2025-04-14 14:00:00', 3, '2025-04-09 02:26:19', 3, '2025-04-09 02:26:19', 1, 5),
(2850, 28, 2, '2025-04-14 15:00:00', 3, '2025-04-09 02:26:19', 3, '2025-04-09 02:26:19', 1, 5),
(2851, 28, 2, '2025-04-14 16:00:00', 3, '2025-04-09 02:26:19', 3, '2025-04-09 02:26:19', 1, 5),
(2852, 28, 2, '2025-04-14 17:00:00', 3, '2025-04-09 02:26:19', 3, '2025-04-09 02:26:19', 1, 5),
(2853, 28, 2, '2025-04-14 18:00:00', 3, '2025-04-09 02:26:19', 3, '2025-04-09 02:26:19', 1, 5),
(2854, 28, 2, '2025-04-14 19:00:00', 3, '2025-04-09 02:26:19', 3, '2025-04-09 02:26:19', 1, 5),
(2855, 28, 2, '2025-04-14 20:00:00', 3, '2025-04-09 02:26:19', 3, '2025-04-09 02:26:19', 1, 5),
(2856, 28, 2, '2025-04-14 21:00:00', 3, '2025-04-09 02:26:19', 3, '2025-04-09 02:26:19', 1, 5),
(2857, 28, 2, '2025-04-14 22:00:00', 3, '2025-04-09 02:26:19', 3, '2025-04-09 02:26:19', 1, 5),
(2858, 28, 2, '2025-04-15 08:00:00', 3, '2025-04-09 02:26:19', 3, '2025-04-09 02:26:19', 1, 5),
(2859, 28, 2, '2025-04-15 09:00:00', 3, '2025-04-09 02:26:19', 3, '2025-04-09 02:26:19', 1, 5),
(2860, 28, 2, '2025-04-15 10:00:00', 3, '2025-04-09 02:26:19', 3, '2025-04-09 02:26:19', 1, 5),
(2861, 28, 2, '2025-04-15 11:00:00', 3, '2025-04-09 02:26:19', 3, '2025-04-09 02:26:19', 1, 5),
(2862, 28, 2, '2025-04-15 12:00:00', 3, '2025-04-09 02:26:19', 3, '2025-04-09 02:26:19', 1, 5),
(2863, 28, 2, '2025-04-15 13:00:00', 3, '2025-04-09 02:26:19', 3, '2025-04-09 02:26:19', 1, 5),
(2864, 28, 2, '2025-04-15 14:00:00', 3, '2025-04-09 02:26:19', 3, '2025-04-09 02:26:19', 1, 5),
(2865, 28, 2, '2025-04-15 15:00:00', 3, '2025-04-09 02:26:19', 3, '2025-04-09 02:26:19', 1, 5),
(2866, 28, 2, '2025-04-15 16:00:00', 3, '2025-04-09 02:26:19', 3, '2025-04-09 02:26:19', 1, 5),
(2867, 28, 2, '2025-04-15 17:00:00', 3, '2025-04-09 02:26:19', 3, '2025-04-09 02:26:19', 1, 5),
(2868, 28, 2, '2025-04-15 18:00:00', 3, '2025-04-09 02:26:19', 3, '2025-04-09 02:26:19', 1, 5),
(2869, 28, 2, '2025-04-15 19:00:00', 3, '2025-04-09 02:26:19', 3, '2025-04-09 02:26:19', 1, 5),
(2870, 28, 2, '2025-04-15 20:00:00', 3, '2025-04-09 02:26:19', 3, '2025-04-09 02:26:19', 1, 5),
(2871, 28, 2, '2025-04-15 21:00:00', 3, '2025-04-09 02:26:19', 3, '2025-04-09 02:26:19', 1, 5),
(2872, 28, 2, '2025-04-15 22:00:00', 3, '2025-04-09 02:26:19', 3, '2025-04-09 02:26:19', 1, 5),
(2873, 28, 2, '2025-04-16 08:00:00', 3, '2025-04-09 02:26:19', 3, '2025-04-09 02:26:19', 1, 5),
(2874, 28, 2, '2025-04-16 09:00:00', 3, '2025-04-09 02:26:19', 3, '2025-04-09 02:26:19', 1, 5),
(2875, 28, 2, '2025-04-16 10:00:00', 3, '2025-04-09 02:26:19', 3, '2025-04-09 02:26:19', 1, 5),
(2876, 28, 2, '2025-04-16 11:00:00', 3, '2025-04-09 02:26:19', 3, '2025-04-09 02:26:19', 1, 5),
(2877, 28, 2, '2025-04-16 12:00:00', 3, '2025-04-09 02:26:19', 3, '2025-04-09 02:26:19', 1, 5),
(2878, 28, 2, '2025-04-16 13:00:00', 3, '2025-04-09 02:26:19', 3, '2025-04-09 02:26:19', 1, 5),
(2879, 28, 2, '2025-04-16 14:00:00', 3, '2025-04-09 02:26:19', 3, '2025-04-09 02:26:19', 1, 5),
(2880, 28, 2, '2025-04-16 15:00:00', 3, '2025-04-09 02:26:19', 3, '2025-04-09 02:26:19', 1, 5),
(2881, 28, 2, '2025-04-16 16:00:00', 3, '2025-04-09 02:26:19', 3, '2025-04-09 02:26:19', 1, 5),
(2882, 28, 2, '2025-04-16 17:00:00', 3, '2025-04-09 02:26:19', 3, '2025-04-09 02:26:19', 1, 5),
(2883, 28, 2, '2025-04-16 18:00:00', 3, '2025-04-09 02:26:19', 3, '2025-04-09 02:26:19', 1, 5),
(2884, 28, 2, '2025-04-16 19:00:00', 3, '2025-04-09 02:26:19', 3, '2025-04-09 02:26:19', 1, 5),
(2885, 28, 2, '2025-04-16 20:00:00', 3, '2025-04-09 02:26:19', 3, '2025-04-09 02:26:19', 1, 5),
(2886, 28, 2, '2025-04-16 21:00:00', 3, '2025-04-09 02:26:19', 3, '2025-04-09 02:26:19', 1, 5),
(2887, 28, 2, '2025-04-16 22:00:00', 3, '2025-04-09 02:26:19', 3, '2025-04-09 02:26:19', 1, 5),
(2888, 28, 2, '2025-04-17 08:00:00', 3, '2025-04-09 02:26:19', 3, '2025-04-09 02:26:19', 1, 5),
(2889, 28, 2, '2025-04-17 09:00:00', 3, '2025-04-09 02:26:19', 3, '2025-04-09 02:26:19', 1, 5),
(2890, 28, 2, '2025-04-17 10:00:00', 3, '2025-04-09 02:26:19', 3, '2025-04-09 02:26:19', 1, 5),
(2891, 28, 2, '2025-04-17 11:00:00', 3, '2025-04-09 02:26:19', 3, '2025-04-09 02:26:19', 1, 5),
(2892, 28, 2, '2025-04-17 12:00:00', 3, '2025-04-09 02:26:19', 3, '2025-04-09 02:26:19', 1, 5),
(2893, 28, 2, '2025-04-17 13:00:00', 3, '2025-04-09 02:26:19', 3, '2025-04-09 02:26:19', 1, 5),
(2894, 28, 2, '2025-04-17 14:00:00', 3, '2025-04-09 02:26:19', 3, '2025-04-09 02:26:19', 1, 5),
(2895, 28, 2, '2025-04-17 15:00:00', 3, '2025-04-09 02:26:19', 3, '2025-04-09 02:26:19', 1, 5),
(2896, 28, 2, '2025-04-17 16:00:00', 3, '2025-04-09 02:26:19', 3, '2025-04-09 02:26:19', 1, 5),
(2897, 28, 2, '2025-04-17 17:00:00', 3, '2025-04-09 02:26:19', 3, '2025-04-09 02:26:19', 1, 5),
(2898, 28, 2, '2025-04-17 18:00:00', 3, '2025-04-09 02:26:19', 3, '2025-04-09 02:26:19', 1, 5),
(2899, 28, 2, '2025-04-17 19:00:00', 3, '2025-04-09 02:26:19', 3, '2025-04-09 02:26:19', 1, 5),
(2900, 28, 2, '2025-04-17 20:00:00', 3, '2025-04-09 02:26:19', 3, '2025-04-09 02:26:19', 1, 5),
(2901, 28, 2, '2025-04-17 21:00:00', 3, '2025-04-09 02:26:19', 3, '2025-04-09 02:26:19', 1, 5),
(2902, 28, 2, '2025-04-17 22:00:00', 3, '2025-04-09 02:26:19', 3, '2025-04-09 02:26:19', 1, 5),
(2903, 28, 2, '2025-04-18 08:00:00', 3, '2025-04-09 02:26:19', 3, '2025-04-09 02:26:19', 1, 5),
(2904, 28, 2, '2025-04-18 09:00:00', 3, '2025-04-09 02:26:19', 3, '2025-04-09 02:26:19', 1, 5),
(2905, 28, 2, '2025-04-18 10:00:00', 3, '2025-04-09 02:26:19', 3, '2025-04-09 02:26:19', 1, 5),
(2906, 28, 2, '2025-04-18 11:00:00', 3, '2025-04-09 02:26:19', 3, '2025-04-09 02:26:19', 1, 5),
(2907, 28, 2, '2025-04-18 12:00:00', 3, '2025-04-09 02:26:19', 3, '2025-04-09 02:26:19', 1, 5),
(2908, 28, 2, '2025-04-18 13:00:00', 3, '2025-04-09 02:26:19', 3, '2025-04-09 02:26:19', 1, 5),
(2909, 28, 2, '2025-04-18 14:00:00', 3, '2025-04-09 02:26:19', 3, '2025-04-09 02:26:19', 1, 5),
(2910, 28, 2, '2025-04-18 15:00:00', 3, '2025-04-09 02:26:19', 3, '2025-04-09 02:26:19', 1, 5),
(2911, 28, 2, '2025-04-18 16:00:00', 3, '2025-04-09 02:26:19', 3, '2025-04-09 02:26:19', 1, 5),
(2912, 28, 2, '2025-04-18 17:00:00', 3, '2025-04-09 02:26:19', 3, '2025-04-09 02:26:19', 1, 5),
(2913, 28, 2, '2025-04-18 18:00:00', 3, '2025-04-09 02:26:19', 3, '2025-04-09 02:26:19', 1, 5),
(2914, 28, 2, '2025-04-18 19:00:00', 3, '2025-04-09 02:26:19', 3, '2025-04-09 02:26:19', 1, 5),
(2915, 28, 2, '2025-04-18 20:00:00', 3, '2025-04-09 02:26:19', 3, '2025-04-09 02:26:19', 1, 5),
(2916, 28, 2, '2025-04-18 21:00:00', 3, '2025-04-09 02:26:19', 3, '2025-04-09 02:26:19', 1, 5),
(2917, 28, 2, '2025-04-18 22:00:00', 3, '2025-04-09 02:26:19', 3, '2025-04-09 02:26:19', 1, 5),
(2918, 28, 2, '2025-04-19 08:00:00', 3, '2025-04-09 02:26:19', 3, '2025-04-09 02:26:19', 1, 5),
(2919, 28, 2, '2025-04-19 09:00:00', 3, '2025-04-09 02:26:19', 3, '2025-04-09 02:26:19', 1, 5),
(2920, 28, 2, '2025-04-19 10:00:00', 3, '2025-04-09 02:26:19', 3, '2025-04-09 02:26:19', 1, 5),
(2921, 28, 2, '2025-04-19 11:00:00', 3, '2025-04-09 02:26:19', 3, '2025-04-09 02:26:19', 1, 5),
(2922, 28, 2, '2025-04-19 12:00:00', 3, '2025-04-09 02:26:19', 3, '2025-04-09 02:26:19', 1, 5),
(2923, 28, 2, '2025-04-19 13:00:00', 3, '2025-04-09 02:26:19', 3, '2025-04-09 02:26:19', 1, 5),
(2924, 28, 2, '2025-04-19 14:00:00', 3, '2025-04-09 02:26:19', 3, '2025-04-09 02:26:19', 1, 5),
(2925, 28, 2, '2025-04-19 15:00:00', 3, '2025-04-09 02:26:19', 3, '2025-04-09 02:26:19', 1, 5),
(2926, 28, 2, '2025-04-19 16:00:00', 3, '2025-04-09 02:26:19', 3, '2025-04-09 02:26:19', 1, 5),
(2927, 28, 2, '2025-04-19 17:00:00', 3, '2025-04-09 02:26:19', 3, '2025-04-09 02:26:19', 1, 5),
(2928, 28, 2, '2025-04-19 18:00:00', 3, '2025-04-09 02:26:19', 3, '2025-04-09 02:26:19', 1, 5),
(2929, 28, 2, '2025-04-19 19:00:00', 3, '2025-04-09 02:26:19', 3, '2025-04-09 02:26:19', 1, 5),
(2930, 28, 2, '2025-04-19 20:00:00', 3, '2025-04-09 02:26:19', 3, '2025-04-09 02:26:19', 1, 5),
(2931, 28, 2, '2025-04-19 21:00:00', 3, '2025-04-09 02:26:19', 3, '2025-04-09 02:26:19', 1, 5),
(2932, 28, 2, '2025-04-19 22:00:00', 3, '2025-04-09 02:26:19', 3, '2025-04-09 02:26:19', 1, 5),
(2933, 28, 2, '2025-04-20 08:00:00', 3, '2025-04-09 02:26:19', 3, '2025-04-09 02:26:19', 1, 5),
(2934, 28, 2, '2025-04-20 09:00:00', 3, '2025-04-09 02:26:19', 3, '2025-04-09 02:26:19', 1, 5),
(2935, 28, 2, '2025-04-20 10:00:00', 3, '2025-04-09 02:26:19', 3, '2025-04-09 02:26:19', 1, 5),
(2936, 28, 2, '2025-04-20 11:00:00', 3, '2025-04-09 02:26:19', 3, '2025-04-09 02:26:19', 1, 5),
(2937, 28, 2, '2025-04-20 12:00:00', 3, '2025-04-09 02:26:19', 3, '2025-04-09 02:26:19', 1, 5),
(2938, 28, 2, '2025-04-20 13:00:00', 3, '2025-04-09 02:26:19', 3, '2025-04-09 02:26:19', 1, 5),
(2939, 28, 2, '2025-04-20 14:00:00', 3, '2025-04-09 02:26:19', 3, '2025-04-09 02:26:19', 1, 5),
(2940, 28, 2, '2025-04-20 15:00:00', 3, '2025-04-09 02:26:19', 3, '2025-04-09 02:26:19', 1, 5),
(2941, 28, 2, '2025-04-20 16:00:00', 3, '2025-04-09 02:26:19', 3, '2025-04-09 02:26:19', 1, 5),
(2942, 28, 2, '2025-04-20 17:00:00', 3, '2025-04-09 02:26:19', 3, '2025-04-09 02:26:19', 1, 5),
(2943, 28, 2, '2025-04-20 18:00:00', 3, '2025-04-09 02:26:19', 3, '2025-04-09 02:26:19', 1, 5),
(2944, 28, 2, '2025-04-20 19:00:00', 3, '2025-04-09 02:26:19', 3, '2025-04-09 02:26:19', 1, 5),
(2945, 28, 2, '2025-04-20 20:00:00', 3, '2025-04-09 02:26:19', 3, '2025-04-09 02:26:19', 1, 5),
(2946, 28, 2, '2025-04-20 21:00:00', 3, '2025-04-09 02:26:19', 3, '2025-04-09 02:26:19', 1, 5),
(2947, 28, 2, '2025-04-20 22:00:00', 3, '2025-04-09 02:26:19', 3, '2025-04-09 02:26:19', 1, 5),
(2948, 28, 2, '2025-04-21 08:00:00', 3, '2025-04-09 02:26:19', 3, '2025-04-09 02:26:19', 1, 5),
(2949, 28, 2, '2025-04-21 09:00:00', 3, '2025-04-09 02:26:19', 3, '2025-04-09 02:26:19', 1, 5),
(2950, 28, 2, '2025-04-21 10:00:00', 3, '2025-04-09 02:26:19', 3, '2025-04-09 02:26:19', 1, 5),
(2951, 28, 2, '2025-04-21 11:00:00', 3, '2025-04-09 02:26:19', 3, '2025-04-09 02:26:19', 1, 5),
(2952, 28, 2, '2025-04-21 12:00:00', 3, '2025-04-09 02:26:19', 3, '2025-04-09 02:26:19', 1, 5),
(2953, 28, 2, '2025-04-21 13:00:00', 3, '2025-04-09 02:26:19', 3, '2025-04-09 02:26:19', 1, 5),
(2954, 28, 2, '2025-04-21 14:00:00', 3, '2025-04-09 02:26:19', 3, '2025-04-09 02:26:19', 1, 5),
(2955, 28, 2, '2025-04-21 15:00:00', 3, '2025-04-09 02:26:19', 3, '2025-04-09 02:26:19', 1, 5),
(2956, 28, 2, '2025-04-21 16:00:00', 3, '2025-04-09 02:26:19', 3, '2025-04-09 02:26:19', 1, 5),
(2957, 28, 2, '2025-04-21 17:00:00', 3, '2025-04-09 02:26:19', 3, '2025-04-09 02:26:19', 1, 5),
(2958, 28, 2, '2025-04-21 18:00:00', 3, '2025-04-09 02:26:19', 3, '2025-04-09 02:26:19', 1, 5),
(2959, 28, 2, '2025-04-21 19:00:00', 3, '2025-04-09 02:26:19', 3, '2025-04-09 02:26:19', 1, 5),
(2960, 28, 2, '2025-04-21 20:00:00', 3, '2025-04-09 02:26:19', 3, '2025-04-09 02:26:19', 1, 5),
(2961, 28, 2, '2025-04-21 21:00:00', 3, '2025-04-09 02:26:19', 3, '2025-04-09 02:26:19', 1, 5),
(2962, 28, 2, '2025-04-21 22:00:00', 3, '2025-04-09 02:26:19', 3, '2025-04-09 02:26:19', 1, 5),
(2963, 28, 2, '2025-04-22 08:00:00', 3, '2025-04-09 02:26:19', 3, '2025-04-09 02:26:19', 1, 5),
(2964, 28, 2, '2025-04-22 09:00:00', 3, '2025-04-09 02:26:19', 3, '2025-04-09 02:26:19', 1, 5),
(2965, 28, 2, '2025-04-22 10:00:00', 3, '2025-04-09 02:26:19', 3, '2025-04-09 02:26:19', 1, 5),
(2966, 28, 2, '2025-04-22 11:00:00', 3, '2025-04-09 02:26:19', 3, '2025-04-09 02:26:19', 1, 5),
(2967, 28, 2, '2025-04-22 12:00:00', 3, '2025-04-09 02:26:19', 3, '2025-04-09 02:26:19', 1, 5),
(2968, 28, 2, '2025-04-22 13:00:00', 3, '2025-04-09 02:26:19', 3, '2025-04-09 02:26:19', 1, 5),
(2969, 28, 2, '2025-04-22 14:00:00', 3, '2025-04-09 02:26:19', 3, '2025-04-09 02:26:19', 1, 5),
(2970, 28, 2, '2025-04-22 15:00:00', 3, '2025-04-09 02:26:19', 3, '2025-04-09 02:26:19', 1, 5),
(2971, 28, 2, '2025-04-22 16:00:00', 3, '2025-04-09 02:26:19', 3, '2025-04-09 02:26:19', 1, 5),
(2972, 28, 2, '2025-04-22 17:00:00', 3, '2025-04-09 02:26:19', 3, '2025-04-09 02:26:19', 1, 5),
(2973, 28, 2, '2025-04-22 18:00:00', 3, '2025-04-09 02:26:19', 3, '2025-04-09 02:26:19', 1, 5),
(2974, 28, 2, '2025-04-22 19:00:00', 3, '2025-04-09 02:26:19', 3, '2025-04-09 02:26:19', 1, 5),
(2975, 28, 2, '2025-04-22 20:00:00', 3, '2025-04-09 02:26:19', 3, '2025-04-09 02:26:19', 1, 5),
(2976, 28, 2, '2025-04-22 21:00:00', 3, '2025-04-09 02:26:19', 3, '2025-04-09 02:26:19', 1, 5),
(2977, 28, 2, '2025-04-22 22:00:00', 3, '2025-04-09 02:26:19', 3, '2025-04-09 02:26:19', 1, 5),
(2978, 28, 2, '2025-04-23 08:00:00', 3, '2025-04-09 02:26:19', 3, '2025-04-09 02:26:19', 1, 5),
(2979, 28, 2, '2025-04-23 09:00:00', 3, '2025-04-09 02:26:19', 3, '2025-04-09 02:26:19', 1, 5),
(2980, 28, 2, '2025-04-23 10:00:00', 3, '2025-04-09 02:26:19', 3, '2025-04-09 02:26:19', 1, 5),
(2981, 28, 2, '2025-04-23 11:00:00', 3, '2025-04-09 02:26:19', 3, '2025-04-09 02:26:19', 1, 5),
(2982, 28, 2, '2025-04-23 12:00:00', 3, '2025-04-09 02:26:19', 3, '2025-04-09 02:26:19', 1, 5),
(2983, 28, 2, '2025-04-23 13:00:00', 3, '2025-04-09 02:26:19', 3, '2025-04-09 02:26:19', 1, 5),
(2984, 28, 2, '2025-04-23 14:00:00', 3, '2025-04-09 02:26:19', 3, '2025-04-09 02:26:19', 1, 5),
(2985, 28, 2, '2025-04-23 15:00:00', 3, '2025-04-09 02:26:19', 3, '2025-04-09 02:26:19', 1, 5),
(2986, 28, 2, '2025-04-23 16:00:00', 3, '2025-04-09 02:26:19', 3, '2025-04-09 02:26:19', 1, 5),
(2987, 28, 2, '2025-04-23 17:00:00', 3, '2025-04-09 02:26:19', 3, '2025-04-09 02:26:19', 1, 5),
(2988, 28, 2, '2025-04-23 18:00:00', 3, '2025-04-09 02:26:19', 3, '2025-04-09 02:26:19', 1, 5),
(2989, 28, 2, '2025-04-23 19:00:00', 3, '2025-04-09 02:26:19', 3, '2025-04-09 02:26:19', 1, 5),
(2990, 28, 2, '2025-04-23 20:00:00', 3, '2025-04-09 02:26:19', 3, '2025-04-09 02:26:19', 1, 5),
(2991, 28, 2, '2025-04-23 21:00:00', 3, '2025-04-09 02:26:19', 3, '2025-04-09 02:26:19', 1, 5),
(2992, 28, 2, '2025-04-23 22:00:00', 3, '2025-04-09 02:26:19', 3, '2025-04-09 02:26:19', 1, 5),
(2993, 28, 2, '2025-04-24 08:00:00', 3, '2025-04-09 02:26:19', 3, '2025-04-09 02:26:19', 1, 5),
(2994, 28, 2, '2025-04-24 09:00:00', 3, '2025-04-09 02:26:19', 3, '2025-04-09 02:26:19', 1, 5),
(2995, 28, 2, '2025-04-24 10:00:00', 3, '2025-04-09 02:26:19', 3, '2025-04-09 02:26:19', 1, 5),
(2996, 28, 2, '2025-04-24 11:00:00', 3, '2025-04-09 02:26:19', 3, '2025-04-09 02:26:19', 1, 5),
(2997, 28, 2, '2025-04-24 12:00:00', 3, '2025-04-09 02:26:19', 3, '2025-04-09 02:26:19', 1, 5),
(2998, 28, 2, '2025-04-24 13:00:00', 3, '2025-04-09 02:26:19', 3, '2025-04-09 02:26:19', 1, 5),
(2999, 28, 2, '2025-04-24 14:00:00', 3, '2025-04-09 02:26:19', 3, '2025-04-09 02:26:19', 1, 5),
(3000, 28, 2, '2025-04-24 15:00:00', 3, '2025-04-09 02:26:19', 3, '2025-04-09 02:26:19', 1, 5),
(3001, 28, 2, '2025-04-24 16:00:00', 3, '2025-04-09 02:26:19', 3, '2025-04-09 02:26:19', 1, 5),
(3002, 28, 2, '2025-04-24 17:00:00', 3, '2025-04-09 02:26:19', 3, '2025-04-09 02:26:19', 1, 5),
(3003, 28, 2, '2025-04-24 18:00:00', 3, '2025-04-09 02:26:19', 3, '2025-04-09 02:26:19', 1, 5),
(3004, 28, 2, '2025-04-24 19:00:00', 3, '2025-04-09 02:26:19', 3, '2025-04-09 02:26:19', 1, 5),
(3005, 28, 2, '2025-04-24 20:00:00', 3, '2025-04-09 02:26:19', 3, '2025-04-09 02:26:19', 1, 5),
(3006, 28, 2, '2025-04-24 21:00:00', 3, '2025-04-09 02:26:19', 3, '2025-04-09 02:26:19', 1, 5),
(3007, 28, 2, '2025-04-24 22:00:00', 3, '2025-04-09 02:26:19', 3, '2025-04-09 02:26:19', 1, 5),
(3008, 28, 2, '2025-04-25 08:00:00', 3, '2025-04-09 02:26:19', 3, '2025-04-09 02:26:19', 1, 5),
(3009, 28, 2, '2025-04-25 09:00:00', 3, '2025-04-09 02:26:19', 3, '2025-04-09 02:26:19', 1, 5),
(3010, 28, 2, '2025-04-25 10:00:00', 3, '2025-04-09 02:26:19', 3, '2025-04-09 02:26:19', 1, 5),
(3011, 28, 2, '2025-04-25 11:00:00', 3, '2025-04-09 02:26:19', 3, '2025-04-09 02:26:19', 1, 5),
(3012, 28, 2, '2025-04-25 12:00:00', 3, '2025-04-09 02:26:19', 3, '2025-04-09 02:26:19', 1, 5),
(3013, 28, 2, '2025-04-25 13:00:00', 3, '2025-04-09 02:26:19', 3, '2025-04-09 02:26:19', 1, 5),
(3014, 28, 2, '2025-04-25 14:00:00', 3, '2025-04-09 02:26:19', 3, '2025-04-09 02:26:19', 1, 5),
(3015, 28, 2, '2025-04-25 15:00:00', 3, '2025-04-09 02:26:19', 3, '2025-04-09 02:26:19', 1, 5),
(3016, 28, 2, '2025-04-25 16:00:00', 3, '2025-04-09 02:26:19', 3, '2025-04-09 02:26:19', 1, 5),
(3017, 28, 2, '2025-04-25 17:00:00', 3, '2025-04-09 02:26:19', 3, '2025-04-09 02:26:19', 1, 5),
(3018, 28, 2, '2025-04-25 18:00:00', 3, '2025-04-09 02:26:19', 3, '2025-04-09 02:26:19', 1, 5),
(3019, 28, 2, '2025-04-25 19:00:00', 3, '2025-04-09 02:26:19', 3, '2025-04-09 02:26:19', 1, 5),
(3020, 28, 2, '2025-04-25 20:00:00', 3, '2025-04-09 02:26:19', 3, '2025-04-09 02:26:19', 1, 5),
(3021, 28, 2, '2025-04-25 21:00:00', 3, '2025-04-09 02:26:19', 3, '2025-04-09 02:26:19', 1, 5),
(3022, 28, 2, '2025-04-25 22:00:00', 3, '2025-04-09 02:26:19', 3, '2025-04-09 02:26:19', 1, 5),
(3023, 28, 2, '2025-04-26 08:00:00', 3, '2025-04-09 02:26:19', 3, '2025-04-09 02:26:19', 1, 5),
(3024, 28, 2, '2025-04-26 09:00:00', 3, '2025-04-09 02:26:19', 3, '2025-04-09 02:26:19', 1, 5),
(3025, 28, 2, '2025-04-26 10:00:00', 3, '2025-04-09 02:26:19', 3, '2025-04-09 02:26:19', 1, 5),
(3026, 28, 2, '2025-04-26 11:00:00', 3, '2025-04-09 02:26:19', 3, '2025-04-09 02:26:19', 1, 5),
(3027, 28, 2, '2025-04-26 12:00:00', 3, '2025-04-09 02:26:19', 3, '2025-04-09 02:26:19', 1, 5),
(3028, 28, 2, '2025-04-26 13:00:00', 3, '2025-04-09 02:26:19', 3, '2025-04-09 02:26:19', 1, 5),
(3029, 28, 2, '2025-04-26 14:00:00', 3, '2025-04-09 02:26:19', 3, '2025-04-09 02:26:19', 1, 5),
(3030, 28, 2, '2025-04-26 15:00:00', 3, '2025-04-09 02:26:19', 3, '2025-04-09 02:26:19', 1, 5),
(3031, 28, 2, '2025-04-26 16:00:00', 3, '2025-04-09 02:26:19', 3, '2025-04-09 02:26:19', 1, 5),
(3032, 28, 2, '2025-04-26 17:00:00', 3, '2025-04-09 02:26:19', 3, '2025-04-09 02:26:19', 1, 5),
(3033, 28, 2, '2025-04-26 18:00:00', 3, '2025-04-09 02:26:19', 3, '2025-04-09 02:26:19', 1, 5),
(3034, 28, 2, '2025-04-26 19:00:00', 3, '2025-04-09 02:26:19', 3, '2025-04-09 02:26:19', 1, 5),
(3035, 28, 2, '2025-04-26 20:00:00', 3, '2025-04-09 02:26:19', 3, '2025-04-09 02:26:19', 1, 5),
(3036, 28, 2, '2025-04-26 21:00:00', 3, '2025-04-09 02:26:19', 3, '2025-04-09 02:26:19', 1, 5),
(3037, 28, 2, '2025-04-26 22:00:00', 3, '2025-04-09 02:26:19', 3, '2025-04-09 02:26:19', 1, 5),
(3038, 28, 2, '2025-04-27 08:00:00', 3, '2025-04-09 02:26:19', 3, '2025-04-09 02:26:19', 1, 5),
(3039, 28, 2, '2025-04-27 09:00:00', 3, '2025-04-09 02:26:19', 3, '2025-04-09 02:26:19', 1, 5),
(3040, 28, 2, '2025-04-27 10:00:00', 3, '2025-04-09 02:26:19', 3, '2025-04-09 02:26:19', 1, 5),
(3041, 28, 2, '2025-04-27 11:00:00', 3, '2025-04-09 02:26:19', 3, '2025-04-09 02:26:19', 1, 5),
(3042, 28, 2, '2025-04-27 12:00:00', 3, '2025-04-09 02:26:19', 3, '2025-04-09 02:26:19', 1, 5),
(3043, 28, 2, '2025-04-27 13:00:00', 3, '2025-04-09 02:26:19', 3, '2025-04-09 02:26:19', 1, 5),
(3044, 28, 2, '2025-04-27 14:00:00', 3, '2025-04-09 02:26:19', 3, '2025-04-09 02:26:19', 1, 5),
(3045, 28, 2, '2025-04-27 15:00:00', 3, '2025-04-09 02:26:19', 3, '2025-04-09 02:26:19', 1, 5),
(3046, 28, 2, '2025-04-27 16:00:00', 3, '2025-04-09 02:26:19', 3, '2025-04-09 02:26:19', 1, 5),
(3047, 28, 2, '2025-04-27 17:00:00', 3, '2025-04-09 02:26:19', 3, '2025-04-09 02:26:19', 1, 5),
(3048, 28, 2, '2025-04-27 18:00:00', 3, '2025-04-09 02:26:19', 3, '2025-04-09 02:26:19', 1, 5),
(3049, 28, 2, '2025-04-27 19:00:00', 3, '2025-04-09 02:26:19', 3, '2025-04-09 02:26:19', 1, 5),
(3050, 28, 2, '2025-04-27 20:00:00', 3, '2025-04-09 02:26:19', 3, '2025-04-09 02:26:19', 1, 5),
(3051, 28, 2, '2025-04-27 21:00:00', 3, '2025-04-09 02:26:19', 3, '2025-04-09 02:26:19', 1, 5),
(3052, 28, 2, '2025-04-27 22:00:00', 3, '2025-04-09 02:26:19', 3, '2025-04-09 02:26:19', 1, 5),
(3053, 28, 2, '2025-04-28 08:00:00', 3, '2025-04-09 02:26:19', 3, '2025-04-09 02:26:19', 1, 5),
(3054, 28, 2, '2025-04-28 09:00:00', 3, '2025-04-09 02:26:19', 3, '2025-04-09 02:26:19', 1, 5),
(3055, 28, 2, '2025-04-28 10:00:00', 3, '2025-04-09 02:26:19', 3, '2025-04-09 02:26:19', 1, 5),
(3056, 28, 2, '2025-04-28 11:00:00', 3, '2025-04-09 02:26:19', 3, '2025-04-09 02:26:19', 1, 5),
(3057, 28, 2, '2025-04-28 12:00:00', 3, '2025-04-09 02:26:19', 3, '2025-04-09 02:26:19', 1, 5),
(3058, 28, 2, '2025-04-28 13:00:00', 3, '2025-04-09 02:26:19', 3, '2025-04-09 02:26:19', 1, 5),
(3059, 28, 2, '2025-04-28 14:00:00', 3, '2025-04-09 02:26:19', 3, '2025-04-09 02:26:19', 1, 5),
(3060, 28, 2, '2025-04-28 15:00:00', 3, '2025-04-09 02:26:19', 3, '2025-04-09 02:26:19', 1, 5),
(3061, 28, 2, '2025-04-28 16:00:00', 3, '2025-04-09 02:26:19', 3, '2025-04-09 02:26:19', 1, 5),
(3062, 28, 2, '2025-04-28 17:00:00', 3, '2025-04-09 02:26:19', 3, '2025-04-09 02:26:19', 1, 5),
(3063, 28, 2, '2025-04-28 18:00:00', 3, '2025-04-09 02:26:19', 3, '2025-04-09 02:26:19', 1, 5),
(3064, 28, 2, '2025-04-28 19:00:00', 3, '2025-04-09 02:26:19', 3, '2025-04-09 02:26:19', 1, 5),
(3065, 28, 2, '2025-04-28 20:00:00', 3, '2025-04-09 02:26:19', 3, '2025-04-09 02:26:19', 1, 5),
(3066, 28, 2, '2025-04-28 21:00:00', 3, '2025-04-09 02:26:19', 3, '2025-04-09 02:26:19', 1, 5),
(3067, 28, 2, '2025-04-28 22:00:00', 3, '2025-04-09 02:26:19', 3, '2025-04-09 02:26:19', 1, 5),
(3068, 28, 2, '2025-04-29 08:00:00', 3, '2025-04-09 02:26:19', 3, '2025-04-09 02:26:19', 1, 5),
(3069, 28, 2, '2025-04-29 09:00:00', 3, '2025-04-09 02:26:19', 3, '2025-04-09 02:26:19', 1, 5),
(3070, 28, 2, '2025-04-29 10:00:00', 3, '2025-04-09 02:26:19', 3, '2025-04-09 02:26:19', 1, 5),
(3071, 28, 2, '2025-04-29 11:00:00', 3, '2025-04-09 02:26:19', 3, '2025-04-09 02:26:19', 1, 5),
(3072, 28, 2, '2025-04-29 12:00:00', 3, '2025-04-09 02:26:19', 3, '2025-04-09 02:26:19', 1, 5),
(3073, 28, 2, '2025-04-29 13:00:00', 3, '2025-04-09 02:26:19', 3, '2025-04-09 02:26:19', 1, 5),
(3074, 28, 2, '2025-04-29 14:00:00', 3, '2025-04-09 02:26:19', 3, '2025-04-09 02:26:19', 1, 5),
(3075, 28, 2, '2025-04-29 15:00:00', 3, '2025-04-09 02:26:19', 3, '2025-04-09 02:26:19', 1, 5),
(3076, 28, 2, '2025-04-29 16:00:00', 3, '2025-04-09 02:26:19', 3, '2025-04-09 02:26:19', 1, 5),
(3077, 28, 2, '2025-04-29 17:00:00', 3, '2025-04-09 02:26:19', 3, '2025-04-09 02:26:19', 1, 5),
(3078, 28, 2, '2025-04-29 18:00:00', 3, '2025-04-09 02:26:19', 3, '2025-04-09 02:26:19', 1, 5),
(3079, 28, 2, '2025-04-29 19:00:00', 3, '2025-04-09 02:26:19', 3, '2025-04-09 02:26:19', 1, 5),
(3080, 28, 2, '2025-04-29 20:00:00', 3, '2025-04-09 02:26:19', 3, '2025-04-09 02:26:19', 1, 5),
(3081, 28, 2, '2025-04-29 21:00:00', 3, '2025-04-09 02:26:19', 3, '2025-04-09 02:26:19', 1, 5),
(3082, 28, 2, '2025-04-29 22:00:00', 3, '2025-04-09 02:26:19', 3, '2025-04-09 02:26:19', 1, 5),
(3083, 28, 2, '2025-04-30 08:00:00', 3, '2025-04-09 02:26:19', 3, '2025-04-09 02:26:19', 1, 5),
(3084, 28, 2, '2025-04-30 09:00:00', 3, '2025-04-09 02:26:19', 3, '2025-04-09 02:26:19', 1, 5),
(3085, 28, 2, '2025-04-30 10:00:00', 3, '2025-04-09 02:26:19', 3, '2025-04-09 02:26:19', 1, 5),
(3086, 28, 2, '2025-04-30 11:00:00', 3, '2025-04-09 02:26:19', 3, '2025-04-09 02:26:19', 1, 5),
(3087, 28, 2, '2025-04-30 12:00:00', 3, '2025-04-09 02:26:19', 3, '2025-04-09 02:26:19', 1, 5),
(3088, 28, 2, '2025-04-30 13:00:00', 3, '2025-04-09 02:26:19', 3, '2025-04-09 02:26:19', 1, 5),
(3089, 28, 2, '2025-04-30 14:00:00', 3, '2025-04-09 02:26:19', 3, '2025-04-09 02:26:19', 1, 5),
(3090, 28, 2, '2025-04-30 15:00:00', 3, '2025-04-09 02:26:19', 3, '2025-04-09 02:26:19', 1, 5),
(3091, 28, 2, '2025-04-30 16:00:00', 3, '2025-04-09 02:26:19', 3, '2025-04-09 02:26:19', 1, 5),
(3092, 28, 2, '2025-04-30 17:00:00', 3, '2025-04-09 02:26:19', 3, '2025-04-09 02:26:19', 1, 5),
(3093, 28, 2, '2025-04-30 18:00:00', 3, '2025-04-09 02:26:19', 3, '2025-04-09 02:26:19', 1, 5),
(3094, 28, 2, '2025-04-30 19:00:00', 3, '2025-04-09 02:26:19', 3, '2025-04-09 02:26:19', 1, 5),
(3095, 28, 2, '2025-04-30 20:00:00', 3, '2025-04-09 02:26:19', 3, '2025-04-09 02:26:19', 1, 5),
(3096, 28, 2, '2025-04-30 21:00:00', 3, '2025-04-09 02:26:19', 3, '2025-04-09 02:26:19', 1, 5),
(3097, 28, 2, '2025-04-30 22:00:00', 3, '2025-04-09 02:26:19', 3, '2025-04-09 02:26:19', 1, 5),
(3098, 28, 2, '2025-04-09 08:00:00', 3, '2025-04-09 02:28:20', 3, '2025-04-09 02:28:20', 1, 4),
(3099, 28, 2, '2025-04-09 09:00:00', 3, '2025-04-09 02:28:20', 3, '2025-04-09 02:28:20', 1, 4),
(3100, 28, 2, '2025-04-09 10:00:00', 3, '2025-04-09 02:28:20', 3, '2025-04-09 02:28:20', 1, 4),
(3101, 28, 2, '2025-04-09 11:00:00', 3, '2025-04-09 02:28:20', 3, '2025-04-09 02:28:20', 1, 4),
(3102, 28, 2, '2025-04-09 12:00:00', 3, '2025-04-09 02:28:20', 3, '2025-04-09 02:28:20', 1, 4),
(3103, 28, 2, '2025-04-09 13:00:00', 3, '2025-04-09 02:28:20', 3, '2025-04-09 02:28:20', 1, 4),
(3104, 28, 2, '2025-04-09 14:00:00', 3, '2025-04-09 02:28:20', 3, '2025-04-09 02:28:20', 1, 4),
(3105, 28, 2, '2025-04-09 15:00:00', 3, '2025-04-09 02:28:20', 3, '2025-04-09 02:28:20', 1, 4),
(3106, 28, 2, '2025-04-09 16:00:00', 3, '2025-04-09 02:28:20', 3, '2025-04-09 02:28:20', 1, 4),
(3107, 28, 2, '2025-04-09 17:00:00', 3, '2025-04-09 02:28:20', 3, '2025-04-09 02:28:20', 1, 4),
(3108, 28, 2, '2025-04-09 18:00:00', 3, '2025-04-09 02:28:20', 3, '2025-04-09 02:28:20', 1, 4),
(3109, 28, 2, '2025-04-09 19:00:00', 3, '2025-04-09 02:28:20', 3, '2025-04-09 02:28:20', 1, 4),
(3110, 28, 2, '2025-04-09 20:00:00', 3, '2025-04-09 02:28:20', 3, '2025-04-09 02:28:20', 1, 4),
(3111, 28, 2, '2025-04-09 21:00:00', 3, '2025-04-09 02:28:20', 3, '2025-04-09 02:28:20', 1, 4),
(3112, 28, 2, '2025-04-09 22:00:00', 3, '2025-04-09 02:28:20', 3, '2025-04-09 02:28:20', 1, 4),
(3113, 28, 2, '2025-04-10 08:00:00', 3, '2025-04-09 02:28:20', 3, '2025-04-09 02:28:20', 1, 4),
(3114, 28, 2, '2025-04-10 09:00:00', 3, '2025-04-09 02:28:20', 3, '2025-04-09 02:28:20', 1, 4),
(3115, 28, 2, '2025-04-10 10:00:00', 3, '2025-04-09 02:28:20', 3, '2025-04-09 02:28:20', 1, 4),
(3116, 28, 2, '2025-04-10 11:00:00', 3, '2025-04-09 02:28:20', 3, '2025-04-09 02:28:20', 1, 4),
(3117, 28, 2, '2025-04-10 12:00:00', 3, '2025-04-09 02:28:20', 3, '2025-04-09 02:28:20', 1, 4),
(3118, 28, 2, '2025-04-10 13:00:00', 3, '2025-04-09 02:28:20', 3, '2025-04-09 02:28:20', 1, 4),
(3119, 28, 2, '2025-04-10 14:00:00', 3, '2025-04-09 02:28:20', 3, '2025-04-09 02:28:20', 1, 4),
(3120, 28, 2, '2025-04-10 15:00:00', 3, '2025-04-09 02:28:20', 3, '2025-04-09 02:28:20', 1, 4),
(3121, 28, 2, '2025-04-10 16:00:00', 3, '2025-04-09 02:28:20', 3, '2025-04-09 02:28:20', 1, 4),
(3122, 28, 2, '2025-04-10 17:00:00', 3, '2025-04-09 02:28:20', 3, '2025-04-09 02:28:20', 1, 4),
(3123, 28, 2, '2025-04-10 18:00:00', 3, '2025-04-09 02:28:20', 3, '2025-04-09 02:28:20', 1, 4),
(3124, 28, 2, '2025-04-10 19:00:00', 3, '2025-04-09 02:28:20', 3, '2025-04-09 02:28:20', 1, 4),
(3125, 28, 2, '2025-04-10 20:00:00', 3, '2025-04-09 02:28:20', 3, '2025-04-09 02:28:20', 1, 4),
(3126, 28, 2, '2025-04-10 21:00:00', 3, '2025-04-09 02:28:20', 3, '2025-04-09 02:28:20', 1, 4),
(3127, 28, 2, '2025-04-10 22:00:00', 3, '2025-04-09 02:28:20', 3, '2025-04-09 02:28:20', 1, 4),
(3128, 28, 2, '2025-04-11 08:00:00', 3, '2025-04-09 02:28:20', 3, '2025-04-09 02:28:20', 1, 4),
(3129, 28, 2, '2025-04-11 09:00:00', 3, '2025-04-09 02:28:20', 3, '2025-04-09 02:28:20', 1, 4),
(3130, 28, 2, '2025-04-11 10:00:00', 3, '2025-04-09 02:28:20', 3, '2025-04-09 02:28:20', 1, 4),
(3131, 28, 2, '2025-04-11 11:00:00', 3, '2025-04-09 02:28:20', 3, '2025-04-09 02:28:20', 1, 4),
(3132, 28, 2, '2025-04-11 12:00:00', 3, '2025-04-09 02:28:20', 3, '2025-04-09 02:28:20', 1, 4),
(3133, 28, 2, '2025-04-11 13:00:00', 3, '2025-04-09 02:28:20', 3, '2025-04-09 02:28:20', 1, 4),
(3134, 28, 2, '2025-04-11 14:00:00', 3, '2025-04-09 02:28:20', 3, '2025-04-09 02:28:20', 1, 4),
(3135, 28, 2, '2025-04-11 15:00:00', 3, '2025-04-09 02:28:20', 3, '2025-04-09 02:28:20', 1, 4),
(3136, 28, 2, '2025-04-11 16:00:00', 3, '2025-04-09 02:28:20', 3, '2025-04-09 02:28:20', 1, 4),
(3137, 28, 2, '2025-04-11 17:00:00', 3, '2025-04-09 02:28:20', 3, '2025-04-09 02:28:20', 1, 4),
(3138, 28, 2, '2025-04-11 18:00:00', 3, '2025-04-09 02:28:20', 3, '2025-04-09 02:28:20', 1, 4),
(3139, 28, 2, '2025-04-11 19:00:00', 3, '2025-04-09 02:28:20', 3, '2025-04-09 02:28:20', 1, 4),
(3140, 28, 2, '2025-04-11 20:00:00', 3, '2025-04-09 02:28:20', 3, '2025-04-09 02:28:20', 1, 4),
(3141, 28, 2, '2025-04-11 21:00:00', 3, '2025-04-09 02:28:20', 3, '2025-04-09 02:28:20', 1, 4),
(3142, 28, 2, '2025-04-11 22:00:00', 3, '2025-04-09 02:28:20', 3, '2025-04-09 02:28:20', 1, 4),
(3143, 28, 2, '2025-04-12 08:00:00', 3, '2025-04-09 02:28:20', 3, '2025-04-09 02:28:20', 1, 4),
(3144, 28, 2, '2025-04-12 09:00:00', 3, '2025-04-09 02:28:20', 3, '2025-04-09 02:28:20', 1, 4),
(3145, 28, 2, '2025-04-12 10:00:00', 3, '2025-04-09 02:28:20', 3, '2025-04-09 02:28:20', 1, 4),
(3146, 28, 2, '2025-04-12 11:00:00', 3, '2025-04-09 02:28:20', 3, '2025-04-09 02:28:20', 1, 4),
(3147, 28, 2, '2025-04-12 12:00:00', 3, '2025-04-09 02:28:20', 3, '2025-04-09 02:28:20', 1, 4),
(3148, 28, 2, '2025-04-12 13:00:00', 3, '2025-04-09 02:28:20', 3, '2025-04-09 02:28:20', 1, 4),
(3149, 28, 2, '2025-04-12 14:00:00', 3, '2025-04-09 02:28:20', 3, '2025-04-09 02:28:20', 1, 4),
(3150, 28, 2, '2025-04-12 15:00:00', 3, '2025-04-09 02:28:20', 3, '2025-04-09 02:28:20', 1, 4),
(3151, 28, 2, '2025-04-12 16:00:00', 3, '2025-04-09 02:28:20', 3, '2025-04-09 02:28:20', 1, 4),
(3152, 28, 2, '2025-04-12 17:00:00', 3, '2025-04-09 02:28:20', 3, '2025-04-09 02:28:20', 1, 4),
(3153, 28, 2, '2025-04-12 18:00:00', 3, '2025-04-09 02:28:20', 3, '2025-04-09 02:28:20', 1, 4),
(3154, 28, 2, '2025-04-12 19:00:00', 3, '2025-04-09 02:28:20', 3, '2025-04-09 02:28:20', 1, 4),
(3155, 28, 2, '2025-04-12 20:00:00', 3, '2025-04-09 02:28:20', 3, '2025-04-09 02:28:20', 1, 4),
(3156, 28, 2, '2025-04-12 21:00:00', 3, '2025-04-09 02:28:20', 3, '2025-04-09 02:28:20', 1, 4),
(3157, 28, 2, '2025-04-12 22:00:00', 3, '2025-04-09 02:28:20', 3, '2025-04-09 02:28:20', 1, 4),
(3158, 28, 2, '2025-04-13 08:00:00', 3, '2025-04-09 02:28:20', 3, '2025-04-09 02:28:20', 1, 4),
(3159, 28, 2, '2025-04-13 09:00:00', 3, '2025-04-09 02:28:20', 3, '2025-04-09 02:28:20', 1, 4),
(3160, 28, 2, '2025-04-13 10:00:00', 3, '2025-04-09 02:28:20', 3, '2025-04-09 02:28:20', 1, 4),
(3161, 28, 2, '2025-04-13 11:00:00', 3, '2025-04-09 02:28:20', 3, '2025-04-09 02:28:20', 1, 4),
(3162, 28, 2, '2025-04-13 12:00:00', 3, '2025-04-09 02:28:20', 3, '2025-04-09 02:28:20', 1, 4),
(3163, 28, 2, '2025-04-13 13:00:00', 3, '2025-04-09 02:28:20', 3, '2025-04-09 02:28:20', 1, 4),
(3164, 28, 2, '2025-04-13 14:00:00', 3, '2025-04-09 02:28:20', 3, '2025-04-09 02:28:20', 1, 4),
(3165, 28, 2, '2025-04-13 15:00:00', 3, '2025-04-09 02:28:20', 3, '2025-04-09 02:28:20', 1, 4),
(3166, 28, 2, '2025-04-13 16:00:00', 3, '2025-04-09 02:28:20', 3, '2025-04-09 02:28:20', 1, 4),
(3167, 28, 2, '2025-04-13 17:00:00', 3, '2025-04-09 02:28:20', 3, '2025-04-09 02:28:20', 1, 4),
(3168, 28, 2, '2025-04-13 18:00:00', 3, '2025-04-09 02:28:20', 3, '2025-04-09 02:28:20', 1, 4),
(3169, 28, 2, '2025-04-13 19:00:00', 3, '2025-04-09 02:28:20', 3, '2025-04-09 02:28:20', 1, 4),
(3170, 28, 2, '2025-04-13 20:00:00', 3, '2025-04-09 02:28:20', 3, '2025-04-09 02:28:20', 1, 4),
(3171, 28, 2, '2025-04-13 21:00:00', 3, '2025-04-09 02:28:20', 3, '2025-04-09 02:28:20', 1, 4),
(3172, 28, 2, '2025-04-13 22:00:00', 3, '2025-04-09 02:28:20', 3, '2025-04-09 02:28:20', 1, 4),
(3173, 28, 2, '2025-04-14 08:00:00', 3, '2025-04-09 02:28:20', 3, '2025-04-09 02:28:20', 1, 4),
(3174, 28, 2, '2025-04-14 09:00:00', 3, '2025-04-09 02:28:20', 3, '2025-04-09 02:28:20', 1, 4),
(3175, 28, 2, '2025-04-14 10:00:00', 3, '2025-04-09 02:28:20', 3, '2025-04-09 02:28:20', 1, 4),
(3176, 28, 2, '2025-04-14 11:00:00', 3, '2025-04-09 02:28:20', 3, '2025-04-09 02:28:20', 1, 4),
(3177, 28, 2, '2025-04-14 12:00:00', 3, '2025-04-09 02:28:20', 3, '2025-04-09 02:28:20', 1, 4),
(3178, 28, 2, '2025-04-14 13:00:00', 3, '2025-04-09 02:28:20', 3, '2025-04-09 02:28:20', 1, 4),
(3179, 28, 2, '2025-04-14 14:00:00', 3, '2025-04-09 02:28:20', 3, '2025-04-09 02:28:20', 1, 4),
(3180, 28, 2, '2025-04-14 15:00:00', 3, '2025-04-09 02:28:20', 3, '2025-04-09 02:28:20', 1, 4),
(3181, 28, 2, '2025-04-14 16:00:00', 3, '2025-04-09 02:28:20', 3, '2025-04-09 02:28:20', 1, 4),
(3182, 28, 2, '2025-04-14 17:00:00', 3, '2025-04-09 02:28:20', 3, '2025-04-09 02:28:20', 1, 4),
(3183, 28, 2, '2025-04-14 18:00:00', 3, '2025-04-09 02:28:20', 3, '2025-04-09 02:28:20', 1, 4),
(3184, 28, 2, '2025-04-14 19:00:00', 3, '2025-04-09 02:28:20', 3, '2025-04-09 02:28:20', 1, 4),
(3185, 28, 2, '2025-04-14 20:00:00', 3, '2025-04-09 02:28:20', 3, '2025-04-09 02:28:20', 1, 4),
(3186, 28, 2, '2025-04-14 21:00:00', 3, '2025-04-09 02:28:20', 3, '2025-04-09 02:28:20', 1, 4),
(3187, 28, 2, '2025-04-14 22:00:00', 3, '2025-04-09 02:28:20', 3, '2025-04-09 02:28:20', 1, 4),
(3188, 28, 2, '2025-04-15 08:00:00', 3, '2025-04-09 02:28:20', 3, '2025-04-09 02:28:20', 1, 4),
(3189, 28, 2, '2025-04-15 09:00:00', 3, '2025-04-09 02:28:20', 3, '2025-04-09 02:28:20', 1, 4),
(3190, 28, 2, '2025-04-15 10:00:00', 3, '2025-04-09 02:28:20', 3, '2025-04-09 02:28:20', 1, 4),
(3191, 28, 2, '2025-04-15 11:00:00', 3, '2025-04-09 02:28:20', 3, '2025-04-09 02:28:20', 1, 4),
(3192, 28, 2, '2025-04-15 12:00:00', 3, '2025-04-09 02:28:20', 3, '2025-04-09 02:28:20', 1, 4),
(3193, 28, 2, '2025-04-15 13:00:00', 3, '2025-04-09 02:28:20', 3, '2025-04-09 02:28:20', 1, 4),
(3194, 28, 2, '2025-04-15 14:00:00', 3, '2025-04-09 02:28:20', 3, '2025-04-09 02:28:20', 1, 4),
(3195, 28, 2, '2025-04-15 15:00:00', 3, '2025-04-09 02:28:20', 3, '2025-04-09 02:28:20', 1, 4),
(3196, 28, 2, '2025-04-15 16:00:00', 3, '2025-04-09 02:28:20', 3, '2025-04-09 02:28:20', 1, 4),
(3197, 28, 2, '2025-04-15 17:00:00', 3, '2025-04-09 02:28:20', 3, '2025-04-09 02:28:20', 1, 4),
(3198, 28, 2, '2025-04-15 18:00:00', 3, '2025-04-09 02:28:20', 3, '2025-04-09 02:28:20', 1, 4),
(3199, 28, 2, '2025-04-15 19:00:00', 3, '2025-04-09 02:28:20', 3, '2025-04-09 02:28:20', 1, 4),
(3200, 28, 2, '2025-04-15 20:00:00', 3, '2025-04-09 02:28:20', 3, '2025-04-09 02:28:20', 1, 4),
(3201, 28, 2, '2025-04-15 21:00:00', 3, '2025-04-09 02:28:20', 3, '2025-04-09 02:28:20', 1, 4),
(3202, 28, 2, '2025-04-15 22:00:00', 3, '2025-04-09 02:28:20', 3, '2025-04-09 02:28:20', 1, 4),
(3203, 28, 2, '2025-04-16 08:00:00', 3, '2025-04-09 02:28:20', 3, '2025-04-09 02:28:20', 1, 4),
(3204, 28, 2, '2025-04-16 09:00:00', 3, '2025-04-09 02:28:20', 3, '2025-04-09 02:28:20', 1, 4),
(3205, 28, 2, '2025-04-16 10:00:00', 3, '2025-04-09 02:28:20', 3, '2025-04-09 02:28:20', 1, 4),
(3206, 28, 2, '2025-04-16 11:00:00', 3, '2025-04-09 02:28:20', 3, '2025-04-09 02:28:20', 1, 4),
(3207, 28, 2, '2025-04-16 12:00:00', 3, '2025-04-09 02:28:20', 3, '2025-04-09 02:28:20', 1, 4),
(3208, 28, 2, '2025-04-16 13:00:00', 3, '2025-04-09 02:28:20', 3, '2025-04-09 02:28:20', 1, 4),
(3209, 28, 2, '2025-04-16 14:00:00', 3, '2025-04-09 02:28:20', 3, '2025-04-09 02:28:20', 1, 4),
(3210, 28, 2, '2025-04-16 15:00:00', 3, '2025-04-09 02:28:20', 3, '2025-04-09 02:28:20', 1, 4),
(3211, 28, 2, '2025-04-16 16:00:00', 3, '2025-04-09 02:28:20', 3, '2025-04-09 02:28:20', 1, 4);
INSERT INTO `suatchieu` (`MaSuatChieu`, `MaPhim`, `MaPhong`, `GioChieu`, `NguoiTao`, `NgayTao`, `NguoiCapNhat`, `NgayCapNhat`, `TrangThai`, `MaRap`) VALUES
(3212, 28, 2, '2025-04-16 17:00:00', 3, '2025-04-09 02:28:20', 3, '2025-04-09 02:28:20', 1, 4),
(3213, 28, 2, '2025-04-16 18:00:00', 3, '2025-04-09 02:28:20', 3, '2025-04-09 02:28:20', 1, 4),
(3214, 28, 2, '2025-04-16 19:00:00', 3, '2025-04-09 02:28:20', 3, '2025-04-09 02:28:20', 1, 4),
(3215, 28, 2, '2025-04-16 20:00:00', 3, '2025-04-09 02:28:20', 3, '2025-04-09 02:28:20', 1, 4),
(3216, 28, 2, '2025-04-16 21:00:00', 3, '2025-04-09 02:28:20', 3, '2025-04-09 02:28:20', 1, 4),
(3217, 28, 2, '2025-04-16 22:00:00', 3, '2025-04-09 02:28:20', 3, '2025-04-09 02:28:20', 1, 4),
(3218, 28, 2, '2025-04-17 08:00:00', 3, '2025-04-09 02:28:20', 3, '2025-04-09 02:28:20', 1, 4),
(3219, 28, 2, '2025-04-17 09:00:00', 3, '2025-04-09 02:28:20', 3, '2025-04-09 02:28:20', 1, 4),
(3220, 28, 2, '2025-04-17 10:00:00', 3, '2025-04-09 02:28:20', 3, '2025-04-09 02:28:20', 1, 4),
(3221, 28, 2, '2025-04-17 11:00:00', 3, '2025-04-09 02:28:20', 3, '2025-04-09 02:28:20', 1, 4),
(3222, 28, 2, '2025-04-17 12:00:00', 3, '2025-04-09 02:28:20', 3, '2025-04-09 02:28:20', 1, 4),
(3223, 28, 2, '2025-04-17 13:00:00', 3, '2025-04-09 02:28:20', 3, '2025-04-09 02:28:20', 1, 4),
(3224, 28, 2, '2025-04-17 14:00:00', 3, '2025-04-09 02:28:20', 3, '2025-04-09 02:28:20', 1, 4),
(3225, 28, 2, '2025-04-17 15:00:00', 3, '2025-04-09 02:28:20', 3, '2025-04-09 02:28:20', 1, 4),
(3226, 28, 2, '2025-04-17 16:00:00', 3, '2025-04-09 02:28:20', 3, '2025-04-09 02:28:20', 1, 4),
(3227, 28, 2, '2025-04-17 17:00:00', 3, '2025-04-09 02:28:20', 3, '2025-04-09 02:28:20', 1, 4),
(3228, 28, 2, '2025-04-17 18:00:00', 3, '2025-04-09 02:28:20', 3, '2025-04-09 02:28:20', 1, 4),
(3229, 28, 2, '2025-04-17 19:00:00', 3, '2025-04-09 02:28:20', 3, '2025-04-09 02:28:20', 1, 4),
(3230, 28, 2, '2025-04-17 20:00:00', 3, '2025-04-09 02:28:20', 3, '2025-04-09 02:28:20', 1, 4),
(3231, 28, 2, '2025-04-17 21:00:00', 3, '2025-04-09 02:28:20', 3, '2025-04-09 02:28:20', 1, 4),
(3232, 28, 2, '2025-04-17 22:00:00', 3, '2025-04-09 02:28:20', 3, '2025-04-09 02:28:20', 1, 4),
(3233, 28, 2, '2025-04-18 08:00:00', 3, '2025-04-09 02:28:20', 3, '2025-04-09 02:28:20', 1, 4),
(3234, 28, 2, '2025-04-18 09:00:00', 3, '2025-04-09 02:28:20', 3, '2025-04-09 02:28:20', 1, 4),
(3235, 28, 2, '2025-04-18 10:00:00', 3, '2025-04-09 02:28:20', 3, '2025-04-09 02:28:20', 1, 4),
(3236, 28, 2, '2025-04-18 11:00:00', 3, '2025-04-09 02:28:20', 3, '2025-04-09 02:28:20', 1, 4),
(3237, 28, 2, '2025-04-18 12:00:00', 3, '2025-04-09 02:28:20', 3, '2025-04-09 02:28:20', 1, 4),
(3238, 28, 2, '2025-04-18 13:00:00', 3, '2025-04-09 02:28:20', 3, '2025-04-09 02:28:20', 1, 4),
(3239, 28, 2, '2025-04-18 14:00:00', 3, '2025-04-09 02:28:20', 3, '2025-04-09 02:28:20', 1, 4),
(3240, 28, 2, '2025-04-18 15:00:00', 3, '2025-04-09 02:28:20', 3, '2025-04-09 02:28:20', 1, 4),
(3241, 28, 2, '2025-04-18 16:00:00', 3, '2025-04-09 02:28:20', 3, '2025-04-09 02:28:20', 1, 4),
(3242, 28, 2, '2025-04-18 17:00:00', 3, '2025-04-09 02:28:20', 3, '2025-04-09 02:28:20', 1, 4),
(3243, 28, 2, '2025-04-18 18:00:00', 3, '2025-04-09 02:28:20', 3, '2025-04-09 02:28:20', 1, 4),
(3244, 28, 2, '2025-04-18 19:00:00', 3, '2025-04-09 02:28:20', 3, '2025-04-09 02:28:20', 1, 4),
(3245, 28, 2, '2025-04-18 20:00:00', 3, '2025-04-09 02:28:20', 3, '2025-04-09 02:28:20', 1, 4),
(3246, 28, 2, '2025-04-18 21:00:00', 3, '2025-04-09 02:28:20', 3, '2025-04-09 02:28:20', 1, 4),
(3247, 28, 2, '2025-04-18 22:00:00', 3, '2025-04-09 02:28:20', 3, '2025-04-09 02:28:20', 1, 4),
(3248, 28, 2, '2025-04-19 08:00:00', 3, '2025-04-09 02:28:20', 3, '2025-04-09 02:28:20', 1, 4),
(3249, 28, 2, '2025-04-19 09:00:00', 3, '2025-04-09 02:28:20', 3, '2025-04-09 02:28:20', 1, 4),
(3250, 28, 2, '2025-04-19 10:00:00', 3, '2025-04-09 02:28:20', 3, '2025-04-09 02:28:20', 1, 4),
(3251, 28, 2, '2025-04-19 11:00:00', 3, '2025-04-09 02:28:20', 3, '2025-04-09 02:28:20', 1, 4),
(3252, 28, 2, '2025-04-19 12:00:00', 3, '2025-04-09 02:28:20', 3, '2025-04-09 02:28:20', 1, 4),
(3253, 28, 2, '2025-04-19 13:00:00', 3, '2025-04-09 02:28:20', 3, '2025-04-09 02:28:20', 1, 4),
(3254, 28, 2, '2025-04-19 14:00:00', 3, '2025-04-09 02:28:20', 3, '2025-04-09 02:28:20', 1, 4),
(3255, 28, 2, '2025-04-19 15:00:00', 3, '2025-04-09 02:28:20', 3, '2025-04-09 02:28:20', 1, 4),
(3256, 28, 2, '2025-04-19 16:00:00', 3, '2025-04-09 02:28:20', 3, '2025-04-09 02:28:20', 1, 4),
(3257, 28, 2, '2025-04-19 17:00:00', 3, '2025-04-09 02:28:20', 3, '2025-04-09 02:28:20', 1, 4),
(3258, 28, 2, '2025-04-19 18:00:00', 3, '2025-04-09 02:28:20', 3, '2025-04-09 02:28:20', 1, 4),
(3259, 28, 2, '2025-04-19 19:00:00', 3, '2025-04-09 02:28:20', 3, '2025-04-09 02:28:20', 1, 4),
(3260, 28, 2, '2025-04-19 20:00:00', 3, '2025-04-09 02:28:20', 3, '2025-04-09 02:28:20', 1, 4),
(3261, 28, 2, '2025-04-19 21:00:00', 3, '2025-04-09 02:28:20', 3, '2025-04-09 02:28:20', 1, 4),
(3262, 28, 2, '2025-04-19 22:00:00', 3, '2025-04-09 02:28:20', 3, '2025-04-09 02:28:20', 1, 4),
(3263, 28, 2, '2025-04-20 08:00:00', 3, '2025-04-09 02:28:20', 3, '2025-04-09 02:28:20', 1, 4),
(3264, 28, 2, '2025-04-20 09:00:00', 3, '2025-04-09 02:28:20', 3, '2025-04-09 02:28:20', 1, 4),
(3265, 28, 2, '2025-04-20 10:00:00', 3, '2025-04-09 02:28:20', 3, '2025-04-09 02:28:20', 1, 4),
(3266, 28, 2, '2025-04-20 11:00:00', 3, '2025-04-09 02:28:20', 3, '2025-04-09 02:28:20', 1, 4),
(3267, 28, 2, '2025-04-20 12:00:00', 3, '2025-04-09 02:28:20', 3, '2025-04-09 02:28:20', 1, 4),
(3268, 28, 2, '2025-04-20 13:00:00', 3, '2025-04-09 02:28:20', 3, '2025-04-09 02:28:20', 1, 4),
(3269, 28, 2, '2025-04-20 14:00:00', 3, '2025-04-09 02:28:20', 3, '2025-04-09 02:28:20', 1, 4),
(3270, 28, 2, '2025-04-20 15:00:00', 3, '2025-04-09 02:28:20', 3, '2025-04-09 02:28:20', 1, 4),
(3271, 28, 2, '2025-04-20 16:00:00', 3, '2025-04-09 02:28:20', 3, '2025-04-09 02:28:20', 1, 4),
(3272, 28, 2, '2025-04-20 17:00:00', 3, '2025-04-09 02:28:20', 3, '2025-04-09 02:28:20', 1, 4),
(3273, 28, 2, '2025-04-20 18:00:00', 3, '2025-04-09 02:28:20', 3, '2025-04-09 02:28:20', 1, 4),
(3274, 28, 2, '2025-04-20 19:00:00', 3, '2025-04-09 02:28:20', 3, '2025-04-09 02:28:20', 1, 4),
(3275, 28, 2, '2025-04-20 20:00:00', 3, '2025-04-09 02:28:20', 3, '2025-04-09 02:28:20', 1, 4),
(3276, 28, 2, '2025-04-20 21:00:00', 3, '2025-04-09 02:28:20', 3, '2025-04-09 02:28:20', 1, 4),
(3277, 28, 2, '2025-04-20 22:00:00', 3, '2025-04-09 02:28:20', 3, '2025-04-09 02:28:20', 1, 4),
(3278, 28, 2, '2025-04-21 08:00:00', 3, '2025-04-09 02:28:20', 3, '2025-04-09 02:28:20', 1, 4),
(3279, 28, 2, '2025-04-21 09:00:00', 3, '2025-04-09 02:28:20', 3, '2025-04-09 02:28:20', 1, 4),
(3280, 28, 2, '2025-04-21 10:00:00', 3, '2025-04-09 02:28:20', 3, '2025-04-09 02:28:20', 1, 4),
(3281, 28, 2, '2025-04-21 11:00:00', 3, '2025-04-09 02:28:20', 3, '2025-04-09 02:28:20', 1, 4),
(3282, 28, 2, '2025-04-21 12:00:00', 3, '2025-04-09 02:28:20', 3, '2025-04-09 02:28:20', 1, 4),
(3283, 28, 2, '2025-04-21 13:00:00', 3, '2025-04-09 02:28:20', 3, '2025-04-09 02:28:20', 1, 4),
(3284, 28, 2, '2025-04-21 14:00:00', 3, '2025-04-09 02:28:20', 3, '2025-04-09 02:28:20', 1, 4),
(3285, 28, 2, '2025-04-21 15:00:00', 3, '2025-04-09 02:28:20', 3, '2025-04-09 02:28:20', 1, 4),
(3286, 28, 2, '2025-04-21 16:00:00', 3, '2025-04-09 02:28:20', 3, '2025-04-09 02:28:20', 1, 4),
(3287, 28, 2, '2025-04-21 17:00:00', 3, '2025-04-09 02:28:20', 3, '2025-04-09 02:28:20', 1, 4),
(3288, 28, 2, '2025-04-21 18:00:00', 3, '2025-04-09 02:28:20', 3, '2025-04-09 02:28:20', 1, 4),
(3289, 28, 2, '2025-04-21 19:00:00', 3, '2025-04-09 02:28:20', 3, '2025-04-09 02:28:20', 1, 4),
(3290, 28, 2, '2025-04-21 20:00:00', 3, '2025-04-09 02:28:20', 3, '2025-04-09 02:28:20', 1, 4),
(3291, 28, 2, '2025-04-21 21:00:00', 3, '2025-04-09 02:28:20', 3, '2025-04-09 02:28:20', 1, 4),
(3292, 28, 2, '2025-04-21 22:00:00', 3, '2025-04-09 02:28:20', 3, '2025-04-09 02:28:20', 1, 4),
(3293, 28, 2, '2025-04-22 08:00:00', 3, '2025-04-09 02:28:20', 3, '2025-04-09 02:28:20', 1, 4),
(3294, 28, 2, '2025-04-22 09:00:00', 3, '2025-04-09 02:28:20', 3, '2025-04-09 02:28:20', 1, 4),
(3295, 28, 2, '2025-04-22 10:00:00', 3, '2025-04-09 02:28:20', 3, '2025-04-09 02:28:20', 1, 4),
(3296, 28, 2, '2025-04-22 11:00:00', 3, '2025-04-09 02:28:20', 3, '2025-04-09 02:28:20', 1, 4),
(3297, 28, 2, '2025-04-22 12:00:00', 3, '2025-04-09 02:28:20', 3, '2025-04-09 02:28:20', 1, 4),
(3298, 28, 2, '2025-04-22 13:00:00', 3, '2025-04-09 02:28:20', 3, '2025-04-09 02:28:20', 1, 4),
(3299, 28, 2, '2025-04-22 14:00:00', 3, '2025-04-09 02:28:20', 3, '2025-04-09 02:28:20', 1, 4),
(3300, 28, 2, '2025-04-22 15:00:00', 3, '2025-04-09 02:28:20', 3, '2025-04-09 02:28:20', 1, 4),
(3301, 28, 2, '2025-04-22 16:00:00', 3, '2025-04-09 02:28:20', 3, '2025-04-09 02:28:20', 1, 4),
(3302, 28, 2, '2025-04-22 17:00:00', 3, '2025-04-09 02:28:20', 3, '2025-04-09 02:28:20', 1, 4),
(3303, 28, 2, '2025-04-22 18:00:00', 3, '2025-04-09 02:28:20', 3, '2025-04-09 02:28:20', 1, 4),
(3304, 28, 2, '2025-04-22 19:00:00', 3, '2025-04-09 02:28:20', 3, '2025-04-09 02:28:20', 1, 4),
(3305, 28, 2, '2025-04-22 20:00:00', 3, '2025-04-09 02:28:20', 3, '2025-04-09 02:28:20', 1, 4),
(3306, 28, 2, '2025-04-22 21:00:00', 3, '2025-04-09 02:28:20', 3, '2025-04-09 02:28:20', 1, 4),
(3307, 28, 2, '2025-04-22 22:00:00', 3, '2025-04-09 02:28:20', 3, '2025-04-09 02:28:20', 1, 4),
(3308, 28, 2, '2025-04-23 08:00:00', 3, '2025-04-09 02:28:20', 3, '2025-04-09 02:28:20', 1, 4),
(3309, 28, 2, '2025-04-23 09:00:00', 3, '2025-04-09 02:28:20', 3, '2025-04-09 02:28:20', 1, 4),
(3310, 28, 2, '2025-04-23 10:00:00', 3, '2025-04-09 02:28:20', 3, '2025-04-09 02:28:20', 1, 4),
(3311, 28, 2, '2025-04-23 11:00:00', 3, '2025-04-09 02:28:20', 3, '2025-04-09 02:28:20', 1, 4),
(3312, 28, 2, '2025-04-23 12:00:00', 3, '2025-04-09 02:28:20', 3, '2025-04-09 02:28:20', 1, 4),
(3313, 28, 2, '2025-04-23 13:00:00', 3, '2025-04-09 02:28:20', 3, '2025-04-09 02:28:20', 1, 4),
(3314, 28, 2, '2025-04-23 14:00:00', 3, '2025-04-09 02:28:20', 3, '2025-04-09 02:28:20', 1, 4),
(3315, 28, 2, '2025-04-23 15:00:00', 3, '2025-04-09 02:28:20', 3, '2025-04-09 02:28:20', 1, 4),
(3316, 28, 2, '2025-04-23 16:00:00', 3, '2025-04-09 02:28:20', 3, '2025-04-09 02:28:20', 1, 4),
(3317, 28, 2, '2025-04-23 17:00:00', 3, '2025-04-09 02:28:20', 3, '2025-04-09 02:28:20', 1, 4),
(3318, 28, 2, '2025-04-23 18:00:00', 3, '2025-04-09 02:28:20', 3, '2025-04-09 02:28:20', 1, 4),
(3319, 28, 2, '2025-04-23 19:00:00', 3, '2025-04-09 02:28:20', 3, '2025-04-09 02:28:20', 1, 4),
(3320, 28, 2, '2025-04-23 20:00:00', 3, '2025-04-09 02:28:20', 3, '2025-04-09 02:28:20', 1, 4),
(3321, 28, 2, '2025-04-23 21:00:00', 3, '2025-04-09 02:28:20', 3, '2025-04-09 02:28:20', 1, 4),
(3322, 28, 2, '2025-04-23 22:00:00', 3, '2025-04-09 02:28:20', 3, '2025-04-09 02:28:20', 1, 4),
(3323, 28, 2, '2025-04-24 08:00:00', 3, '2025-04-09 02:28:20', 3, '2025-04-09 02:28:20', 1, 4),
(3324, 28, 2, '2025-04-24 09:00:00', 3, '2025-04-09 02:28:20', 3, '2025-04-09 02:28:20', 1, 4),
(3325, 28, 2, '2025-04-24 10:00:00', 3, '2025-04-09 02:28:20', 3, '2025-04-09 02:28:20', 1, 4),
(3326, 28, 2, '2025-04-24 11:00:00', 3, '2025-04-09 02:28:20', 3, '2025-04-09 02:28:20', 1, 4),
(3327, 28, 2, '2025-04-24 12:00:00', 3, '2025-04-09 02:28:20', 3, '2025-04-09 02:28:20', 1, 4),
(3328, 28, 2, '2025-04-24 13:00:00', 3, '2025-04-09 02:28:20', 3, '2025-04-09 02:28:20', 1, 4),
(3329, 28, 2, '2025-04-24 14:00:00', 3, '2025-04-09 02:28:20', 3, '2025-04-09 02:28:20', 1, 4),
(3330, 28, 2, '2025-04-24 15:00:00', 3, '2025-04-09 02:28:20', 3, '2025-04-09 02:28:20', 1, 4),
(3331, 28, 2, '2025-04-24 16:00:00', 3, '2025-04-09 02:28:20', 3, '2025-04-09 02:28:20', 1, 4),
(3332, 28, 2, '2025-04-24 17:00:00', 3, '2025-04-09 02:28:20', 3, '2025-04-09 02:28:20', 1, 4),
(3333, 28, 2, '2025-04-24 18:00:00', 3, '2025-04-09 02:28:20', 3, '2025-04-09 02:28:20', 1, 4),
(3334, 28, 2, '2025-04-24 19:00:00', 3, '2025-04-09 02:28:20', 3, '2025-04-09 02:28:20', 1, 4),
(3335, 28, 2, '2025-04-24 20:00:00', 3, '2025-04-09 02:28:20', 3, '2025-04-09 02:28:20', 1, 4),
(3336, 28, 2, '2025-04-24 21:00:00', 3, '2025-04-09 02:28:20', 3, '2025-04-09 02:28:20', 1, 4),
(3337, 28, 2, '2025-04-24 22:00:00', 3, '2025-04-09 02:28:20', 3, '2025-04-09 02:28:20', 1, 4),
(3338, 28, 2, '2025-04-25 08:00:00', 3, '2025-04-09 02:28:20', 3, '2025-04-09 02:28:20', 1, 4),
(3339, 28, 2, '2025-04-25 09:00:00', 3, '2025-04-09 02:28:20', 3, '2025-04-09 02:28:20', 1, 4),
(3340, 28, 2, '2025-04-25 10:00:00', 3, '2025-04-09 02:28:20', 3, '2025-04-09 02:28:20', 1, 4),
(3341, 28, 2, '2025-04-25 11:00:00', 3, '2025-04-09 02:28:20', 3, '2025-04-09 02:28:20', 1, 4),
(3342, 28, 2, '2025-04-25 12:00:00', 3, '2025-04-09 02:28:20', 3, '2025-04-09 02:28:20', 1, 4),
(3343, 28, 2, '2025-04-25 13:00:00', 3, '2025-04-09 02:28:20', 3, '2025-04-09 02:28:20', 1, 4),
(3344, 28, 2, '2025-04-25 14:00:00', 3, '2025-04-09 02:28:20', 3, '2025-04-09 02:28:20', 1, 4),
(3345, 28, 2, '2025-04-25 15:00:00', 3, '2025-04-09 02:28:20', 3, '2025-04-09 02:28:20', 1, 4),
(3346, 28, 2, '2025-04-25 16:00:00', 3, '2025-04-09 02:28:20', 3, '2025-04-09 02:28:20', 1, 4),
(3347, 28, 2, '2025-04-25 17:00:00', 3, '2025-04-09 02:28:20', 3, '2025-04-09 02:28:20', 1, 4),
(3348, 28, 2, '2025-04-25 18:00:00', 3, '2025-04-09 02:28:20', 3, '2025-04-09 02:28:20', 1, 4),
(3349, 28, 2, '2025-04-25 19:00:00', 3, '2025-04-09 02:28:20', 3, '2025-04-09 02:28:20', 1, 4),
(3350, 28, 2, '2025-04-25 20:00:00', 3, '2025-04-09 02:28:20', 3, '2025-04-09 02:28:20', 1, 4),
(3351, 28, 2, '2025-04-25 21:00:00', 3, '2025-04-09 02:28:20', 3, '2025-04-09 02:28:20', 1, 4),
(3352, 28, 2, '2025-04-25 22:00:00', 3, '2025-04-09 02:28:20', 3, '2025-04-09 02:28:20', 1, 4),
(3353, 28, 2, '2025-04-26 08:00:00', 3, '2025-04-09 02:28:20', 3, '2025-04-09 02:28:20', 1, 4),
(3354, 28, 2, '2025-04-26 09:00:00', 3, '2025-04-09 02:28:20', 3, '2025-04-09 02:28:20', 1, 4),
(3355, 28, 2, '2025-04-26 10:00:00', 3, '2025-04-09 02:28:20', 3, '2025-04-09 02:28:20', 1, 4),
(3356, 28, 2, '2025-04-26 11:00:00', 3, '2025-04-09 02:28:20', 3, '2025-04-09 02:28:20', 1, 4),
(3357, 28, 2, '2025-04-26 12:00:00', 3, '2025-04-09 02:28:20', 3, '2025-04-09 02:28:20', 1, 4),
(3358, 28, 2, '2025-04-26 13:00:00', 3, '2025-04-09 02:28:20', 3, '2025-04-09 02:28:20', 1, 4),
(3359, 28, 2, '2025-04-26 14:00:00', 3, '2025-04-09 02:28:20', 3, '2025-04-09 02:28:20', 1, 4),
(3360, 28, 2, '2025-04-26 15:00:00', 3, '2025-04-09 02:28:20', 3, '2025-04-09 02:28:20', 1, 4),
(3361, 28, 2, '2025-04-26 16:00:00', 3, '2025-04-09 02:28:20', 3, '2025-04-09 02:28:20', 1, 4),
(3362, 28, 2, '2025-04-26 17:00:00', 3, '2025-04-09 02:28:20', 3, '2025-04-09 02:28:20', 1, 4),
(3363, 28, 2, '2025-04-26 18:00:00', 3, '2025-04-09 02:28:20', 3, '2025-04-09 02:28:20', 1, 4),
(3364, 28, 2, '2025-04-26 19:00:00', 3, '2025-04-09 02:28:20', 3, '2025-04-09 02:28:20', 1, 4),
(3365, 28, 2, '2025-04-26 20:00:00', 3, '2025-04-09 02:28:20', 3, '2025-04-09 02:28:20', 1, 4),
(3366, 28, 2, '2025-04-26 21:00:00', 3, '2025-04-09 02:28:20', 3, '2025-04-09 02:28:20', 1, 4),
(3367, 28, 2, '2025-04-26 22:00:00', 3, '2025-04-09 02:28:20', 3, '2025-04-09 02:28:20', 1, 4),
(3368, 28, 2, '2025-04-27 08:00:00', 3, '2025-04-09 02:28:20', 3, '2025-04-09 02:28:20', 1, 4),
(3369, 28, 2, '2025-04-27 09:00:00', 3, '2025-04-09 02:28:20', 3, '2025-04-09 02:28:20', 1, 4),
(3370, 28, 2, '2025-04-27 10:00:00', 3, '2025-04-09 02:28:20', 3, '2025-04-09 02:28:20', 1, 4),
(3371, 28, 2, '2025-04-27 11:00:00', 3, '2025-04-09 02:28:20', 3, '2025-04-09 02:28:20', 1, 4),
(3372, 28, 2, '2025-04-27 12:00:00', 3, '2025-04-09 02:28:20', 3, '2025-04-09 02:28:20', 1, 4),
(3373, 28, 2, '2025-04-27 13:00:00', 3, '2025-04-09 02:28:20', 3, '2025-04-09 02:28:20', 1, 4),
(3374, 28, 2, '2025-04-27 14:00:00', 3, '2025-04-09 02:28:20', 3, '2025-04-09 02:28:20', 1, 4),
(3375, 28, 2, '2025-04-27 15:00:00', 3, '2025-04-09 02:28:20', 3, '2025-04-09 02:28:20', 1, 4),
(3376, 28, 2, '2025-04-27 16:00:00', 3, '2025-04-09 02:28:20', 3, '2025-04-09 02:28:20', 1, 4),
(3377, 28, 2, '2025-04-27 17:00:00', 3, '2025-04-09 02:28:20', 3, '2025-04-09 02:28:20', 1, 4),
(3378, 28, 2, '2025-04-27 18:00:00', 3, '2025-04-09 02:28:20', 3, '2025-04-09 02:28:20', 1, 4),
(3379, 28, 2, '2025-04-27 19:00:00', 3, '2025-04-09 02:28:20', 3, '2025-04-09 02:28:20', 1, 4),
(3380, 28, 2, '2025-04-27 20:00:00', 3, '2025-04-09 02:28:20', 3, '2025-04-09 02:28:20', 1, 4),
(3381, 28, 2, '2025-04-27 21:00:00', 3, '2025-04-09 02:28:20', 3, '2025-04-09 02:28:20', 1, 4),
(3382, 28, 2, '2025-04-27 22:00:00', 3, '2025-04-09 02:28:20', 3, '2025-04-09 02:28:20', 1, 4),
(3383, 28, 2, '2025-04-28 08:00:00', 3, '2025-04-09 02:28:20', 3, '2025-04-09 02:28:20', 1, 4),
(3384, 28, 2, '2025-04-28 09:00:00', 3, '2025-04-09 02:28:20', 3, '2025-04-09 02:28:20', 1, 4),
(3385, 28, 2, '2025-04-28 10:00:00', 3, '2025-04-09 02:28:20', 3, '2025-04-09 02:28:20', 1, 4),
(3386, 28, 2, '2025-04-28 11:00:00', 3, '2025-04-09 02:28:20', 3, '2025-04-09 02:28:20', 1, 4),
(3387, 28, 2, '2025-04-28 12:00:00', 3, '2025-04-09 02:28:20', 3, '2025-04-09 02:28:20', 1, 4),
(3388, 28, 2, '2025-04-28 13:00:00', 3, '2025-04-09 02:28:20', 3, '2025-04-09 02:28:20', 1, 4),
(3389, 28, 2, '2025-04-28 14:00:00', 3, '2025-04-09 02:28:20', 3, '2025-04-09 02:28:20', 1, 4),
(3390, 28, 2, '2025-04-28 15:00:00', 3, '2025-04-09 02:28:20', 3, '2025-04-09 02:28:20', 1, 4),
(3391, 28, 2, '2025-04-28 16:00:00', 3, '2025-04-09 02:28:20', 3, '2025-04-09 02:28:20', 1, 4),
(3392, 28, 2, '2025-04-28 17:00:00', 3, '2025-04-09 02:28:20', 3, '2025-04-09 02:28:20', 1, 4),
(3393, 28, 2, '2025-04-28 18:00:00', 3, '2025-04-09 02:28:20', 3, '2025-04-09 02:28:20', 1, 4),
(3394, 28, 2, '2025-04-28 19:00:00', 3, '2025-04-09 02:28:20', 3, '2025-04-09 02:28:20', 1, 4),
(3395, 28, 2, '2025-04-28 20:00:00', 3, '2025-04-09 02:28:20', 3, '2025-04-09 02:28:20', 1, 4),
(3396, 28, 2, '2025-04-28 21:00:00', 3, '2025-04-09 02:28:20', 3, '2025-04-09 02:28:20', 1, 4),
(3397, 28, 2, '2025-04-28 22:00:00', 3, '2025-04-09 02:28:20', 3, '2025-04-09 02:28:20', 1, 4),
(3398, 28, 2, '2025-04-29 08:00:00', 3, '2025-04-09 02:28:20', 3, '2025-04-09 02:28:20', 1, 4),
(3399, 28, 2, '2025-04-29 09:00:00', 3, '2025-04-09 02:28:20', 3, '2025-04-09 02:28:20', 1, 4),
(3400, 28, 2, '2025-04-29 10:00:00', 3, '2025-04-09 02:28:20', 3, '2025-04-09 02:28:20', 1, 4),
(3401, 28, 2, '2025-04-29 11:00:00', 3, '2025-04-09 02:28:20', 3, '2025-04-09 02:28:20', 1, 4),
(3402, 28, 2, '2025-04-29 12:00:00', 3, '2025-04-09 02:28:20', 3, '2025-04-09 02:28:20', 1, 4),
(3403, 28, 2, '2025-04-29 13:00:00', 3, '2025-04-09 02:28:20', 3, '2025-04-09 02:28:20', 1, 4),
(3404, 28, 2, '2025-04-29 14:00:00', 3, '2025-04-09 02:28:20', 3, '2025-04-09 02:28:20', 1, 4),
(3405, 28, 2, '2025-04-29 15:00:00', 3, '2025-04-09 02:28:20', 3, '2025-04-09 02:28:20', 1, 4),
(3406, 28, 2, '2025-04-29 16:00:00', 3, '2025-04-09 02:28:20', 3, '2025-04-09 02:28:20', 1, 4),
(3407, 28, 2, '2025-04-29 17:00:00', 3, '2025-04-09 02:28:20', 3, '2025-04-09 02:28:20', 1, 4),
(3408, 28, 2, '2025-04-29 18:00:00', 3, '2025-04-09 02:28:20', 3, '2025-04-09 02:28:20', 1, 4),
(3409, 28, 2, '2025-04-29 19:00:00', 3, '2025-04-09 02:28:20', 3, '2025-04-09 02:28:20', 1, 4),
(3410, 28, 2, '2025-04-29 20:00:00', 3, '2025-04-09 02:28:20', 3, '2025-04-09 02:28:20', 1, 4),
(3411, 28, 2, '2025-04-29 21:00:00', 3, '2025-04-09 02:28:20', 3, '2025-04-09 02:28:20', 1, 4),
(3412, 28, 2, '2025-04-29 22:00:00', 3, '2025-04-09 02:28:20', 3, '2025-04-09 02:28:20', 1, 4),
(3413, 28, 2, '2025-04-30 08:00:00', 3, '2025-04-09 02:28:20', 3, '2025-04-09 02:28:20', 1, 4),
(3414, 28, 2, '2025-04-30 09:00:00', 3, '2025-04-09 02:28:20', 3, '2025-04-09 02:28:20', 1, 4),
(3415, 28, 2, '2025-04-30 10:00:00', 3, '2025-04-09 02:28:20', 3, '2025-04-09 02:28:20', 1, 4),
(3416, 28, 2, '2025-04-30 11:00:00', 3, '2025-04-09 02:28:20', 3, '2025-04-09 02:28:20', 1, 4),
(3417, 28, 2, '2025-04-30 12:00:00', 3, '2025-04-09 02:28:20', 3, '2025-04-09 02:28:20', 1, 4),
(3418, 28, 2, '2025-04-30 13:00:00', 3, '2025-04-09 02:28:20', 3, '2025-04-09 02:28:20', 1, 4),
(3419, 28, 2, '2025-04-30 14:00:00', 3, '2025-04-09 02:28:20', 3, '2025-04-09 02:28:20', 1, 4),
(3420, 28, 2, '2025-04-30 15:00:00', 3, '2025-04-09 02:28:20', 3, '2025-04-09 02:28:20', 1, 4),
(3421, 28, 2, '2025-04-30 16:00:00', 3, '2025-04-09 02:28:20', 3, '2025-04-09 02:28:20', 1, 4),
(3422, 28, 2, '2025-04-30 17:00:00', 3, '2025-04-09 02:28:20', 3, '2025-04-09 02:28:20', 1, 4),
(3423, 28, 2, '2025-04-30 18:00:00', 3, '2025-04-09 02:28:20', 3, '2025-04-09 02:28:20', 1, 4),
(3424, 28, 2, '2025-04-30 19:00:00', 3, '2025-04-09 02:28:20', 3, '2025-04-09 02:28:20', 1, 4),
(3425, 28, 2, '2025-04-30 20:00:00', 3, '2025-04-09 02:28:20', 3, '2025-04-09 02:28:20', 1, 4),
(3426, 28, 2, '2025-04-30 21:00:00', 3, '2025-04-09 02:28:20', 3, '2025-04-09 02:28:20', 1, 4),
(3427, 28, 2, '2025-04-30 22:00:00', 3, '2025-04-09 02:28:20', 3, '2025-04-09 02:28:20', 1, 4),
(3428, 28, 3, '2025-04-10 08:00:00', 3, '2025-04-09 02:29:24', 3, '2025-04-09 02:29:24', 1, 4),
(3429, 28, 3, '2025-04-10 09:00:00', 3, '2025-04-09 02:29:24', 3, '2025-04-09 02:29:24', 1, 4),
(3430, 28, 3, '2025-04-10 10:00:00', 3, '2025-04-09 02:29:24', 3, '2025-04-09 02:29:24', 1, 4),
(3431, 28, 3, '2025-04-10 11:00:00', 3, '2025-04-09 02:29:24', 3, '2025-04-09 02:29:24', 1, 4),
(3432, 28, 3, '2025-04-10 12:00:00', 3, '2025-04-09 02:29:24', 3, '2025-04-09 02:29:24', 1, 4),
(3433, 28, 3, '2025-04-10 13:00:00', 3, '2025-04-09 02:29:24', 3, '2025-04-09 02:29:24', 1, 4),
(3434, 28, 3, '2025-04-10 14:00:00', 3, '2025-04-09 02:29:24', 3, '2025-04-09 02:29:24', 1, 4),
(3435, 28, 3, '2025-04-10 15:00:00', 3, '2025-04-09 02:29:24', 3, '2025-04-09 02:29:24', 1, 4),
(3436, 28, 3, '2025-04-10 16:00:00', 3, '2025-04-09 02:29:24', 3, '2025-04-09 02:29:24', 1, 4),
(3437, 28, 3, '2025-04-10 17:00:00', 3, '2025-04-09 02:29:24', 3, '2025-04-09 02:29:24', 1, 4),
(3438, 28, 3, '2025-04-10 18:00:00', 3, '2025-04-09 02:29:24', 3, '2025-04-09 02:29:24', 1, 4),
(3439, 28, 3, '2025-04-10 19:00:00', 3, '2025-04-09 02:29:24', 3, '2025-04-09 02:29:24', 1, 4),
(3440, 28, 3, '2025-04-10 20:00:00', 3, '2025-04-09 02:29:24', 3, '2025-04-09 02:29:24', 1, 4),
(3441, 28, 3, '2025-04-10 21:00:00', 3, '2025-04-09 02:29:24', 3, '2025-04-09 02:29:24', 1, 4),
(3442, 28, 3, '2025-04-10 22:00:00', 3, '2025-04-09 02:29:24', 3, '2025-04-09 02:29:24', 1, 4),
(3443, 28, 3, '2025-04-11 08:00:00', 3, '2025-04-09 02:29:24', 3, '2025-04-09 02:29:24', 1, 4),
(3444, 28, 3, '2025-04-11 09:00:00', 3, '2025-04-09 02:29:24', 3, '2025-04-09 02:29:24', 1, 4),
(3445, 28, 3, '2025-04-11 10:00:00', 3, '2025-04-09 02:29:24', 3, '2025-04-09 02:29:24', 1, 4),
(3446, 28, 3, '2025-04-11 11:00:00', 3, '2025-04-09 02:29:24', 3, '2025-04-09 02:29:24', 1, 4),
(3447, 28, 3, '2025-04-11 12:00:00', 3, '2025-04-09 02:29:24', 3, '2025-04-09 02:29:24', 1, 4),
(3448, 28, 3, '2025-04-11 13:00:00', 3, '2025-04-09 02:29:24', 3, '2025-04-09 02:29:24', 1, 4),
(3449, 28, 3, '2025-04-11 14:00:00', 3, '2025-04-09 02:29:24', 3, '2025-04-09 02:29:24', 1, 4),
(3450, 28, 3, '2025-04-11 15:00:00', 3, '2025-04-09 02:29:24', 3, '2025-04-09 02:29:24', 1, 4),
(3451, 28, 3, '2025-04-11 16:00:00', 3, '2025-04-09 02:29:24', 3, '2025-04-09 02:29:24', 1, 4),
(3452, 28, 3, '2025-04-11 17:00:00', 3, '2025-04-09 02:29:24', 3, '2025-04-09 02:29:24', 1, 4),
(3453, 28, 3, '2025-04-11 18:00:00', 3, '2025-04-09 02:29:24', 3, '2025-04-09 02:29:24', 1, 4),
(3454, 28, 3, '2025-04-11 19:00:00', 3, '2025-04-09 02:29:24', 3, '2025-04-09 02:29:24', 1, 4),
(3455, 28, 3, '2025-04-11 20:00:00', 3, '2025-04-09 02:29:24', 3, '2025-04-09 02:29:24', 1, 4),
(3456, 28, 3, '2025-04-11 21:00:00', 3, '2025-04-09 02:29:24', 3, '2025-04-09 02:29:24', 1, 4),
(3457, 28, 3, '2025-04-11 22:00:00', 3, '2025-04-09 02:29:24', 3, '2025-04-09 02:29:24', 1, 4),
(3458, 28, 3, '2025-04-12 08:00:00', 3, '2025-04-09 02:29:24', 3, '2025-04-09 02:29:24', 1, 4),
(3459, 28, 3, '2025-04-12 09:00:00', 3, '2025-04-09 02:29:24', 3, '2025-04-09 02:29:24', 1, 4),
(3460, 28, 3, '2025-04-12 10:00:00', 3, '2025-04-09 02:29:24', 3, '2025-04-09 02:29:24', 1, 4),
(3461, 28, 3, '2025-04-12 11:00:00', 3, '2025-04-09 02:29:24', 3, '2025-04-09 02:29:24', 1, 4),
(3462, 28, 3, '2025-04-12 12:00:00', 3, '2025-04-09 02:29:24', 3, '2025-04-09 02:29:24', 1, 4),
(3463, 28, 3, '2025-04-12 13:00:00', 3, '2025-04-09 02:29:24', 3, '2025-04-09 02:29:24', 1, 4),
(3464, 28, 3, '2025-04-12 14:00:00', 3, '2025-04-09 02:29:24', 3, '2025-04-09 02:29:24', 1, 4),
(3465, 28, 3, '2025-04-12 15:00:00', 3, '2025-04-09 02:29:24', 3, '2025-04-09 02:29:24', 1, 4),
(3466, 28, 3, '2025-04-12 16:00:00', 3, '2025-04-09 02:29:24', 3, '2025-04-09 02:29:24', 1, 4),
(3467, 28, 3, '2025-04-12 17:00:00', 3, '2025-04-09 02:29:24', 3, '2025-04-09 02:29:24', 1, 4),
(3468, 28, 3, '2025-04-12 18:00:00', 3, '2025-04-09 02:29:24', 3, '2025-04-09 02:29:24', 1, 4),
(3469, 28, 3, '2025-04-12 19:00:00', 3, '2025-04-09 02:29:24', 3, '2025-04-09 02:29:24', 1, 4),
(3470, 28, 3, '2025-04-12 20:00:00', 3, '2025-04-09 02:29:24', 3, '2025-04-09 02:29:24', 1, 4),
(3471, 28, 3, '2025-04-12 21:00:00', 3, '2025-04-09 02:29:24', 3, '2025-04-09 02:29:24', 1, 4),
(3472, 28, 3, '2025-04-12 22:00:00', 3, '2025-04-09 02:29:24', 3, '2025-04-09 02:29:24', 1, 4),
(3473, 28, 3, '2025-04-13 08:00:00', 3, '2025-04-09 02:29:24', 3, '2025-04-09 02:29:24', 1, 4),
(3474, 28, 3, '2025-04-13 09:00:00', 3, '2025-04-09 02:29:24', 3, '2025-04-09 02:29:24', 1, 4),
(3475, 28, 3, '2025-04-13 10:00:00', 3, '2025-04-09 02:29:24', 3, '2025-04-09 02:29:24', 1, 4),
(3476, 28, 3, '2025-04-13 11:00:00', 3, '2025-04-09 02:29:24', 3, '2025-04-09 02:29:24', 1, 4),
(3477, 28, 3, '2025-04-13 12:00:00', 3, '2025-04-09 02:29:24', 3, '2025-04-09 02:29:24', 1, 4),
(3478, 28, 3, '2025-04-13 13:00:00', 3, '2025-04-09 02:29:24', 3, '2025-04-09 02:29:24', 1, 4),
(3479, 28, 3, '2025-04-13 14:00:00', 3, '2025-04-09 02:29:24', 3, '2025-04-09 02:29:24', 1, 4),
(3480, 28, 3, '2025-04-13 15:00:00', 3, '2025-04-09 02:29:24', 3, '2025-04-09 02:29:24', 1, 4),
(3481, 28, 3, '2025-04-13 16:00:00', 3, '2025-04-09 02:29:24', 3, '2025-04-09 02:29:24', 1, 4),
(3482, 28, 3, '2025-04-13 17:00:00', 3, '2025-04-09 02:29:24', 3, '2025-04-09 02:29:24', 1, 4),
(3483, 28, 3, '2025-04-13 18:00:00', 3, '2025-04-09 02:29:24', 3, '2025-04-09 02:29:24', 1, 4),
(3484, 28, 3, '2025-04-13 19:00:00', 3, '2025-04-09 02:29:24', 3, '2025-04-09 02:29:24', 1, 4),
(3485, 28, 3, '2025-04-13 20:00:00', 3, '2025-04-09 02:29:24', 3, '2025-04-09 02:29:24', 1, 4),
(3486, 28, 3, '2025-04-13 21:00:00', 3, '2025-04-09 02:29:24', 3, '2025-04-09 02:29:24', 1, 4),
(3487, 28, 3, '2025-04-13 22:00:00', 3, '2025-04-09 02:29:24', 3, '2025-04-09 02:29:24', 1, 4),
(3488, 28, 3, '2025-04-14 08:00:00', 3, '2025-04-09 02:29:24', 3, '2025-04-09 02:29:24', 1, 4),
(3489, 28, 3, '2025-04-14 09:00:00', 3, '2025-04-09 02:29:24', 3, '2025-04-09 02:29:24', 1, 4),
(3490, 28, 3, '2025-04-14 10:00:00', 3, '2025-04-09 02:29:24', 3, '2025-04-09 02:29:24', 1, 4),
(3491, 28, 3, '2025-04-14 11:00:00', 3, '2025-04-09 02:29:24', 3, '2025-04-09 02:29:24', 1, 4),
(3492, 28, 3, '2025-04-14 12:00:00', 3, '2025-04-09 02:29:24', 3, '2025-04-09 02:29:24', 1, 4),
(3493, 28, 3, '2025-04-14 13:00:00', 3, '2025-04-09 02:29:24', 3, '2025-04-09 02:29:24', 1, 4),
(3494, 28, 3, '2025-04-14 14:00:00', 3, '2025-04-09 02:29:24', 3, '2025-04-09 02:29:24', 1, 4),
(3495, 28, 3, '2025-04-14 15:00:00', 3, '2025-04-09 02:29:24', 3, '2025-04-09 02:29:24', 1, 4),
(3496, 28, 3, '2025-04-14 16:00:00', 3, '2025-04-09 02:29:24', 3, '2025-04-09 02:29:24', 1, 4),
(3497, 28, 3, '2025-04-14 17:00:00', 3, '2025-04-09 02:29:24', 3, '2025-04-09 02:29:24', 1, 4),
(3498, 28, 3, '2025-04-14 18:00:00', 3, '2025-04-09 02:29:24', 3, '2025-04-09 02:29:24', 1, 4),
(3499, 28, 3, '2025-04-14 19:00:00', 3, '2025-04-09 02:29:24', 3, '2025-04-09 02:29:24', 1, 4),
(3500, 28, 3, '2025-04-14 20:00:00', 3, '2025-04-09 02:29:24', 3, '2025-04-09 02:29:24', 1, 4),
(3501, 28, 3, '2025-04-14 21:00:00', 3, '2025-04-09 02:29:24', 3, '2025-04-09 02:29:24', 1, 4),
(3502, 28, 3, '2025-04-14 22:00:00', 3, '2025-04-09 02:29:24', 3, '2025-04-09 02:29:24', 1, 4),
(3503, 28, 3, '2025-04-15 08:00:00', 3, '2025-04-09 02:29:24', 3, '2025-04-09 02:29:24', 1, 4),
(3504, 28, 3, '2025-04-15 09:00:00', 3, '2025-04-09 02:29:24', 3, '2025-04-09 02:29:24', 1, 4),
(3505, 28, 3, '2025-04-15 10:00:00', 3, '2025-04-09 02:29:24', 3, '2025-04-09 02:29:24', 1, 4),
(3506, 28, 3, '2025-04-15 11:00:00', 3, '2025-04-09 02:29:24', 3, '2025-04-09 02:29:24', 1, 4),
(3507, 28, 3, '2025-04-15 12:00:00', 3, '2025-04-09 02:29:24', 3, '2025-04-09 02:29:24', 1, 4),
(3508, 28, 3, '2025-04-15 13:00:00', 3, '2025-04-09 02:29:24', 3, '2025-04-09 02:29:24', 1, 4),
(3509, 28, 3, '2025-04-15 14:00:00', 3, '2025-04-09 02:29:24', 3, '2025-04-09 02:29:24', 1, 4),
(3510, 28, 3, '2025-04-15 15:00:00', 3, '2025-04-09 02:29:24', 3, '2025-04-09 02:29:24', 1, 4),
(3511, 28, 3, '2025-04-15 16:00:00', 3, '2025-04-09 02:29:24', 3, '2025-04-09 02:29:24', 1, 4),
(3512, 28, 3, '2025-04-15 17:00:00', 3, '2025-04-09 02:29:24', 3, '2025-04-09 02:29:24', 1, 4),
(3513, 28, 3, '2025-04-15 18:00:00', 3, '2025-04-09 02:29:24', 3, '2025-04-09 02:29:24', 1, 4),
(3514, 28, 3, '2025-04-15 19:00:00', 3, '2025-04-09 02:29:24', 3, '2025-04-09 02:29:24', 1, 4),
(3515, 28, 3, '2025-04-15 20:00:00', 3, '2025-04-09 02:29:24', 3, '2025-04-09 02:29:24', 1, 4),
(3516, 28, 3, '2025-04-15 21:00:00', 3, '2025-04-09 02:29:24', 3, '2025-04-09 02:29:24', 1, 4),
(3517, 28, 3, '2025-04-15 22:00:00', 3, '2025-04-09 02:29:24', 3, '2025-04-09 02:29:24', 1, 4),
(3518, 28, 3, '2025-04-16 08:00:00', 3, '2025-04-09 02:29:24', 3, '2025-04-09 02:29:24', 1, 4),
(3519, 28, 3, '2025-04-16 09:00:00', 3, '2025-04-09 02:29:24', 3, '2025-04-09 02:29:24', 1, 4),
(3520, 28, 3, '2025-04-16 10:00:00', 3, '2025-04-09 02:29:24', 3, '2025-04-09 02:29:24', 1, 4),
(3521, 28, 3, '2025-04-16 11:00:00', 3, '2025-04-09 02:29:24', 3, '2025-04-09 02:29:24', 1, 4),
(3522, 28, 3, '2025-04-16 12:00:00', 3, '2025-04-09 02:29:24', 3, '2025-04-09 02:29:24', 1, 4),
(3523, 28, 3, '2025-04-16 13:00:00', 3, '2025-04-09 02:29:24', 3, '2025-04-09 02:29:24', 1, 4),
(3524, 28, 3, '2025-04-16 14:00:00', 3, '2025-04-09 02:29:24', 3, '2025-04-09 02:29:24', 1, 4),
(3525, 28, 3, '2025-04-16 15:00:00', 3, '2025-04-09 02:29:24', 3, '2025-04-09 02:29:24', 1, 4),
(3526, 28, 3, '2025-04-16 16:00:00', 3, '2025-04-09 02:29:24', 3, '2025-04-09 02:29:24', 1, 4),
(3527, 28, 3, '2025-04-16 17:00:00', 3, '2025-04-09 02:29:24', 3, '2025-04-09 02:29:24', 1, 4),
(3528, 28, 3, '2025-04-16 18:00:00', 3, '2025-04-09 02:29:24', 3, '2025-04-09 02:29:24', 1, 4),
(3529, 28, 3, '2025-04-16 19:00:00', 3, '2025-04-09 02:29:24', 3, '2025-04-09 02:29:24', 1, 4),
(3530, 28, 3, '2025-04-16 20:00:00', 3, '2025-04-09 02:29:24', 3, '2025-04-09 02:29:24', 1, 4),
(3531, 28, 3, '2025-04-16 21:00:00', 3, '2025-04-09 02:29:24', 3, '2025-04-09 02:29:24', 1, 4),
(3532, 28, 3, '2025-04-16 22:00:00', 3, '2025-04-09 02:29:24', 3, '2025-04-09 02:29:24', 1, 4),
(3533, 28, 3, '2025-04-17 08:00:00', 3, '2025-04-09 02:29:24', 3, '2025-04-09 02:29:24', 1, 4),
(3534, 28, 3, '2025-04-17 09:00:00', 3, '2025-04-09 02:29:24', 3, '2025-04-09 02:29:24', 1, 4),
(3535, 28, 3, '2025-04-17 10:00:00', 3, '2025-04-09 02:29:24', 3, '2025-04-09 02:29:24', 1, 4),
(3536, 28, 3, '2025-04-17 11:00:00', 3, '2025-04-09 02:29:24', 3, '2025-04-09 02:29:24', 1, 4),
(3537, 28, 3, '2025-04-17 12:00:00', 3, '2025-04-09 02:29:24', 3, '2025-04-09 02:29:24', 1, 4),
(3538, 28, 3, '2025-04-17 13:00:00', 3, '2025-04-09 02:29:24', 3, '2025-04-09 02:29:24', 1, 4),
(3539, 28, 3, '2025-04-17 14:00:00', 3, '2025-04-09 02:29:24', 3, '2025-04-09 02:29:24', 1, 4),
(3540, 28, 3, '2025-04-17 15:00:00', 3, '2025-04-09 02:29:24', 3, '2025-04-09 02:29:24', 1, 4),
(3541, 28, 3, '2025-04-17 16:00:00', 3, '2025-04-09 02:29:24', 3, '2025-04-09 02:29:24', 1, 4),
(3542, 28, 3, '2025-04-17 17:00:00', 3, '2025-04-09 02:29:24', 3, '2025-04-09 02:29:24', 1, 4),
(3543, 28, 3, '2025-04-17 18:00:00', 3, '2025-04-09 02:29:24', 3, '2025-04-09 02:29:24', 1, 4),
(3544, 28, 3, '2025-04-17 19:00:00', 3, '2025-04-09 02:29:24', 3, '2025-04-09 02:29:24', 1, 4),
(3545, 28, 3, '2025-04-17 20:00:00', 3, '2025-04-09 02:29:24', 3, '2025-04-09 02:29:24', 1, 4),
(3546, 28, 3, '2025-04-17 21:00:00', 3, '2025-04-09 02:29:24', 3, '2025-04-09 02:29:24', 1, 4),
(3547, 28, 3, '2025-04-17 22:00:00', 3, '2025-04-09 02:29:24', 3, '2025-04-09 02:29:24', 1, 4),
(3548, 28, 3, '2025-04-18 08:00:00', 3, '2025-04-09 02:29:24', 3, '2025-04-09 02:29:24', 1, 4),
(3549, 28, 3, '2025-04-18 09:00:00', 3, '2025-04-09 02:29:24', 3, '2025-04-09 02:29:24', 1, 4),
(3550, 28, 3, '2025-04-18 10:00:00', 3, '2025-04-09 02:29:24', 3, '2025-04-09 02:29:24', 1, 4),
(3551, 28, 3, '2025-04-18 11:00:00', 3, '2025-04-09 02:29:24', 3, '2025-04-09 02:29:24', 1, 4),
(3552, 28, 3, '2025-04-18 12:00:00', 3, '2025-04-09 02:29:24', 3, '2025-04-09 02:29:24', 1, 4),
(3553, 28, 3, '2025-04-18 13:00:00', 3, '2025-04-09 02:29:24', 3, '2025-04-09 02:29:24', 1, 4),
(3554, 28, 3, '2025-04-18 14:00:00', 3, '2025-04-09 02:29:24', 3, '2025-04-09 02:29:24', 1, 4),
(3555, 28, 3, '2025-04-18 15:00:00', 3, '2025-04-09 02:29:24', 3, '2025-04-09 02:29:24', 1, 4),
(3556, 28, 3, '2025-04-18 16:00:00', 3, '2025-04-09 02:29:24', 3, '2025-04-09 02:29:24', 1, 4),
(3557, 28, 3, '2025-04-18 17:00:00', 3, '2025-04-09 02:29:24', 3, '2025-04-09 02:29:24', 1, 4),
(3558, 28, 3, '2025-04-18 18:00:00', 3, '2025-04-09 02:29:24', 3, '2025-04-09 02:29:24', 1, 4),
(3559, 28, 3, '2025-04-18 19:00:00', 3, '2025-04-09 02:29:24', 3, '2025-04-09 02:29:24', 1, 4),
(3560, 28, 3, '2025-04-18 20:00:00', 3, '2025-04-09 02:29:24', 3, '2025-04-09 02:29:24', 1, 4),
(3561, 28, 3, '2025-04-18 21:00:00', 3, '2025-04-09 02:29:24', 3, '2025-04-09 02:29:24', 1, 4),
(3562, 28, 3, '2025-04-18 22:00:00', 3, '2025-04-09 02:29:24', 3, '2025-04-09 02:29:24', 1, 4),
(3563, 28, 3, '2025-04-19 08:00:00', 3, '2025-04-09 02:29:24', 3, '2025-04-09 02:29:24', 1, 4),
(3564, 28, 3, '2025-04-19 09:00:00', 3, '2025-04-09 02:29:24', 3, '2025-04-09 02:29:24', 1, 4),
(3565, 28, 3, '2025-04-19 10:00:00', 3, '2025-04-09 02:29:24', 3, '2025-04-09 02:29:24', 1, 4),
(3566, 28, 3, '2025-04-19 11:00:00', 3, '2025-04-09 02:29:24', 3, '2025-04-09 02:29:24', 1, 4),
(3567, 28, 3, '2025-04-19 12:00:00', 3, '2025-04-09 02:29:24', 3, '2025-04-09 02:29:24', 1, 4),
(3568, 28, 3, '2025-04-19 13:00:00', 3, '2025-04-09 02:29:24', 3, '2025-04-09 02:29:24', 1, 4),
(3569, 28, 3, '2025-04-19 14:00:00', 3, '2025-04-09 02:29:24', 3, '2025-04-09 02:29:24', 1, 4),
(3570, 28, 3, '2025-04-19 15:00:00', 3, '2025-04-09 02:29:24', 3, '2025-04-09 02:29:24', 1, 4),
(3571, 28, 3, '2025-04-19 16:00:00', 3, '2025-04-09 02:29:24', 3, '2025-04-09 02:29:24', 1, 4),
(3572, 28, 3, '2025-04-19 17:00:00', 3, '2025-04-09 02:29:24', 3, '2025-04-09 02:29:24', 1, 4),
(3573, 28, 3, '2025-04-19 18:00:00', 3, '2025-04-09 02:29:24', 3, '2025-04-09 02:29:24', 1, 4),
(3574, 28, 3, '2025-04-19 19:00:00', 3, '2025-04-09 02:29:24', 3, '2025-04-09 02:29:24', 1, 4),
(3575, 28, 3, '2025-04-19 20:00:00', 3, '2025-04-09 02:29:24', 3, '2025-04-09 02:29:24', 1, 4),
(3576, 28, 3, '2025-04-19 21:00:00', 3, '2025-04-09 02:29:24', 3, '2025-04-09 02:29:24', 1, 4),
(3577, 28, 3, '2025-04-19 22:00:00', 3, '2025-04-09 02:29:24', 3, '2025-04-09 02:29:24', 1, 4),
(3578, 28, 3, '2025-04-20 08:00:00', 3, '2025-04-09 02:29:24', 3, '2025-04-09 02:29:24', 1, 4),
(3579, 28, 3, '2025-04-20 09:00:00', 3, '2025-04-09 02:29:24', 3, '2025-04-09 02:29:24', 1, 4),
(3580, 28, 3, '2025-04-20 10:00:00', 3, '2025-04-09 02:29:24', 3, '2025-04-09 02:29:24', 1, 4),
(3581, 28, 3, '2025-04-20 11:00:00', 3, '2025-04-09 02:29:24', 3, '2025-04-09 02:29:24', 1, 4),
(3582, 28, 3, '2025-04-20 12:00:00', 3, '2025-04-09 02:29:24', 3, '2025-04-09 02:29:24', 1, 4),
(3583, 28, 3, '2025-04-20 13:00:00', 3, '2025-04-09 02:29:24', 3, '2025-04-09 02:29:24', 1, 4),
(3584, 28, 3, '2025-04-20 14:00:00', 3, '2025-04-09 02:29:24', 3, '2025-04-09 02:29:24', 1, 4),
(3585, 28, 3, '2025-04-20 15:00:00', 3, '2025-04-09 02:29:24', 3, '2025-04-09 02:29:24', 1, 4),
(3586, 28, 3, '2025-04-20 16:00:00', 3, '2025-04-09 02:29:24', 3, '2025-04-09 02:29:24', 1, 4),
(3587, 28, 3, '2025-04-20 17:00:00', 3, '2025-04-09 02:29:24', 3, '2025-04-09 02:29:24', 1, 4),
(3588, 28, 3, '2025-04-20 18:00:00', 3, '2025-04-09 02:29:24', 3, '2025-04-09 02:29:24', 1, 4),
(3589, 28, 3, '2025-04-20 19:00:00', 3, '2025-04-09 02:29:24', 3, '2025-04-09 02:29:24', 1, 4),
(3590, 28, 3, '2025-04-20 20:00:00', 3, '2025-04-09 02:29:24', 3, '2025-04-09 02:29:24', 1, 4),
(3591, 28, 3, '2025-04-20 21:00:00', 3, '2025-04-09 02:29:24', 3, '2025-04-09 02:29:24', 1, 4),
(3592, 28, 3, '2025-04-20 22:00:00', 3, '2025-04-09 02:29:24', 3, '2025-04-09 02:29:24', 1, 4),
(3593, 28, 3, '2025-04-21 08:00:00', 3, '2025-04-09 02:29:24', 3, '2025-04-09 02:29:24', 1, 4),
(3594, 28, 3, '2025-04-21 09:00:00', 3, '2025-04-09 02:29:24', 3, '2025-04-09 02:29:24', 1, 4),
(3595, 28, 3, '2025-04-21 10:00:00', 3, '2025-04-09 02:29:24', 3, '2025-04-09 02:29:24', 1, 4),
(3596, 28, 3, '2025-04-21 11:00:00', 3, '2025-04-09 02:29:24', 3, '2025-04-09 02:29:24', 1, 4),
(3597, 28, 3, '2025-04-21 12:00:00', 3, '2025-04-09 02:29:24', 3, '2025-04-09 02:29:24', 1, 4),
(3598, 28, 3, '2025-04-21 13:00:00', 3, '2025-04-09 02:29:24', 3, '2025-04-09 02:29:24', 1, 4),
(3599, 28, 3, '2025-04-21 14:00:00', 3, '2025-04-09 02:29:24', 3, '2025-04-09 02:29:24', 1, 4),
(3600, 28, 3, '2025-04-21 15:00:00', 3, '2025-04-09 02:29:24', 3, '2025-04-09 02:29:24', 1, 4),
(3601, 28, 3, '2025-04-21 16:00:00', 3, '2025-04-09 02:29:24', 3, '2025-04-09 02:29:24', 1, 4),
(3602, 28, 3, '2025-04-21 17:00:00', 3, '2025-04-09 02:29:24', 3, '2025-04-09 02:29:24', 1, 4),
(3603, 28, 3, '2025-04-21 18:00:00', 3, '2025-04-09 02:29:24', 3, '2025-04-09 02:29:24', 1, 4),
(3604, 28, 3, '2025-04-21 19:00:00', 3, '2025-04-09 02:29:24', 3, '2025-04-09 02:29:24', 1, 4),
(3605, 28, 3, '2025-04-21 20:00:00', 3, '2025-04-09 02:29:24', 3, '2025-04-09 02:29:24', 1, 4),
(3606, 28, 3, '2025-04-21 21:00:00', 3, '2025-04-09 02:29:24', 3, '2025-04-09 02:29:24', 1, 4),
(3607, 28, 3, '2025-04-21 22:00:00', 3, '2025-04-09 02:29:24', 3, '2025-04-09 02:29:24', 1, 4),
(3608, 28, 3, '2025-04-22 08:00:00', 3, '2025-04-09 02:29:24', 3, '2025-04-09 02:29:24', 1, 4),
(3609, 28, 3, '2025-04-22 09:00:00', 3, '2025-04-09 02:29:24', 3, '2025-04-09 02:29:24', 1, 4),
(3610, 28, 3, '2025-04-22 10:00:00', 3, '2025-04-09 02:29:24', 3, '2025-04-09 02:29:24', 1, 4),
(3611, 28, 3, '2025-04-22 11:00:00', 3, '2025-04-09 02:29:24', 3, '2025-04-09 02:29:24', 1, 4),
(3612, 28, 3, '2025-04-22 12:00:00', 3, '2025-04-09 02:29:24', 3, '2025-04-09 02:29:24', 1, 4),
(3613, 28, 3, '2025-04-22 13:00:00', 3, '2025-04-09 02:29:24', 3, '2025-04-09 02:29:24', 1, 4),
(3614, 28, 3, '2025-04-22 14:00:00', 3, '2025-04-09 02:29:24', 3, '2025-04-09 02:29:24', 1, 4),
(3615, 28, 3, '2025-04-22 15:00:00', 3, '2025-04-09 02:29:24', 3, '2025-04-09 02:29:24', 1, 4),
(3616, 28, 3, '2025-04-22 16:00:00', 3, '2025-04-09 02:29:24', 3, '2025-04-09 02:29:24', 1, 4),
(3617, 28, 3, '2025-04-22 17:00:00', 3, '2025-04-09 02:29:24', 3, '2025-04-09 02:29:24', 1, 4),
(3618, 28, 3, '2025-04-22 18:00:00', 3, '2025-04-09 02:29:24', 3, '2025-04-09 02:29:24', 1, 4),
(3619, 28, 3, '2025-04-22 19:00:00', 3, '2025-04-09 02:29:24', 3, '2025-04-09 02:29:24', 1, 4),
(3620, 28, 3, '2025-04-22 20:00:00', 3, '2025-04-09 02:29:24', 3, '2025-04-09 02:29:24', 1, 4),
(3621, 28, 3, '2025-04-22 21:00:00', 3, '2025-04-09 02:29:24', 3, '2025-04-09 02:29:24', 1, 4),
(3622, 28, 3, '2025-04-22 22:00:00', 3, '2025-04-09 02:29:24', 3, '2025-04-09 02:29:24', 1, 4),
(3623, 28, 3, '2025-04-23 08:00:00', 3, '2025-04-09 02:29:24', 3, '2025-04-09 02:29:24', 1, 4),
(3624, 28, 3, '2025-04-23 09:00:00', 3, '2025-04-09 02:29:24', 3, '2025-04-09 02:29:24', 1, 4),
(3625, 28, 3, '2025-04-23 10:00:00', 3, '2025-04-09 02:29:24', 3, '2025-04-09 02:29:24', 1, 4),
(3626, 28, 3, '2025-04-23 11:00:00', 3, '2025-04-09 02:29:24', 3, '2025-04-09 02:29:24', 1, 4),
(3627, 28, 3, '2025-04-23 12:00:00', 3, '2025-04-09 02:29:24', 3, '2025-04-09 02:29:24', 1, 4),
(3628, 28, 3, '2025-04-23 13:00:00', 3, '2025-04-09 02:29:24', 3, '2025-04-09 02:29:24', 1, 4),
(3629, 28, 3, '2025-04-23 14:00:00', 3, '2025-04-09 02:29:24', 3, '2025-04-09 02:29:24', 1, 4),
(3630, 28, 3, '2025-04-23 15:00:00', 3, '2025-04-09 02:29:24', 3, '2025-04-09 02:29:24', 1, 4),
(3631, 28, 3, '2025-04-23 16:00:00', 3, '2025-04-09 02:29:24', 3, '2025-04-09 02:29:24', 1, 4),
(3632, 28, 3, '2025-04-23 17:00:00', 3, '2025-04-09 02:29:24', 3, '2025-04-09 02:29:24', 1, 4),
(3633, 28, 3, '2025-04-23 18:00:00', 3, '2025-04-09 02:29:24', 3, '2025-04-09 02:29:24', 1, 4),
(3634, 28, 3, '2025-04-23 19:00:00', 3, '2025-04-09 02:29:24', 3, '2025-04-09 02:29:24', 1, 4),
(3635, 28, 3, '2025-04-23 20:00:00', 3, '2025-04-09 02:29:24', 3, '2025-04-09 02:29:24', 1, 4),
(3636, 28, 3, '2025-04-23 21:00:00', 3, '2025-04-09 02:29:24', 3, '2025-04-09 02:29:24', 1, 4),
(3637, 28, 3, '2025-04-23 22:00:00', 3, '2025-04-09 02:29:24', 3, '2025-04-09 02:29:24', 1, 4),
(3638, 28, 3, '2025-04-24 08:00:00', 3, '2025-04-09 02:29:24', 3, '2025-04-09 02:29:24', 1, 4),
(3639, 28, 3, '2025-04-24 09:00:00', 3, '2025-04-09 02:29:24', 3, '2025-04-09 02:29:24', 1, 4),
(3640, 28, 3, '2025-04-24 10:00:00', 3, '2025-04-09 02:29:24', 3, '2025-04-09 02:29:24', 1, 4),
(3641, 28, 3, '2025-04-24 11:00:00', 3, '2025-04-09 02:29:24', 3, '2025-04-09 02:29:24', 1, 4),
(3642, 28, 3, '2025-04-24 12:00:00', 3, '2025-04-09 02:29:24', 3, '2025-04-09 02:29:24', 1, 4),
(3643, 28, 3, '2025-04-24 13:00:00', 3, '2025-04-09 02:29:24', 3, '2025-04-09 02:29:24', 1, 4),
(3644, 28, 3, '2025-04-24 14:00:00', 3, '2025-04-09 02:29:24', 3, '2025-04-09 02:29:24', 1, 4),
(3645, 28, 3, '2025-04-24 15:00:00', 3, '2025-04-09 02:29:24', 3, '2025-04-09 02:29:24', 1, 4),
(3646, 28, 3, '2025-04-24 16:00:00', 3, '2025-04-09 02:29:24', 3, '2025-04-09 02:29:24', 1, 4),
(3647, 28, 3, '2025-04-24 17:00:00', 3, '2025-04-09 02:29:24', 3, '2025-04-09 02:29:24', 1, 4),
(3648, 28, 3, '2025-04-24 18:00:00', 3, '2025-04-09 02:29:24', 3, '2025-04-09 02:29:24', 1, 4),
(3649, 28, 3, '2025-04-24 19:00:00', 3, '2025-04-09 02:29:24', 3, '2025-04-09 02:29:24', 1, 4),
(3650, 28, 3, '2025-04-24 20:00:00', 3, '2025-04-09 02:29:24', 3, '2025-04-09 02:29:24', 1, 4),
(3651, 28, 3, '2025-04-24 21:00:00', 3, '2025-04-09 02:29:24', 3, '2025-04-09 02:29:24', 1, 4),
(3652, 28, 3, '2025-04-24 22:00:00', 3, '2025-04-09 02:29:24', 3, '2025-04-09 02:29:24', 1, 4),
(3653, 28, 3, '2025-04-25 08:00:00', 3, '2025-04-09 02:29:24', 3, '2025-04-09 02:29:24', 1, 4),
(3654, 28, 3, '2025-04-25 09:00:00', 3, '2025-04-09 02:29:24', 3, '2025-04-09 02:29:24', 1, 4),
(3655, 28, 3, '2025-04-25 10:00:00', 3, '2025-04-09 02:29:24', 3, '2025-04-09 02:29:24', 1, 4),
(3656, 28, 3, '2025-04-25 11:00:00', 3, '2025-04-09 02:29:24', 3, '2025-04-09 02:29:24', 1, 4),
(3657, 28, 3, '2025-04-25 12:00:00', 3, '2025-04-09 02:29:24', 3, '2025-04-09 02:29:24', 1, 4),
(3658, 28, 3, '2025-04-25 13:00:00', 3, '2025-04-09 02:29:24', 3, '2025-04-09 02:29:24', 1, 4),
(3659, 28, 3, '2025-04-25 14:00:00', 3, '2025-04-09 02:29:24', 3, '2025-04-09 02:29:24', 1, 4),
(3660, 28, 3, '2025-04-25 15:00:00', 3, '2025-04-09 02:29:24', 3, '2025-04-09 02:29:24', 1, 4),
(3661, 28, 3, '2025-04-25 16:00:00', 3, '2025-04-09 02:29:24', 3, '2025-04-09 02:29:24', 1, 4),
(3662, 28, 3, '2025-04-25 17:00:00', 3, '2025-04-09 02:29:24', 3, '2025-04-09 02:29:24', 1, 4),
(3663, 28, 3, '2025-04-25 18:00:00', 3, '2025-04-09 02:29:24', 3, '2025-04-09 02:29:24', 1, 4),
(3664, 28, 3, '2025-04-25 19:00:00', 3, '2025-04-09 02:29:24', 3, '2025-04-09 02:29:24', 1, 4),
(3665, 28, 3, '2025-04-25 20:00:00', 3, '2025-04-09 02:29:24', 3, '2025-04-09 02:29:24', 1, 4),
(3666, 28, 3, '2025-04-25 21:00:00', 3, '2025-04-09 02:29:24', 3, '2025-04-09 02:29:24', 1, 4),
(3667, 28, 3, '2025-04-25 22:00:00', 3, '2025-04-09 02:29:24', 3, '2025-04-09 02:29:24', 1, 4),
(3668, 28, 3, '2025-04-26 08:00:00', 3, '2025-04-09 02:29:24', 3, '2025-04-09 02:29:24', 1, 4),
(3669, 28, 3, '2025-04-26 09:00:00', 3, '2025-04-09 02:29:24', 3, '2025-04-09 02:29:24', 1, 4),
(3670, 28, 3, '2025-04-26 10:00:00', 3, '2025-04-09 02:29:24', 3, '2025-04-09 02:29:24', 1, 4),
(3671, 28, 3, '2025-04-26 11:00:00', 3, '2025-04-09 02:29:24', 3, '2025-04-09 02:29:24', 1, 4),
(3672, 28, 3, '2025-04-26 12:00:00', 3, '2025-04-09 02:29:24', 3, '2025-04-09 02:29:24', 1, 4),
(3673, 28, 3, '2025-04-26 13:00:00', 3, '2025-04-09 02:29:24', 3, '2025-04-09 02:29:24', 1, 4),
(3674, 28, 3, '2025-04-26 14:00:00', 3, '2025-04-09 02:29:24', 3, '2025-04-09 02:29:24', 1, 4),
(3675, 28, 3, '2025-04-26 15:00:00', 3, '2025-04-09 02:29:24', 3, '2025-04-09 02:29:24', 1, 4),
(3676, 28, 3, '2025-04-26 16:00:00', 3, '2025-04-09 02:29:24', 3, '2025-04-09 02:29:24', 1, 4),
(3677, 28, 3, '2025-04-26 17:00:00', 3, '2025-04-09 02:29:24', 3, '2025-04-09 02:29:24', 1, 4),
(3678, 28, 3, '2025-04-26 18:00:00', 3, '2025-04-09 02:29:24', 3, '2025-04-09 02:29:24', 1, 4),
(3679, 28, 3, '2025-04-26 19:00:00', 3, '2025-04-09 02:29:24', 3, '2025-04-09 02:29:24', 1, 4),
(3680, 28, 3, '2025-04-26 20:00:00', 3, '2025-04-09 02:29:24', 3, '2025-04-09 02:29:24', 1, 4),
(3681, 28, 3, '2025-04-26 21:00:00', 3, '2025-04-09 02:29:24', 3, '2025-04-09 02:29:24', 1, 4),
(3682, 28, 3, '2025-04-26 22:00:00', 3, '2025-04-09 02:29:24', 3, '2025-04-09 02:29:24', 1, 4),
(3683, 28, 3, '2025-04-27 08:00:00', 3, '2025-04-09 02:29:24', 3, '2025-04-09 02:29:24', 1, 4),
(3684, 28, 3, '2025-04-27 09:00:00', 3, '2025-04-09 02:29:24', 3, '2025-04-09 02:29:24', 1, 4),
(3685, 28, 3, '2025-04-27 10:00:00', 3, '2025-04-09 02:29:24', 3, '2025-04-09 02:29:24', 1, 4),
(3686, 28, 3, '2025-04-27 11:00:00', 3, '2025-04-09 02:29:24', 3, '2025-04-09 02:29:24', 1, 4),
(3687, 28, 3, '2025-04-27 12:00:00', 3, '2025-04-09 02:29:24', 3, '2025-04-09 02:29:24', 1, 4),
(3688, 28, 3, '2025-04-27 13:00:00', 3, '2025-04-09 02:29:24', 3, '2025-04-09 02:29:24', 1, 4),
(3689, 28, 3, '2025-04-27 14:00:00', 3, '2025-04-09 02:29:24', 3, '2025-04-09 02:29:24', 1, 4),
(3690, 28, 3, '2025-04-27 15:00:00', 3, '2025-04-09 02:29:24', 3, '2025-04-09 02:29:24', 1, 4),
(3691, 28, 3, '2025-04-27 16:00:00', 3, '2025-04-09 02:29:24', 3, '2025-04-09 02:29:24', 1, 4),
(3692, 28, 3, '2025-04-27 17:00:00', 3, '2025-04-09 02:29:24', 3, '2025-04-09 02:29:24', 1, 4),
(3693, 28, 3, '2025-04-27 18:00:00', 3, '2025-04-09 02:29:24', 3, '2025-04-09 02:29:24', 1, 4),
(3694, 28, 3, '2025-04-27 19:00:00', 3, '2025-04-09 02:29:24', 3, '2025-04-09 02:29:24', 1, 4),
(3695, 28, 3, '2025-04-27 20:00:00', 3, '2025-04-09 02:29:24', 3, '2025-04-09 02:29:24', 1, 4),
(3696, 28, 3, '2025-04-27 21:00:00', 3, '2025-04-09 02:29:24', 3, '2025-04-09 02:29:24', 1, 4),
(3697, 28, 3, '2025-04-27 22:00:00', 3, '2025-04-09 02:29:24', 3, '2025-04-09 02:29:24', 1, 4),
(3698, 28, 3, '2025-04-28 08:00:00', 3, '2025-04-09 02:29:24', 3, '2025-04-09 02:29:24', 1, 4),
(3699, 28, 3, '2025-04-28 09:00:00', 3, '2025-04-09 02:29:24', 3, '2025-04-09 02:29:24', 1, 4),
(3700, 28, 3, '2025-04-28 10:00:00', 3, '2025-04-09 02:29:24', 3, '2025-04-09 02:29:24', 1, 4),
(3701, 28, 3, '2025-04-28 11:00:00', 3, '2025-04-09 02:29:24', 3, '2025-04-09 02:29:24', 1, 4),
(3702, 28, 3, '2025-04-28 12:00:00', 3, '2025-04-09 02:29:24', 3, '2025-04-09 02:29:24', 1, 4),
(3703, 28, 3, '2025-04-28 13:00:00', 3, '2025-04-09 02:29:24', 3, '2025-04-09 02:29:24', 1, 4),
(3704, 28, 3, '2025-04-28 14:00:00', 3, '2025-04-09 02:29:24', 3, '2025-04-09 02:29:24', 1, 4),
(3705, 28, 3, '2025-04-28 15:00:00', 3, '2025-04-09 02:29:24', 3, '2025-04-09 02:29:24', 1, 4),
(3706, 28, 3, '2025-04-28 16:00:00', 3, '2025-04-09 02:29:24', 3, '2025-04-09 02:29:24', 1, 4),
(3707, 28, 3, '2025-04-28 17:00:00', 3, '2025-04-09 02:29:24', 3, '2025-04-09 02:29:24', 1, 4),
(3708, 28, 3, '2025-04-28 18:00:00', 3, '2025-04-09 02:29:24', 3, '2025-04-09 02:29:24', 1, 4),
(3709, 28, 3, '2025-04-28 19:00:00', 3, '2025-04-09 02:29:24', 3, '2025-04-09 02:29:24', 1, 4),
(3710, 28, 3, '2025-04-28 20:00:00', 3, '2025-04-09 02:29:24', 3, '2025-04-09 02:29:24', 1, 4),
(3711, 28, 3, '2025-04-28 21:00:00', 3, '2025-04-09 02:29:24', 3, '2025-04-09 02:29:24', 1, 4),
(3712, 28, 3, '2025-04-28 22:00:00', 3, '2025-04-09 02:29:24', 3, '2025-04-09 02:29:24', 1, 4),
(3713, 28, 3, '2025-04-29 08:00:00', 3, '2025-04-09 02:29:24', 3, '2025-04-09 02:29:24', 1, 4),
(3714, 28, 3, '2025-04-29 09:00:00', 3, '2025-04-09 02:29:24', 3, '2025-04-09 02:29:24', 1, 4),
(3715, 28, 3, '2025-04-29 10:00:00', 3, '2025-04-09 02:29:24', 3, '2025-04-09 02:29:24', 1, 4),
(3716, 28, 3, '2025-04-29 11:00:00', 3, '2025-04-09 02:29:24', 3, '2025-04-09 02:29:24', 1, 4),
(3717, 28, 3, '2025-04-29 12:00:00', 3, '2025-04-09 02:29:24', 3, '2025-04-09 02:29:24', 1, 4),
(3718, 28, 3, '2025-04-29 13:00:00', 3, '2025-04-09 02:29:24', 3, '2025-04-09 02:29:24', 1, 4),
(3719, 28, 3, '2025-04-29 14:00:00', 3, '2025-04-09 02:29:24', 3, '2025-04-09 02:29:24', 1, 4),
(3720, 28, 3, '2025-04-29 15:00:00', 3, '2025-04-09 02:29:24', 3, '2025-04-09 02:29:24', 1, 4),
(3721, 28, 3, '2025-04-29 16:00:00', 3, '2025-04-09 02:29:24', 3, '2025-04-09 02:29:24', 1, 4),
(3722, 28, 3, '2025-04-29 17:00:00', 3, '2025-04-09 02:29:24', 3, '2025-04-09 02:29:24', 1, 4),
(3723, 28, 3, '2025-04-29 18:00:00', 3, '2025-04-09 02:29:24', 3, '2025-04-09 02:29:24', 1, 4),
(3724, 28, 3, '2025-04-29 19:00:00', 3, '2025-04-09 02:29:24', 3, '2025-04-09 02:29:24', 1, 4),
(3725, 28, 3, '2025-04-29 20:00:00', 3, '2025-04-09 02:29:24', 3, '2025-04-09 02:29:24', 1, 4),
(3726, 28, 3, '2025-04-29 21:00:00', 3, '2025-04-09 02:29:24', 3, '2025-04-09 02:29:24', 1, 4),
(3727, 28, 3, '2025-04-29 22:00:00', 3, '2025-04-09 02:29:24', 3, '2025-04-09 02:29:24', 1, 4),
(3728, 28, 3, '2025-04-30 08:00:00', 3, '2025-04-09 02:29:24', 3, '2025-04-09 02:29:24', 1, 4),
(3729, 28, 3, '2025-04-30 09:00:00', 3, '2025-04-09 02:29:24', 3, '2025-04-09 02:29:24', 1, 4),
(3730, 28, 3, '2025-04-30 10:00:00', 3, '2025-04-09 02:29:24', 3, '2025-04-09 02:29:24', 1, 4),
(3731, 28, 3, '2025-04-30 11:00:00', 3, '2025-04-09 02:29:24', 3, '2025-04-09 02:29:24', 1, 4),
(3732, 28, 3, '2025-04-30 12:00:00', 3, '2025-04-09 02:29:24', 3, '2025-04-09 02:29:24', 1, 4),
(3733, 28, 3, '2025-04-30 13:00:00', 3, '2025-04-09 02:29:24', 3, '2025-04-09 02:29:24', 1, 4),
(3734, 28, 3, '2025-04-30 14:00:00', 3, '2025-04-09 02:29:24', 3, '2025-04-09 02:29:24', 1, 4),
(3735, 28, 3, '2025-04-30 15:00:00', 3, '2025-04-09 02:29:24', 3, '2025-04-09 02:29:24', 1, 4),
(3736, 28, 3, '2025-04-30 16:00:00', 3, '2025-04-09 02:29:24', 3, '2025-04-09 02:29:24', 1, 4),
(3737, 28, 3, '2025-04-30 17:00:00', 3, '2025-04-09 02:29:24', 3, '2025-04-09 02:29:24', 1, 4),
(3738, 28, 3, '2025-04-30 18:00:00', 3, '2025-04-09 02:29:24', 3, '2025-04-09 02:29:24', 1, 4),
(3739, 28, 3, '2025-04-30 19:00:00', 3, '2025-04-09 02:29:24', 3, '2025-04-09 02:29:24', 1, 4),
(3740, 28, 3, '2025-04-30 20:00:00', 3, '2025-04-09 02:29:24', 3, '2025-04-09 02:29:24', 1, 4),
(3741, 28, 3, '2025-04-30 21:00:00', 3, '2025-04-09 02:29:24', 3, '2025-04-09 02:29:24', 1, 4);
INSERT INTO `suatchieu` (`MaSuatChieu`, `MaPhim`, `MaPhong`, `GioChieu`, `NguoiTao`, `NgayTao`, `NguoiCapNhat`, `NgayCapNhat`, `TrangThai`, `MaRap`) VALUES
(3742, 28, 3, '2025-04-30 22:00:00', 3, '2025-04-09 02:29:24', 3, '2025-04-09 02:29:24', 1, 4),
(3743, 28, 2, '2025-04-10 08:00:00', 3, '2025-04-09 02:46:09', 3, '2025-04-09 02:46:09', 1, 6),
(3744, 28, 2, '2025-04-11 08:00:00', 3, '2025-04-09 02:46:09', 3, '2025-04-09 02:46:09', 1, 6),
(3745, 28, 2, '2025-04-12 08:00:00', 3, '2025-04-09 02:46:09', 3, '2025-04-09 02:46:09', 1, 6),
(3746, 28, 2, '2025-04-13 08:00:00', 3, '2025-04-09 02:46:09', 3, '2025-04-09 02:46:09', 1, 6),
(3747, 28, 2, '2025-04-14 08:00:00', 3, '2025-04-09 02:46:09', 3, '2025-04-09 02:46:09', 1, 6),
(3748, 28, 2, '2025-04-15 08:00:00', 3, '2025-04-09 02:46:09', 3, '2025-04-09 02:46:09', 1, 6),
(3749, 28, 2, '2025-04-16 08:00:00', 3, '2025-04-09 02:46:09', 3, '2025-04-09 02:46:09', 1, 6),
(3750, 28, 2, '2025-04-17 08:00:00', 3, '2025-04-09 02:46:09', 3, '2025-04-09 02:46:09', 1, 6),
(3751, 28, 2, '2025-04-18 08:00:00', 3, '2025-04-09 02:46:09', 3, '2025-04-09 02:46:09', 1, 6),
(3752, 28, 2, '2025-04-19 08:00:00', 3, '2025-04-09 02:46:09', 3, '2025-04-09 02:46:09', 1, 6),
(3753, 28, 2, '2025-04-20 08:00:00', 3, '2025-04-09 02:46:09', 3, '2025-04-09 02:46:09', 1, 6),
(3754, 28, 2, '2025-04-21 08:00:00', 3, '2025-04-09 02:46:09', 3, '2025-04-09 02:46:09', 1, 6),
(3755, 28, 2, '2025-04-22 08:00:00', 3, '2025-04-09 02:46:09', 3, '2025-04-09 02:46:09', 1, 6),
(3756, 28, 2, '2025-04-23 08:00:00', 3, '2025-04-09 02:46:09', 3, '2025-04-09 02:46:09', 1, 6),
(3757, 28, 2, '2025-04-24 08:00:00', 3, '2025-04-09 02:46:09', 3, '2025-04-09 02:46:09', 1, 6),
(3758, 28, 2, '2025-04-25 08:00:00', 3, '2025-04-09 02:46:09', 3, '2025-04-09 02:46:09', 1, 6),
(3759, 28, 2, '2025-04-26 08:00:00', 3, '2025-04-09 02:46:09', 3, '2025-04-09 02:46:09', 1, 6),
(3760, 28, 2, '2025-04-27 08:00:00', 3, '2025-04-09 02:46:09', 3, '2025-04-09 02:46:09', 1, 6),
(3761, 28, 2, '2025-04-28 08:00:00', 3, '2025-04-09 02:46:09', 3, '2025-04-09 02:46:09', 1, 6),
(3762, 28, 2, '2025-04-29 08:00:00', 3, '2025-04-09 02:46:09', 3, '2025-04-09 02:46:09', 1, 6),
(3763, 28, 2, '2025-04-30 08:00:00', 3, '2025-04-09 02:46:09', 3, '2025-04-09 02:46:09', 1, 6);

-- --------------------------------------------------------

--
-- Table structure for table `taikhoan`
--

CREATE TABLE `taikhoan` (
  `MaND` int(11) NOT NULL,
  `TenDangNhap` varchar(50) NOT NULL,
  `MatKhau` varchar(100) NOT NULL,
  `TenND` varchar(200) NOT NULL,
  `Quyen` tinyint(4) NOT NULL
) ENGINE=InnoDB DEFAULT CHARSET=utf8 COLLATE=utf8_general_ci;

--
-- Dumping data for table `taikhoan`
--

INSERT INTO `taikhoan` (`MaND`, `TenDangNhap`, `MatKhau`, `TenND`, `Quyen`) VALUES
(3, 'admin', '$2y$10$lUctaWcCDsBuqUDMfOjrgurE38WXuChJYqmD3MTLOlsYYbzK5zkTS', 'Admin', 1),
(5, 'trongquy', '$2y$10$udXkVnqZ/JtkGM9gVV9YMOcP1uRtfp1HMw.j5jo.3L/xpIb.0Nq.G', 'Vy Trọng Qúy', 0),
(8, 'ngocphu', '$2y$10$tFQfZAG8mkXAhIGg6x5dR.6LSzEJHY2oYTQKu2kimxJoyXWrgZ.oq', 'Trương Ngọc Phú', 0),
(10, 'huuhoang', '$2y$10$tFQfZAG8mkXAhIGg6x5dR.6LSzEJHY2oYTQKu2kimxJoyXWrgZ.oq', 'Trần Hữu Hoàng', 0),
(11, 'minhkhoi', '$2y$10$tFQfZAG8mkXAhIGg6x5dR.6LSzEJHY2oYTQKu2kimxJoyXWrgZ.oq', 'Ninh Hoàng Minh Khôi', 0),
(12, 'vietanh', '$2y$10$tFQfZAG8mkXAhIGg6x5dR.6LSzEJHY2oYTQKu2kimxJoyXWrgZ.oq', 'Lê Huỳnh Việt Anh', 0),
(13, 'minhhuy', '$2y$10$tFQfZAG8mkXAhIGg6x5dR.6LSzEJHY2oYTQKu2kimxJoyXWrgZ.oq', 'Phạm Minh Huy', 0),
(15, 'nhanvien', '$2y$10$tFQfZAG8mkXAhIGg6x5dR.6LSzEJHY2oYTQKu2kimxJoyXWrgZ.oq', 'Nhân Viên', 2),
(22, 'vyquy633@gmail.com', '', '5405_Vy Trọng Quý', 0),
(23, 'trongquy029@gmail.com', '', '5405_Vy Trọng Quý', 0),
(24, 'nckh.edu.hutech777@gmail.com', '', 'Khoa Học 2024 Nghiên Cứu', 0),
(25, 'vantele', '$2y$10$b/HvnVUrh4vML7lyv1ViBeWtFAky3bPsrPGb10bZrMFBBVNRUMtm6', 'vante', 0),
(26, 'founderktt@gmail.com', '', 'Trọng Quý', 0),
(28, 'thanhtung', '$2y$10$pI6vHpRlOU24NzD6F5IT2.UVBXt2/re3vBDIQqDvnud4Q2GzolwDu', 'Nguyễn Thanh Tùng', 2),
(33, 'ngocphu2710', '$2y$10$fPvrHWroWxI4Du0gBfiga.K.O6xZR5JfGITcOpgg0NN5BexX8Y.FW', 'Trương Ngọc Phú', 0);

-- --------------------------------------------------------

--
-- Table structure for table `thamso`
--

CREATE TABLE `thamso` (
  `Id` int(11) NOT NULL,
  `TenThamSo` varchar(255) DEFAULT NULL,
  `DonViTinh` varchar(255) DEFAULT NULL,
  `GiaTri` varchar(255) DEFAULT NULL,
  `TrangThai` tinyint(1) NOT NULL
) ENGINE=InnoDB DEFAULT CHARSET=utf8 COLLATE=utf8_general_ci;

--
-- Dumping data for table `thamso`
--

INSERT INTO `thamso` (`Id`, `TenThamSo`, `DonViTinh`, `GiaTri`, `TrangThai`) VALUES
(2, 'Đơn', 'VNĐ', '79000', 1),
(3, 'Đôi', 'VNĐ', '180000', 1),
(4, 'VIP', 'VNĐ', '150000', 1),
(5, 'Silver', 'VNĐ', '2000000', 1),
(6, 'Gold', 'VNĐ', '4500000', 1),
(7, 'Platinum', 'VNĐ', '9000000', 1);

-- --------------------------------------------------------

--
-- Table structure for table `theloai`
--

CREATE TABLE `theloai` (
  `MaTheLoai` int(11) NOT NULL,
  `TenTheLoai` varchar(255) NOT NULL,
  `NguoiTao` int(11) DEFAULT NULL,
  `NgayTao` datetime DEFAULT NULL,
  `NguoiCapNhat` int(11) DEFAULT NULL,
  `NgayCapNhat` datetime DEFAULT NULL,
  `TrangThai` tinyint(1) DEFAULT NULL
) ENGINE=InnoDB DEFAULT CHARSET=utf8 COLLATE=utf8_general_ci;

--
-- Dumping data for table `theloai`
--

INSERT INTO `theloai` (`MaTheLoai`, `TenTheLoai`, `NguoiTao`, `NgayTao`, `NguoiCapNhat`, `NgayCapNhat`, `TrangThai`) VALUES
(42, 'Hành động', 3, '2024-11-15 16:27:51', 3, '2024-11-15 16:27:51', 1),
(43, 'Lịch sử', 3, '2024-11-15 16:27:51', 3, '2024-11-15 16:27:51', 1),
(44, 'Khoa học- viễn tưởng', 3, '2024-11-15 16:27:51', 3, '2024-11-15 16:27:51', 1),
(45, 'Tình cảm', 3, '2024-11-15 16:27:51', 3, '2024-11-15 16:27:51', 1),
(46, 'Hài', 3, '2024-11-15 16:27:51', 3, '2024-11-15 16:27:51', 1),
(47, 'Giật gân', 3, '2024-11-15 16:27:51', 3, '2024-11-15 16:27:51', 1),
(48, 'Kinh dị', 3, '2024-11-15 16:27:51', 3, '2024-11-15 16:27:51', 1),
(49, 'Tội phạm', 3, '2024-11-15 16:27:51', 3, '2024-11-15 16:27:51', 1),
(50, 'Phiêu lưu', 3, '2024-11-15 16:27:51', 3, '2024-11-15 16:27:51', 1),
(51, 'Cổ trang', 3, '2024-11-16 10:30:26', 3, '2024-11-16 10:30:26', 1),
(52, 'Hoạt Hình', 3, '2025-03-17 01:07:59', 3, '2025-03-17 01:07:59', 1),
(53, 'Thần Thoại', 3, '2025-03-17 01:22:00', 3, '2025-03-17 01:22:00', 1),
(54, 'Tài Liệu', 3, '2025-03-17 01:50:12', 3, '2025-03-17 01:50:12', 1),
(55, 'Tâm Lý', 3, '2025-03-17 01:55:09', 3, '2025-03-17 01:55:09', 1),
(56, 'Gia Đình', 3, '2025-03-25 20:37:12', 3, '2025-03-25 20:37:12', 1),
(57, 'Hồi Hộp', 3, '2025-03-25 21:01:31', 3, '2025-03-25 21:01:31', 1),
(58, 'Musical', 3, '2025-03-25 21:28:55', 3, '2025-03-25 21:28:55', 1),
(59, 'Drama', 3, '2025-03-28 22:27:07', 3, '2025-03-28 22:27:07', 1),
(61, 'DCM 1', 3, '2025-04-09 02:09:08', 3, '2025-04-09 02:09:12', 0),
(63, 'Đồ Án Kiểm Thử', 3, '2025-04-09 02:14:21', 3, '2025-04-09 02:21:01', 0);

--
-- Triggers `theloai`
--
DELIMITER $$
CREATE TRIGGER `before_delete_theloai` BEFORE DELETE ON `theloai` FOR EACH ROW BEGIN
    DELETE FROM TheLoai_Film WHERE MaTheLoai = OLD.MaTheLoai;
END
$$
DELIMITER ;

-- --------------------------------------------------------

--
-- Table structure for table `theloai_film`
--

CREATE TABLE `theloai_film` (
  `Id` int(11) NOT NULL,
  `MaTheLoai` int(11) DEFAULT NULL,
  `MaPhim` int(11) DEFAULT NULL
) ENGINE=InnoDB DEFAULT CHARSET=utf8 COLLATE=utf8_general_ci;

--
-- Dumping data for table `theloai_film`
--

INSERT INTO `theloai_film` (`Id`, `MaTheLoai`, `MaPhim`) VALUES
(124, 42, 41),
(125, 43, 41),
(126, 48, 42),
(127, 52, 42),
(128, 42, 43),
(129, 48, 43),
(130, 42, 44),
(131, 46, 44),
(132, 50, 44),
(133, 53, 44),
(134, 42, 45),
(135, 47, 45),
(136, 50, 45),
(137, 44, 46),
(138, 46, 46),
(139, 50, 46),
(140, 46, 47),
(141, 48, 48),
(142, 52, 49),
(143, 46, 50),
(144, 54, 51),
(145, 42, 52),
(146, 52, 52),
(147, 55, 52),
(148, 44, 53),
(149, 48, 54),
(150, 50, 55),
(151, 52, 55),
(152, 42, 56),
(153, 50, 56),
(154, 53, 56),
(155, 42, 57),
(156, 50, 57),
(157, 53, 57),
(158, 50, 58),
(159, 52, 58),
(160, 42, 59),
(161, 50, 59),
(162, 42, 60),
(163, 44, 60),
(164, 50, 60),
(165, 45, 61),
(166, 46, 61),
(167, 44, 62),
(168, 48, 62),
(169, 48, 63),
(170, 42, 64),
(171, 46, 64),
(172, 50, 64),
(173, 52, 64),
(174, 42, 65),
(175, 47, 65),
(176, 48, 66),
(177, 44, 67),
(178, 46, 67),
(179, 50, 67),
(180, 52, 67),
(181, 42, 68),
(182, 55, 68),
(183, 50, 69),
(184, 56, 69),
(185, 46, 71),
(186, 48, 71),
(187, 48, 72),
(188, 57, 72),
(189, 52, 74),
(190, 46, 75),
(191, 48, 75),
(192, 48, 76),
(193, 57, 76),
(194, 55, 77),
(195, 56, 77),
(196, 46, 78),
(197, 50, 78),
(198, 56, 78),
(199, 45, 79),
(200, 55, 79),
(201, 45, 80),
(202, 46, 80),
(203, 55, 80),
(204, 58, 82),
(205, 48, 83),
(206, 48, 84),
(207, 55, 84),
(208, 57, 84),
(209, 46, 85),
(210, 46, 86),
(211, 46, 87),
(212, 56, 87),
(215, 54, 88),
(216, 45, 89),
(217, 55, 89),
(218, 45, 90),
(219, 46, 90),
(220, 45, 91),
(221, 55, 91),
(224, 48, 31),
(225, 57, 31),
(226, 52, 93),
(227, 48, 94),
(228, 48, 95),
(229, 57, 95),
(231, 55, 96),
(232, 48, 97),
(233, 54, 97),
(234, 56, 97),
(235, 57, 97),
(236, 42, 98),
(237, 47, 98),
(238, 44, 99),
(239, 48, 99),
(240, 42, 100),
(241, 48, 101),
(242, 57, 101),
(243, 42, 102),
(244, 43, 102),
(245, 42, 103),
(246, 47, 103),
(247, 42, 104),
(248, 52, 104),
(249, 42, 105),
(250, 50, 105),
(251, 52, 105),
(252, 56, 105),
(253, 42, 107),
(254, 44, 107),
(255, 50, 107),
(256, 52, 37),
(257, 46, 108),
(258, 50, 108),
(259, 52, 108),
(260, 52, 109),
(261, 42, 110),
(262, 50, 110),
(263, 46, 111),
(264, 50, 111),
(265, 52, 111),
(266, 42, 112),
(267, 46, 112),
(268, 42, 113),
(269, 46, 114),
(270, 50, 114),
(271, 52, 114),
(272, 42, 115),
(273, 44, 115),
(274, 46, 115),
(275, 42, 116),
(276, 47, 116),
(277, 57, 116),
(278, 52, 117),
(279, 52, 118),
(280, 42, 29),
(281, 44, 29),
(282, 44, 34),
(283, 50, 34),
(284, 52, 34),
(285, 42, 28),
(286, 43, 28),
(287, 42, 30),
(288, 46, 30),
(289, 50, 30),
(290, 45, 38),
(291, 46, 38),
(292, 44, 119),
(293, 50, 119),
(294, 52, 119),
(295, 42, 120),
(296, 44, 120),
(297, 50, 120),
(298, 42, 121),
(299, 44, 121),
(300, 50, 121),
(301, 43, 122),
(302, 56, 122),
(303, 42, 123),
(304, 44, 123),
(305, 47, 123),
(306, 42, 124),
(307, 44, 124),
(308, 49, 124),
(309, 42, 125),
(310, 49, 125),
(311, 42, 126),
(312, 44, 126),
(313, 50, 126),
(314, 46, 127),
(315, 50, 127),
(316, 52, 127),
(317, 42, 128),
(318, 44, 128),
(319, 46, 128),
(320, 50, 128),
(321, 42, 129),
(322, 49, 129),
(323, 50, 130),
(324, 52, 130),
(325, 42, 131),
(326, 55, 131),
(327, 44, 132),
(328, 50, 132),
(329, 52, 132),
(330, 43, 133),
(331, 46, 133),
(332, 55, 133),
(333, 59, 133),
(334, 42, 134),
(335, 44, 134),
(336, 50, 134),
(337, 50, 135),
(338, 52, 135),
(339, 48, 136),
(340, 42, 137),
(341, 49, 137),
(342, 46, 138),
(343, 52, 138),
(344, 42, 139),
(345, 42, 140),
(346, 42, 141),
(347, 44, 141),
(348, 42, 142),
(349, 44, 142),
(350, 50, 142),
(351, 50, 143),
(352, 52, 143),
(353, 45, 144),
(354, 46, 144),
(355, 42, 145),
(356, 50, 146),
(357, 52, 146),
(358, 42, 147),
(359, 44, 147),
(360, 42, 148),
(361, 44, 148),
(362, 42, 149),
(363, 46, 149),
(364, 46, 150),
(365, 42, 151),
(366, 42, 152),
(367, 42, 153),
(368, 42, 154),
(369, 42, 155),
(370, 44, 155),
(371, 50, 155),
(372, 42, 156),
(373, 43, 156),
(374, 42, 157),
(375, 50, 157),
(376, 42, 159),
(377, 44, 159),
(378, 50, 160),
(379, 52, 160),
(380, 42, 161),
(381, 44, 161),
(382, 50, 161),
(383, 42, 162),
(384, 44, 162),
(385, 48, 162),
(386, 46, 163),
(387, 50, 163),
(388, 52, 163),
(389, 42, 164),
(390, 42, 165),
(391, 44, 165),
(392, 42, 166),
(393, 44, 166),
(394, 50, 166),
(395, 44, 167),
(396, 46, 167),
(397, 50, 167),
(398, 52, 168),
(399, 42, 169),
(400, 46, 169),
(401, 50, 169),
(402, 42, 170),
(403, 44, 170),
(404, 46, 171),
(405, 52, 171),
(406, 52, 172),
(407, 42, 173),
(408, 44, 173),
(409, 42, 174),
(410, 44, 174),
(411, 42, 175),
(412, 50, 175),
(413, 55, 175),
(414, 42, 176),
(415, 44, 176),
(416, 42, 177),
(417, 55, 177),
(418, 57, 177),
(419, 42, 178),
(420, 44, 178),
(421, 50, 178),
(422, 52, 179),
(423, 42, 180),
(424, 44, 180),
(425, 42, 181),
(426, 44, 181),
(427, 50, 182),
(428, 52, 182),
(432, 42, 183),
(433, 44, 183),
(434, 49, 183),
(435, 42, 184),
(436, 50, 184),
(437, 42, 185),
(438, 46, 185),
(439, 50, 185),
(440, 42, 186),
(441, 50, 186),
(442, 42, 187),
(443, 46, 187),
(444, 50, 187),
(445, 42, 188),
(446, 44, 188),
(447, 50, 188),
(448, 42, 189),
(449, 44, 189),
(450, 50, 189),
(451, 42, 190),
(452, 44, 190),
(453, 46, 190),
(454, 50, 190),
(455, 46, 191),
(456, 50, 191),
(457, 52, 191),
(458, 42, 192),
(459, 46, 192),
(460, 50, 192),
(461, 52, 192),
(462, 42, 193),
(463, 44, 193),
(464, 50, 193),
(465, 55, 193),
(466, 42, 194),
(467, 44, 194),
(468, 50, 194),
(469, 42, 195),
(470, 44, 195),
(471, 50, 195),
(472, 42, 196),
(473, 44, 196),
(474, 46, 197),
(475, 52, 197),
(476, 56, 197),
(477, 42, 198),
(478, 44, 198);

--
-- Indexes for dumped tables
--

--
-- Indexes for table `baiviet`
--
ALTER TABLE `baiviet`
  ADD PRIMARY KEY (`Id`),
  ADD KEY `FK_BaiViet_ChuDe` (`ChuDeBV`);

--
-- Indexes for table `chitietcombo`
--
ALTER TABLE `chitietcombo`
  ADD PRIMARY KEY (`MaCTCombo`),
  ADD KEY `FK_ChiTietCombo_HoaDon` (`MaHD`),
  ADD KEY `FK_ChiTietCombo_Combo` (`MaCombo`);

--
-- Indexes for table `chitiethoadon`
--
ALTER TABLE `chitiethoadon`
  ADD PRIMARY KEY (`MaCTHD`),
  ADD KEY `FK_ChiTietHoaDon_Ghe` (`MaGhe`),
  ADD KEY `FK_ChiTietHoaDon_HoaDon` (`MaHD`),
  ADD KEY `FK_ChiTietHoaDon_SuatChieu` (`MaSuatChieu`);

--
-- Indexes for table `chude`
--
ALTER TABLE `chude`
  ADD PRIMARY KEY (`Id`),
  ADD KEY `FK_ChuDe_Phim` (`MaPhim`);

--
-- Indexes for table `combo`
--
ALTER TABLE `combo`
  ADD PRIMARY KEY (`MaCombo`);

--
-- Indexes for table `ghe`
--
ALTER TABLE `ghe`
  ADD PRIMARY KEY (`MaGhe`),
  ADD KEY `FK_Ghe_Phong` (`MaPhong`);

--
-- Indexes for table `hoadon`
--
ALTER TABLE `hoadon`
  ADD PRIMARY KEY (`MaHD`),
  ADD KEY `FK_HoaDon_NguoiDung` (`MaND`);

--
-- Indexes for table `khuvuc`
--
ALTER TABLE `khuvuc`
  ADD PRIMARY KEY (`MaKhuVuc`);

--
-- Indexes for table `menu`
--
ALTER TABLE `menu`
  ADD PRIMARY KEY (`Id`);

--
-- Indexes for table `nguoidung`
--
ALTER TABLE `nguoidung`
  ADD PRIMARY KEY (`MaND`);

--
-- Indexes for table `phim`
--
ALTER TABLE `phim`
  ADD PRIMARY KEY (`MaPhim`);

--
-- Indexes for table `phong`
--
ALTER TABLE `phong`
  ADD PRIMARY KEY (`MaPhong`);

--
-- Indexes for table `rapchieuphim`
--
ALTER TABLE `rapchieuphim`
  ADD PRIMARY KEY (`MaRap`),
  ADD KEY `FK_RapChieuPhim_KhuVuc` (`MaKhuVuc`);

--
-- Indexes for table `slider`
--
ALTER TABLE `slider`
  ADD PRIMARY KEY (`Id`);

--
-- Indexes for table `suatchieu`
--
ALTER TABLE `suatchieu`
  ADD PRIMARY KEY (`MaSuatChieu`),
  ADD KEY `FK_SuatChieu_Phim` (`MaPhim`),
  ADD KEY `fk_MaPhong` (`MaPhong`),
  ADD KEY `fk_suatchieu_rapchieuphim` (`MaRap`);

--
-- Indexes for table `taikhoan`
--
ALTER TABLE `taikhoan`
  ADD PRIMARY KEY (`MaND`),
  ADD UNIQUE KEY `TenDangNhap` (`TenDangNhap`);

--
-- Indexes for table `thamso`
--
ALTER TABLE `thamso`
  ADD PRIMARY KEY (`Id`);

--
-- Indexes for table `theloai`
--
ALTER TABLE `theloai`
  ADD PRIMARY KEY (`MaTheLoai`);

--
-- Indexes for table `theloai_film`
--
ALTER TABLE `theloai_film`
  ADD PRIMARY KEY (`Id`),
  ADD KEY `FK_TheLoai_Film_Phim` (`MaPhim`),
  ADD KEY `FK_TheLoai_Film_TheLoai` (`MaTheLoai`);

--
-- AUTO_INCREMENT for dumped tables
--

--
-- AUTO_INCREMENT for table `baiviet`
--
ALTER TABLE `baiviet`
  MODIFY `Id` int(11) NOT NULL AUTO_INCREMENT, AUTO_INCREMENT=20;

--
-- AUTO_INCREMENT for table `chitietcombo`
--
ALTER TABLE `chitietcombo`
  MODIFY `MaCTCombo` int(11) NOT NULL AUTO_INCREMENT, AUTO_INCREMENT=72;

--
-- AUTO_INCREMENT for table `chitiethoadon`
--
ALTER TABLE `chitiethoadon`
  MODIFY `MaCTHD` int(11) NOT NULL AUTO_INCREMENT, AUTO_INCREMENT=404;

--
-- AUTO_INCREMENT for table `chude`
--
ALTER TABLE `chude`
  MODIFY `Id` int(11) NOT NULL AUTO_INCREMENT, AUTO_INCREMENT=10;

--
-- AUTO_INCREMENT for table `combo`
--
ALTER TABLE `combo`
  MODIFY `MaCombo` int(11) NOT NULL AUTO_INCREMENT, AUTO_INCREMENT=28;

--
-- AUTO_INCREMENT for table `ghe`
--
ALTER TABLE `ghe`
  MODIFY `MaGhe` int(11) NOT NULL AUTO_INCREMENT, AUTO_INCREMENT=420;

--
-- AUTO_INCREMENT for table `hoadon`
--
ALTER TABLE `hoadon`
  MODIFY `MaHD` int(11) NOT NULL AUTO_INCREMENT, AUTO_INCREMENT=136;

--
-- AUTO_INCREMENT for table `menu`
--
ALTER TABLE `menu`
  MODIFY `Id` int(11) NOT NULL AUTO_INCREMENT, AUTO_INCREMENT=17;

--
-- AUTO_INCREMENT for table `phim`
--
ALTER TABLE `phim`
  MODIFY `MaPhim` int(11) NOT NULL AUTO_INCREMENT, AUTO_INCREMENT=200;

--
-- AUTO_INCREMENT for table `phong`
--
ALTER TABLE `phong`
  MODIFY `MaPhong` int(11) NOT NULL AUTO_INCREMENT, AUTO_INCREMENT=16;

--
-- AUTO_INCREMENT for table `rapchieuphim`
--
ALTER TABLE `rapchieuphim`
  MODIFY `MaRap` int(11) NOT NULL AUTO_INCREMENT, AUTO_INCREMENT=66;

--
-- AUTO_INCREMENT for table `slider`
--
ALTER TABLE `slider`
  MODIFY `Id` int(11) NOT NULL AUTO_INCREMENT, AUTO_INCREMENT=35;

--
-- AUTO_INCREMENT for table `suatchieu`
--
ALTER TABLE `suatchieu`
  MODIFY `MaSuatChieu` int(11) NOT NULL AUTO_INCREMENT, AUTO_INCREMENT=3764;

--
-- AUTO_INCREMENT for table `taikhoan`
--
ALTER TABLE `taikhoan`
  MODIFY `MaND` int(11) NOT NULL AUTO_INCREMENT, AUTO_INCREMENT=34;

--
-- AUTO_INCREMENT for table `thamso`
--
ALTER TABLE `thamso`
  MODIFY `Id` int(11) NOT NULL AUTO_INCREMENT, AUTO_INCREMENT=9;

--
-- AUTO_INCREMENT for table `theloai`
--
ALTER TABLE `theloai`
  MODIFY `MaTheLoai` int(11) NOT NULL AUTO_INCREMENT, AUTO_INCREMENT=64;

--
-- AUTO_INCREMENT for table `theloai_film`
--
ALTER TABLE `theloai_film`
  MODIFY `Id` int(11) NOT NULL AUTO_INCREMENT, AUTO_INCREMENT=481;

--
-- Constraints for dumped tables
--

--
-- Constraints for table `baiviet`
--
ALTER TABLE `baiviet`
  ADD CONSTRAINT `FK_BaiViet_ChuDe` FOREIGN KEY (`ChuDeBV`) REFERENCES `chude` (`Id`) ON DELETE CASCADE;

--
-- Constraints for table `chitietcombo`
--
ALTER TABLE `chitietcombo`
  ADD CONSTRAINT `FK_ChiTietCombo_Combo` FOREIGN KEY (`MaCombo`) REFERENCES `combo` (`MaCombo`) ON DELETE CASCADE,
  ADD CONSTRAINT `FK_ChiTietCombo_HoaDon` FOREIGN KEY (`MaHD`) REFERENCES `hoadon` (`MaHD`) ON DELETE CASCADE;

--
-- Constraints for table `chitiethoadon`
--
ALTER TABLE `chitiethoadon`
  ADD CONSTRAINT `FK_ChiTietHoaDon_HoaDon` FOREIGN KEY (`MaHD`) REFERENCES `hoadon` (`MaHD`) ON DELETE CASCADE,
  ADD CONSTRAINT `FK_ChiTietHoaDon_SuatChieu` FOREIGN KEY (`MaSuatChieu`) REFERENCES `suatchieu` (`MaSuatChieu`) ON DELETE CASCADE;

--
-- Constraints for table `chude`
--
ALTER TABLE `chude`
  ADD CONSTRAINT `fk_chude_phim` FOREIGN KEY (`MaPhim`) REFERENCES `phim` (`MaPhim`) ON DELETE CASCADE;

--
-- Constraints for table `ghe`
--
ALTER TABLE `ghe`
  ADD CONSTRAINT `FK_Ghe_Phong` FOREIGN KEY (`MaPhong`) REFERENCES `phong` (`MaPhong`) ON DELETE CASCADE;

--
-- Constraints for table `hoadon`
--
ALTER TABLE `hoadon`
  ADD CONSTRAINT `FK_HoaDon_NguoiDung` FOREIGN KEY (`MaND`) REFERENCES `nguoidung` (`MaND`) ON DELETE CASCADE;

--
-- Constraints for table `nguoidung`
--
ALTER TABLE `nguoidung`
  ADD CONSTRAINT `fk_maND` FOREIGN KEY (`MaND`) REFERENCES `taikhoan` (`MaND`) ON DELETE CASCADE ON UPDATE CASCADE;

--
-- Constraints for table `rapchieuphim`
--
ALTER TABLE `rapchieuphim`
  ADD CONSTRAINT `FK_RapChieuPhim_KhuVuc` FOREIGN KEY (`MaKhuVuc`) REFERENCES `khuvuc` (`MaKhuVuc`) ON DELETE CASCADE ON UPDATE CASCADE;

--
-- Constraints for table `suatchieu`
--
ALTER TABLE `suatchieu`
  ADD CONSTRAINT `FK_SuatChieu_Phim` FOREIGN KEY (`MaPhim`) REFERENCES `phim` (`MaPhim`) ON DELETE CASCADE,
  ADD CONSTRAINT `fk_MaPhong` FOREIGN KEY (`MaPhong`) REFERENCES `phong` (`MaPhong`) ON DELETE CASCADE ON UPDATE CASCADE,
  ADD CONSTRAINT `fk_suatchieu_rapchieuphim` FOREIGN KEY (`MaRap`) REFERENCES `rapchieuphim` (`MaRap`),
  ADD CONSTRAINT `suatchieu_ibfk_1` FOREIGN KEY (`MaPhim`) REFERENCES `phim` (`MaPhim`);

--
-- Constraints for table `theloai_film`
--
ALTER TABLE `theloai_film`
  ADD CONSTRAINT `FK_TheLoai_Film_Phim` FOREIGN KEY (`MaPhim`) REFERENCES `phim` (`MaPhim`),
  ADD CONSTRAINT `FK_TheLoai_Film_TheLoai` FOREIGN KEY (`MaTheLoai`) REFERENCES `theloai` (`MaTheLoai`),
  ADD CONSTRAINT `theloai_film_ibfk_1` FOREIGN KEY (`MaTheLoai`) REFERENCES `theloai` (`MaTheLoai`),
  ADD CONSTRAINT `theloai_film_ibfk_2` FOREIGN KEY (`MaPhim`) REFERENCES `phim` (`MaPhim`);
COMMIT;

/*!40101 SET CHARACTER_SET_CLIENT=@OLD_CHARACTER_SET_CLIENT */;
/*!40101 SET CHARACTER_SET_RESULTS=@OLD_CHARACTER_SET_RESULTS */;
/*!40101 SET COLLATION_CONNECTION=@OLD_COLLATION_CONNECTION */;
